filiale,id_client,civilite,prenom,nom,date_naissance,sexe,langue_preferee,numero_voie,type_voie,nom_voie,orientation,appartement,ville,province_code,province_nom,code_postal,pays_code,courriel,telephone,id_contrat,type_contrat,date_debut,date_fin,statut_contrat,prime_annuelle,frequence_paiement,mode_paiement,agence_code,date_creation,date_modification,date_reclamation,montant_reclamation,reclamation_status
principal,CLI-00000281,Mme,Lucie,Roy,1961-03-31,F,fr,4682,chemin,des Tulipes,,245,Montréal,QC,Québec,H4A 9M3,CA,lr8985@yahoo.example,+1-468-555-0110,CTR-1000000281,auto,2020-07-16,2026-12-28,actif,1234.18,mensuelle,chèque,AG-PR-001,2020-07-08,2024-10-24,,,
principal,CLI-00000432,Mme,Suzanne,Taylor,1983-01-14,F,fr,518,rue,des Trois-Lacs,,405,Lévis,QC,Québec,G6V 8P2,CA,suz7058@outlook.example,+1-468-555-0160,CTR-1000000432,vie,2027-06-02,2021-11-27,actif,1123.69,mensuelle,prélèvement,AG-PR-003,2021-11-09,2021-11-22,,,
principal,CLI-00000538,Mme,Juliette,Michaud,1941-09-10,F,fr,2943,avenue,des Vents,,,Granby,QC,Québec,J2H 0H3,CA,jul45@gmail.example,+1-514-555-0122,CTR-1000000538,voyage,2016-09-30,2022-07-20,résilié,379.29,mensuelle,prélèvement,AG-PR-001,2016-09-16,2017-04-05,,,
principal,CLI-0000072,M.,Oliivier,Landry,1936-12-13,M,fr,6132,route,des Prairies,,519,Repentigny,QC,Québec,J5Y 2J3,CA,landry.olivier@outlook.example,+1-819-555-0100,CTR-1000000726,auto,2023-03-29,2027-05-07,actif,-744.79,mensuelle,prélèvement,AG-PR-004,2023-03-04,2024-06-01,,,
principal,CLI-00000892,Mme,Nicole,Tremblay,1943-04-16,F,fr,9307,chemin,des Ormes,,,Québec,QC,Québec,G2B 7V8,CA,nicoletremblay@hotmail.example,+1-873-555-0180,CTR-1000000892,voyage,2017-05-26,2018-11-19,résilié,241.17,mensuelle,prélèvement,AG-PR-004,2017-05-12,2019-10-29,,,
principal,CLI-00001006,M.,Luke,Pham,1979-07-29,M,en,2174,Street,Riverside,,,Winnipeg,MB,Manitoba,R3C 4S8,CA,lpham@outlook.example,+1-584-555-0162,CTR-1000001006,auto,2025-05-17,2026-07-30,expiré,695.97,mensuelle,prélèvement,AG-PR-008,2025-04-17,2026-06-07,2026-05-13,24940.92,rejeté
principal,CLI-00001095,M.,Émile,Lavoie,1996-03-27,M,fr,909,rue,du Lac,,358,Lévis,QC,Québec,G6V 8A4,CA,emile.lavoie@hotmail.example,+1-819-555-0164,CTR-1000001095,auto,2025-03-16,2027-01-30,actif,1144.35,annuelle,prélèvement,AG-PR-005,2025-02-28,2025-10-06,,,
principal,CLI-00001384,Mme,Catherine,Gagné,1958-01-22,F,fr,6362,promenade,des Geais-Bleus,Ouest,,Lévis,QC,Québec,G6W 9E4,CA,cgagne@gmail.example,+1-514-555-0127,CTR-1000001384,voyage,2018-07-30,,actif,433.12,mensuelle,prélèvement,AG-PR-001,2018-07-08,2026-01-16,,,
principal,CLI-00001430,M.,Jack,Chowdhury,1987-11-05,M,en,7641,Place,Pine,,,Toronto,ON,Ontario,M6G 7M3,CA,jack78@outlook.example,+1-519-555-0176,CTR-1000001430,habitation,2022-06-11,,actif,1509.17,mensuelle,prélèvement,AG-PR-001,2022-06-10,2023-02-24,,,
principal,CLI--00001642,Mme,Catherine,Caron,1981-09-04,F,fr,528,rue,de l'Aube,,,Montréal,QC,Québec,H4A 4S8,CA,catherinecaron@outlook.example,+1-354-555-0191,CTR-1000001642,voyage,2022-09-27,2027-05-13,actif,405.78,mensuelle,prélèvement,AG-PR-004,2022-09-11,2023-08-08,,,
principal,CLI-00001668,Mme,sofia,baker,1942-02-06,F,en,1544,Avenue,oak,,557,chateauguay,QC,quebec,J6J 3K7,CA,sofiabaker@icloud.example,+1-581-555-0134,CTR-1000001668,vie,2024-09-11,2027-07-11,actif,1043.75,mensuelle,prélèvement,AG-PR-006,2024-08-24,2026-04-01,,,
principal,CLI-00001783,Mme,Aria,Thompson,1995-03-16,F,en,876,Avenue,School,,,Ottawg,ON,Ontario,K1A 4T0,CA,thompson35@gmail.example,+1-613-555-0166,CTR-1000001783,auto,2017-07-01,2027-04-23,actif,672.10,annuelle,prélèvement,AG-PR-004,2017-06-04,2019-07-31,,,
principal,CLI-00001927,M.,Jean,Côté,1994-09-21,M,fr,2629,route,de la Traverse,Nord,991,Mnotréal,QC,Québec,H2X 4P4,CA,jeancote@icloud.example,+1-450-555-0100,CTR-1000001927,habitation,2021-02-26,2027-02-23,actif,2727.70,annuelle,chèque,AG-PR-007,2021-02-03,2022-11-27,,,
principal,CLI-00002289,M.,Maxime,Gagnon,1959-11-12,M,fr,5066,avenue,du Parc,,244,Québec,QC,Québec,G2B 5E5,CA,maximegagnon@gmail.example,+1-438-555-0158,CTR-1000002289,auto,2026-01-07,2026-12-24,actif,1428.63,mensuelle,prélèvement,AG-PR-001,2025-12-16,2026-02-28,,,
principal,CLI-00002347,M.,Émile,Rodriguez,1996-05-21,M,fr,2985,rue,des Saules,,283,Québec,QC,Québec,G2B 9H7,CA,emile.rodriguez@yahoo.example,+1-468-555-0152,CTR-1000002347,voyage,2023-02-16,,actif,652.13,mensuelle,prélèvement,AG-PR-004,2023-02-05,2026-02-01,,,
principal,CLI-00002991,M.,Michael,Walker,2001-11-15,M,en,9868,Way,Spring,,,Québec,QC,Québec,G2B 2E7,CA,michael_walker@hotmail.example,+1-468-555-0120,CTR-1000002991,vie,2025-08-01,2027-03-08,actif,2798.92,mensuelle,prélèvement,AG-PR-005,2025-08-01,2026-01-05,,,
principal,CLI-00003000,Mme,Marie,Patel,1979-11-10,F,fr,4453,rue,du Havre,,868,Québec,QC,Québec,G1V 4H0,CA,patel3205@yahoo.example,+1-581-555-0146,CTR-1000003000,habitation,2020-01-28,2027-03-15,actif,2147.32,mensuelle,prélèvement,AG-PR-006,2020-01-16,2022-09-15,,,
principal,CLI-00003159,Mme,Anne,Paquette,1943-03-15,F,fr,2897,croissant,du Moulin,,,Montréal,QC,Québec,H4A 3C2,CA,anne53@outlook.example,+1-450-555-0161,CTR-1000003159,auto,2024-12-20,2027-04-15,actif,1731.59,mensuelle,carte,AG-PR-007,2024-12-08,2026-02-09,,,
principal,CLI-00003200,M.,Sylvain,Silva,1966-09-14,M,fr,26,carré,des Lilas,,,Hamilton,ON,Ontario,L8S 1B2,CA,sylvain_silva@hotmail.example,+1-705-555-0160,CTR-1000003200,vie,2026-06-14,2027-05-14,actif,4319.82,mensuelle,prélèvement,AG-PR-003,2026-05-19,2026-06-08,,,
principal,CLI-00003271,M.,Jean-Philippe,Ouellet,1978-04-11,M,fr,6502,avenue,des Champs,Ouest,,Fredericton,NB,Nouveau-Brunswick,E3B 3G8,CA,jeanphilippe.ouellet@hotmail.example,+1-506-555-0151,CTR-1000003271,vie,2024-02-22,2026-11-10,actif,1253.03,mensuelle,prélèvement,AG-PR-001,2024-02-04,2025-05-28,,,
principal,CLI-00003322,M.,Dylan,Lewis,1972-12-22,M,en,6137,Street,Eastwood,,,Lévis,QC,Québec,G6V 6H6,CA,lewis.dylan@outlook.example,+1-819-555-0129,CTR-1000003322,voyage,2024-08-05,2027-02-17,actif,170.66,mensuelle,prélèvement,AG-PR-006,2024-07-13,2025-01-28,2026-05-21,4087.60,en_cours
principal,CLI-00003343,Mme,Élise,Lessard,1974-11-13,F,fr,8125,allée,du Havre,,791,Rouyn-Noranda,QC,Québec,J9X 3R5,CA,elise5813@gmail.example,+1-450-555-0138,CTR-1000003343,vie,2026-02-01,2026-09-03,expiré,1339.71,mensuelle,carte,AG-PR-008,2026-01-28,2026-08-24,,,
principal,CLI-00003589,M.,David,Young,1956-06-12,M,en,4660,Drive,Oak,,,Halifax,NS,Nouvelle-Écosse,B3H 5T8,CA,young.david@gmail.example,+1-782-555-0196,CTR-1000003589,habitation,2021-04-24,2027-04-30,actif,1434.05,mensuelle,prélèvement,AG-PR-001,2021-04-18,2022-02-03,,,
principal,CLI-00003877,Mme,Amelia,RRodriguez,1982-06-06,F,en,4876,Drive,Sunset,,,Charlottetown,PE,Île-du-Prince-Édouard,C1A 6Y7,CA,ameliar@hotmail.example,+1  902-555-0133,CTR-1000003877,vie,2024-10-16,2025-03-21,expiré,3445.21,mensuelle,prélèvement,AG-PR-005,2024-09-18,2024-11-13,,,
principal,CLI-00004217,M.,Maxime,Park,1995-07-24,M,fr,2639,rue,de l'Anse,,,Gatineau,QC,Québec,J8Y 8A0,CA,maxime72@proton.example,+1-418-555-0178,CTR-1000004217,habitation,2022-02-14,2026-11-10,actif,410.83,mensuelle,prélèvement,AG-PR-007,2022-01-15,2023-01-16,,,
principal,CLI-00004319,Mme,Sylvie,Leclerc,1946-04-14,F,fr,1280,boulevard,des Cèdres,,,Sherbroke,QC,Québec,J1K 4P1,CA,leclerc8560@gmail.example,+1-450-555-0194,CTR-1000004319,voyage,2021-05-13,2027-07-05,suspendu,219.04,mensuelle,prélèvement,AG-PR-003,2021-05-11,2023-08-21,,,
principal,CLI-00004325,Mme,Marie-Ève,Girard,1987-04-15,F,fr,9451,avenue,des Geais-Bleus,Nord,387,Trois-Rivières,QC,Québec,G8Z 7T7,CA,girard.marieeve@gmail.example,+1-450-555-0192,CTR-1000004325,voyage,2018-06-11,2022-12-06,expiré,173.96,mensuelle,prélèvement,AG-PR-001,2018-05-16,2020-11-29,,,
principal,CLI-00004391,M.,Patrick,Fortin,2005-08-03,M,fr,3886,chemin,du Belvédère,,268,Québec,QC,Québec,G2B 2C8,CA,patrick.fortin@yahoo.example,+1-579-555-0157,CTR-1000004391,habitation,2026-03-29,,actif,1215.95,mensuelle,prélèvement,AG-PR-002,2026-03-10,2026-06-22,,,
principal,CLI-00004746,M.,Luc,Cormier,1971-04-11,M,fr,9331,rue,de la Falaise,,,Montréal,QC,Québec,H4A 3B0,CA,luc.cormier@hotmail.example,+1-450-555-0182,CTR-1000004746,voyage,2019-02-13,2027-01-15,actif,701.18,annuelle,virement,AG-PR-002,2019-01-28,2021-11-27,,,
principal,CLI-00004965,Mme,Nova,Roberts,1977-05-13,F,en,3058,Street,Orchard,,,Mississauga,ON,Ontario,L5B 7J6,CA,roberts.nova@gmail.example,+1-343-555-0110,CTR-1000004965,vie,2025-03-07,2025-07-16,expiré,1585.39,mensuelle,virement,AG-PR-007,2025-02-12,2025-06-24,,,
principal,CLI-00005155,M.,Liam,Zhao,1956-10-19,M,en,8898,Boulevard,Parkside,,,Calgary,AB,Alberta,T3A 4X8,CA,liamzhao@outlook.example,+1-587-555-0111,CTR-1000005155,auto,2025-10-04,2026-06-03,expiré,655.05,mensuelle,prélèvement,AG-PR-005,2025-09-07,2026-02-12,,,
principal,CLI-00005160,Mme,,wilson,1960-01-16,F,fr,5133,croissant,des champs,,,montreal,QC,quebec,G9A 7E1,CA,laurence-wilson@gmail.example,+1-581-555-0173,CTR-1000005160,vie,2019-03-30,,actif,3075.67,mensuelle,prélèvement,AG-PR-001,2019-03-02,2021-10-17,,,
principal,CLI-00005248,Mme,Nathalie,Gonzalez,2005-10-23,F,fr,38,croissant,des Champs,,,Montréal,QC,Québec,H1A 9Z0,CA,nathalieg@gmail.example,+1-579-555-0176,CTR-1000005248,auto,2025-07-23,2026-12-15,actif,1541.02,annuelle,carte,AG-PR-002,2025-06-29,2025-06-30,,,
principal,CLI-00005854,M.,Gilles,Roy,2004-05-10,M,fr,8733,montée,du Belvédère,,,Saint-Jean-sur-Richelieu,QC,Québec,J3A 4V3,CA,gillesr@gmail.example,+1-581-555-0135,CTR-1000005854,vie,2024-10-21,2027-05-01,actif,2441.02,annuelle,carte,AG-PR-002,2024-09-24,2024-10-13,,,
principal,CLI-00005978,Mme,Catherine,Lopez,1981-12-11,F,fr,3666,boulevard,des Pionniers,Nord,,Lévis,QC,Québec,G6W 0G2,CA,clopez@hotmail.example,+1-581-555-0151,CTR-1000005978,voyage,2023-09-28,2024-03-28,expiré,209.40,mensuelle,prélèvement,AG-PR-006,2023-09-18,2023-11-07,,,
principal,CLI-00006042,Mme,Ava,Tremblay,1959-04-06,F,en,7740,Drive,Riverside,,892,Sorel-Tracy,QC,Québec,J3P 3J5,CA,atremblay@videotron.example,+1-514-555-0110,CTR-1000006042,auto,2021-11-05,2027-05-24,actif,1653.53,mensuelle,carte,AG-PR-001,2021-11-05,2025-06-18,,,
principal,CLI-00006479,Mme,Anne,Proulx,1988-06-10,F,fr,8102,rang,du Moulin,,,Drummondville,QC,Québec,J2C 1J8,CA,anne.proulx@gmail.example,+1-579-555-0113,CTR-1000006479,habitation,2024-08-10,2027-04-06,actif,2895.21,mensuelle,prélèvement,AG-PR-005,2024-07-30,2025-10-12,,,
principal,CLI-00006484,M.,Nathan,Simard,1963-12-31,M,fr,9359,avenue,du Plateau,Ouest,,Terrebonne,QC,Québec,J6X 2J0,CA,nathan_simard@proton.example,+1-418-555-0134,CTR-1000006484,habitation,2024-06-01,2027-03-16,actif,1793.92,mensuelle,prélèvement,AG-PR-002,2024-05-15,2025-03-08,,,
principal,CLI-00006839,Mme,Catherine,Hall,1965-06-17,F,fr,1170,impasse,des Vents,,,Shwinigan,QC,Québec,G9N 3B2,CA,hall07@outlook.example,+1-873-555-0113,CTR-1000006839,auto,2017-07-25,2027-02-14,actif,469.01,mensuelle,prélèvement,AG-PR-002,2017-07-06,2019-11-13,,,
principal,CLI-00006922,Mme,Valérie,Ouellet,2001-10-01,F,fr,5405,terrasse,des Pins,,856,Joliette,QC,Québec,J6E 8H6,CA,valerie.ouellet@hotmail.example,+1-581-555-0186,CTR-1000006922,voyage,2025-06-10,2026-11-14,actif,609.19,mensuelle,prélèvement,AG-PR-003,2025-05-29,2025-10-21,,,
principal,CLI-00006969,Mme,Anne-Marie,Tremblay,1996-07-29,F,fr,1459,rue,du Moulin,,500,Terrebonne,QC,Québec,J6X 9V2,CA,ann163@outlook.example,+1-581-555-0169,CTR-1000006969,auto,2024-12-23,2026-11-20,actif,328.94,mensuelle,prélèvement,AG-PR-001,2024-12-04,2026-06-20,2025-10-18,25200.13,fermé
principal,CLI-00007117,Mme,Charlotte,Leclerc,1939-08-18,F,fr,4215,avenue,des Hirondelles,,,Victoria,BC,Colombie-Britannique,V8V 9J1,CA,charlotte60@gmail.example,+1-778-555-0146,CTR-1000007117,habitation,2018-10-19,,actif,881.51,trimestrielle,chèque,AG-PR-002,2018-10-06,2021-03-16,,,
principal,CLI-00007225,Mme,Marie-Ève,Grenier,1968-04-10,F,fr,794,promenade,de la Côte-Verte,Ouest,354,Longueuil,QC,Québec,J4H 7S6,CA,grenier579@gmail.example,+1-873-555-0184,CTR-1000007225,voyage,2026-01-09,2027-03-03,actif,397.06,mensuelle,prélèvement,AG-PR-002,2025-12-16,2026-05-16,,,
principal,CLI-00007407,Mme,Valérie,Ho,1981-12-18,F,fr,485,avenue,du Mouwin,Est,,Drummondville,QC,Québec,J2E 1W6,CA,valerie2099@proton.example,+1-450-555-0129,CTR-1000007407,habitation,2018-01-27,,actif,1107.29,trimestrielle,prélèvement,AG-PR-006,2018-01-09,2019-12-29,,,
principal,CLI-00007511,Mme,Olivia,Cook,1959-07-31,F,en,7860,Court,Willow,West,332,Montréal,QC,Québec,H2X 0P7,CA,olivia.cook@outlook.example,+1-514-555-0137,CTR-1000007511,auto,2025-05-06,2027-05-15,actif,1805.84,mensuelle,prélèvement,AG-PR-001,2025-05-01,2025-05-09,2026-06-13,13463.64,rejeté
principal,CLI-00007720,Mme,Mélanie,Leblanc,2001-12-23,F,fr,7831,rue,des Tulipes,,587,Gatineau,QC,Québec,J8Y 1E0,CA,melanie_leblanc@outlook.example,+1-581-555-0114,CTR-1000007720,habitation,2022-07-01,,actif,1613.22,mensuelle,prélèvement,AG-PR-002,2022-06-19,2025-04-24,,,
principal,CLI-00008617,M.,André,Roy,2003-10-14,M,fr,756,rue,des Cèdres,,,Saguenay,QC,Québec,G7H 0J5,CA,andre.roy@proton.example,+1-263-555-0139,CTR-1000008617,habitation,2025-01-21,2027-02-20,actif,1087.06,semestrielle,prélèvement,AG-PR-002,2024-12-22,2026-08-25,,,
principal,CLI-00008702,M.,Oliver,Wright,1983-03-29,M,en,3089,Lane,Kingfisher,,642,Laval,QC,Québec,H7N 0P1,CA,oliver8129@hotmail.example,+1-418-555-0176,CTR-1000008702,auto,2024-02-09,2027-07-20,actif,1262.64,annuelle,virement,AG-PR-005,2024-01-20,2026-06-27,,,
principal,CLI-00008915,M.,Philippe,Lévesque,1972-04-14,M,fr,4274,montée,de la Vallée,,,Rimouski,QC,Québec,G5M 2V7,CA,philippe.levesque@gmail.example,+1-450-555-0133,CTR-1000008915,habitation,2020-05-15,2021-05-08,expiré,2267.81,mensuelle,prélèvement,AG-PR-001,2020-04-24,2020-05-22,,,
principal,CLI-00008918,M.,Charles,Paquette,1987-03-21,M,fr,6190,rue,de la Clairière,,317,Repentigny,QC,Québec,J6A 5W4,CA,charles.paquette@icloud.example,+1-819-555-0112,CTR-1000008918,vie,2016-11-20,2027-01-24,actif,1707.95,mensuelle,prélèvement,AG-PR-002,2016-11-01,2021-01-22,,,
principal,CLI-00008931,Mme,Aria,Clark,1978-09-08,F,en,3698,Road,Redwood,,,Halifax,NS,Nouvelle-Écosse,B3H 5R6,CA,aria.clark@videotron.example,+1-902-555-0157,CTR-1000008931,auto,2018-11-23,2027-05-29,actif,930.96,semestrielle,carte,AG-PR-003,2018-11-17,2021-04-08,2025-01-01,13721.04,fermé
principal,CLI-00008952,M.,Ezra,tilson,1978-02-11,M,en,6592,Avenue,Kingfisher,,55,Dollard-des-Ormeaux,QC,Québec,H9B 8C0,CA,ewilson@outlook.example,+1-438-555-0158,CTR-1000008952,habitation,2016-10-01,2027-01-27,actif,1264.88,annuelle,carte,AG-PR-001,2016-09-23,2017-07-24,,,
principal,CLI-00009506,M.,Michel,Leclerc,1968-11-25,M,fr,4699,boulevard,du Ruisseau,,,Brossard,QC,Québec,J4Y 2Y4,CA,michel.leclerc@outlook.example,+1-514-555-0111,CTR-100000950,voyage,2027-08-30,2017-11-01,actif,-476.05,mensuelle,prélèvement,AG-PR-004,2017-10-21,2023-04-27,,,
principal,CLI-00010296,Mme,Evelyn,Li,1996-09-28,F,en,8028,Road,Harbour,,155,Brampton,ON,Ontario,L6Y 0K9,CA,evelynli@hotmail.example,+1-705-555-0130,CTR-1000010296,auto,2022-03-12,2027-05-13,actif,1067.84,annuelle,carte,AG-ON-004,2022-02-15,2026-09-09,,,
principal,CLI-00010322,M.,Serge,Côté,2002-12-27,M,fr,8104,chemin,des Épinettes,,421,Terrebonne,QC,Québec,J6W 5Z6,CA,sergec@hotmail.example,+1-418-555-0192,CTR-1000010322,auto,2023-07-06,2025-09-20,expiré,637.58,semestrielle,chèque,AG-PR-001,2023-06-07,2025-10-21,2024-01-23,15301.03,fermé
principal,CLI-00010341,Mme,Evelny,Li,1969-03-17,F,en,8959,Highway,Westwood,,,Mississauga,ON,Ontario,J9P 7E3,CA,evelyn.li@hotmail.example,+1-613-555-0138,CTR--1000010341,habitation,2019-05-23,2021-06-27,résilié,1563.82,mensuelle,carte,AG-PR-005,2019-05-07,2024-01-09,,,
principal,CLI-00010458,Mme,Gabrielle,Bélanger,1948-12-08,F,fr,3547,avenue,du Parc,Nord,,Baie-Comeau,QC,Québec,G4Z 4R9,CA,gabrielle45@gmail.example,+1-450-555-0183,CTR-1000010458,habitation,2025-11-30,,actif,666.08,mensuelle,carte,AG-PR-002,2025-11-04,2026-04-27,,,
principal,CLI-00010838,M.,Charles,Savard,1962-10-13,M,fr,3337,avenue,des Érables,,578,Terrebonne,QC,Québec,J6X 0G4,CA,savard.charles@proton.example,+1-819-555-0103,CTR-1000010838,auto,2021-03-23,,actif,1426.93,mensuelle,prélèvement,AG-PR-003,2021-02-28,2024-06-24,,,
principal,CLI-00010897,M.,Dylan,Patel,1937-07-10,M,en,7862,Highway,School,,886,Charlottetown,PE,Île-du-Prince-Édouard,C1E 6M0,CA,dylan_patel@proton.example,+1-902-555-0102,CTR-1000010897,habitation,2022-05-14,2027-02-07,actif,1630.11,mensuelle,prélèvement,AG-PR-002,2022-05-09,2026-05-08,,,
principal,CLI-00010947,M.,Mason,Nelson,1978-02-15,M,en,7864,Boulevard,Sunset,South,231,Ottawa,ON,Ontario,K1P 4R1,CA,mnelson@gmail.example,+1-613-555-0113,CTR-1000010947,auto,2026-05-04,2027-02-02,actif,762.88,mensuelle,prélèvement,AG-PR-001,2026-04-07,2026-09-06,,,
principal,CLI-00010975,Mme,Luna,Côét,1970-03-12,F,en,8674,Parkway,Spring,North,648,Saskatoon,SK,Saskatchewan,S7K 9W3,ca,luna.cote@outlook.example,+1-306-555-0139,CTR-1000010975,vie,2023-12-13,2027-05-15,actif,1905.92,mensuelle,virement,AG-PR-005,2023-11-28,2026-07-04,,,
principal,CLI-00011060,Mme,Isabella,Wilson,1979-08-21,F,en,517,Street,Church,,432,Dollard-des-Ormeaux,QC,Québec,H9A 0B0,CA,isabella.wilson@outlook.example,+1-579-555-0140,CTR-1000011060,auto,2025-03-16,2026-12-04,actif,1052.03,semestrielle,carte,AG-PR-008,2025-03-04,2025-09-12,,,
principal,CLI-00011177,Mme,Véronique,Tremblay,1987-05-27,F,fr,4525,avenue,du Plateau,Sud,,Trois-Rivières,QC,Québec,G8Z 5G4,CA,tremblay.veronique@gmail.example,+1  579-555-0175,CTR-1000011177,habitation,2019-09-20,2027-02-25,actif,-1174.76,mensuelle,prélèvement,AG-PR-004,2019-09-14,2024-05-22,,,
principal,CLI-00011211,Mme,Stéphanie,Côté,1980-07-01,F,fr,5515,carré,des Prairies,Ouest,,Magog,QC,Québec,J1X 3M0,CA,scote@hotmail.example,+1-418-555-0149,CTR-1000011211,voyage,2023-04-22,2023-10-01,expiré,496.98,mensuelle,prélèvement,AG-PR-006,2023-03-31,2023-06-14,2023-09-01,19325.85,fermé
principal,CLI-00011468,Mme,Nathalie,Gagnon,1961-02-01,F,fr,6941,avenue,des Pins,,,Laval,QC,Québec,H7W 5S8,CA,nat031@gmail.example,+1-579-555-0177,CTR-1000011468,auto,2020-02-26,,actif,162.54,mensuelle,carte,AG-PR-005,2020-02-25,2022-01-23,,,
principal,CLI-00011540,Mme,Sarah-Maude,Ouellet,1968-11-08,F,fr,4807,allée,de la Falaise,,,Blainville,QC,Québec,J7C 0B4,CA,sarahmaude17@hotmail.example,+1-819-555-0147,CTR-1000011540,habitation,2026-06-20,2026-07-12,résilié,1597.70,trimestrielle,prélèvement,AG-PR-005,2026-06-13,2026-08-02,,,
principal,CLI-00011707,M.,Jean,Pelletier,1981-12-28,M,fr,3139,rue,du Ruisseau,Ouest,,Shawinigan,QC,Québec,G9N 7S3,CA,jea944@outlook.example,+1-418-555-0116,CTR-1000011707,habitation,2022-06-18,2023-02-01,expiré,2708.87,mensuelle,prélèvement,AG-PR-006,2022-05-22,2025-07-18,,,
principal,CLI-00012038,Mme,melanie,poirier,1995-03-27,F,fr,4994,chemin,des hirondelles,,530,alma,QC,quebec,G8B 5S9,CA,poirier.melanie@videotron.example,+1-418-555-0126,CTR-1000012038,voyage,2024-03-14,2025-06-03,expiré,290.73,mensuelle,prélèvement,AG-PR-001,2024-03-02,2025-05-23,,,
principal,CLI-00012242,M.,Daniel,Yamamoto,1988-06-02,M,fr,9502,avenue,des Pins,,,Laval,QC,Québec,H7N 5B4,CA,danielyamamoto@hotmail.example,+1-418-555-0144,CTR-1000012242,auto,2020-09-02,,actif,1055.83,mensuelle,prélèvement,AG-PR-002,2020-08-19,2022-09-20,,,
principal,CLI-00012374,Mme,Sophia,Girard,1999-11-16,F,en,6826,Street,Market,,423,Granby,QC,Québec,J2H 2K5,CA,sop794@hotmail.example,+1-418-555-0177,CTR-1000012374,habitation,2019-12-15,2027-08-12,actif,2476.01,annuelle,virement,AG-PR-001,2019-11-17,2020-10-09,,,
principal,CLI-00012386,M.,Stéphane,Lefebvre,1962-01-06,M,fr,1377,rue,des Sommets,,921,Trois-Rivières,QC,Québec,G8Z 7W4,CA,stephane.lefebvre@gmail.example,+1-514-555-0184,CTR-1000012386,auto,2018-04-27,,actif,371.71,semestrielle,prélèvement,AG-PR-003,2018-03-29,2020-04-14,,,
principal,CLI-00012418,M.,William,Adams,1940-04-20,M,en,9833,Avenue,Sunset,,486,Edmonton,AB,Alberta,T6G 5Y2,CA,williama@icloud.example,+1-587-555-0147,CTR-1000012418,auto,2023-11-02,2027-07-19,actif,2275.16,annuelle,virement,AG-PR-007,2023-10-31,2025-07-13,,,
principal,CLI-00012556,Mme,Emily,Chen,1991-03-12,F,en,837,Street,Cedar,,,Terrebonne,QC,Québec,J6W 2C0,CA,emily502@gmail.example,+1-438-555-0170,CTR-1000012556,habitation,2023-04-22,2027-02-25,actif,1384.78,mensuelle,carte,AG-PR-007,2023-04-06,2023-10-29,,,fermé
principal,CLI-00012619,M.,Sebastian,Wu,1986-09-25,M,en,8426,Street,Oak,,,Hamilton,ON,Ontario,L8S 4Z7,CA,sebastian4920@gmail.example,+1-705-555-0135,CTR-1000012619,voyage,2024-09-19,,actif,444.58,annuelle,prélèvement_X,AG-PR-001,2024-09-18,2025-07-26,,,
principal,CLI-00013056,Mme,Emily,Campbell,1999-07-21,F,en,2531,Terrace,Cedar,,879,Toronto,ON,Ontario,M5V 1W2,CA,campbell8575@yahoo.example,+1-905-555-0150,CTR-1000013056,habitation,2026-06-28,2026-12-07,actif,2341.63,mensuelle,virement,AG-PR-004,2026-05-29,2026-06-23,,,
principal,CLI-00013068,Mme,Alice,Roy,2006-04-15,F,fr,235,boulevard,de la Rivière,Sud,,Montréal,QC,Québec,H3G 0E2,CA,roy47@proton.example,+1-450-555-0109,CTR-1000013068,habitation,2024-07-09,,actif,3002.84,mensuelle,prélèvement,AG-PR-007,2024-06-24,2025-05-28,2024-07-28,56421.85,fermé
principal,CLI-00013301,M.,Émile,Fournier,1955-10-25,M,fr,5888,avenue,des Chênes,,,Québec,QC,Québec,G1R 8N8,CA,emile.fournier@outlook.example,+1-367-555-0122,CTR-1000013301,habitation,2023-04-22,2025-03-29,résilié,1626.48,mensuelle,virement,AG-PR-005,2023-04-21,2025-04-28,,,
principal,CLI-00013334,M.,Alain,Lavoie,1956-06-16,M,fr,4260,rue,de la Colline,,,Montréal,QC,Québec,H4A 9Y9,CA,alain.lavoie@gmail.example,+1-579-555-0159,CTR-1000013334,auto,2020-03-01,2026-10-30,actif,645.63,mensuelle,prélèvement,AG-PR-002,2020-02-24,2023-01-01,,,
principal,CLI-00013620,M.,Nicolas,Morin,1968-01-23,M,fr,7148,rue,des Champs,,,Québec,QC,Québec,G1V 6W9,CA,nicolas_morin@gmail.example,+1-819-555-0171,CTR-1000013620,habitation,2017-01-22,2023-02-11,expiré,2415.82,mensuelle,virement,AG-PR-001,2017-01-02,2019-06-25,,,
principal,CLI-00013664,Mme,Clara,Lavoie,2006-08-31,F,fr,3402,rue,des Épinettes,,,Gatineau,QC,Québec,J9A 1E2,CA,claralavoie@gmail.example,+1-450-555-0166,CTR-1000013664,auto,2026-07-10,2027-03-06,actif,2118.58,mensuelle,carte,AG-PR-007,2026-06-30,2026-07-01,2026-08-16,24978.40,fermé
principal,CLI-00013819,Mme,Amelia,Taylor,1999-01-21,F,en,6831,Boulevard,Seabreeze,,,Vancouver,BC,Colombie-Britannique,V6B 7B4,CA,ataylor@gmail.example,+1-604-555-0189,CTR-1000013819,auto,2017-06-19,2020-09-06,expiré,1713.85,annuelle,virement,AG-PR-001,2017-06-04,2026-08-06,,,
principal,CLI-00014381,M.,Jean-Philippe,St-Pierre,1994-08-21,M,fr,1044,place,du Belvédère,,,Québec,QC,Québec,G1V 3E8,CA,jeanphilippe.stpierre@yahoo.example,+1-873-555-0145,CTR-1000014381,auto,2021-08-18,,actif,846.25,annuelle,carte,AG-PR-005,2021-08-08,2022-03-03,,,
principal,CLI-00014486,Mme,Véronique,Savard,1997-07-16,F,fr,8636,boulevard,des Sapins,Nord,,Magog,QC,Québec,J1X 0E3,CA,veroniquesavard@gmail.example,+1-450-555-0146,CTR-1000014486,voyage,2017-10-09,2026-11-30,actif,285.02,mensuelle,prélèvement,AG-PR-005,2017-10-04,2025-09-02,,,
principal,CLI-00014527,M.,Gilles,Le,1979-05-28,M,fr,4099,autoroute,de l'Anse,,181,Repentigny,QC,Québec,J6A 1Y2,CA,gilles24@gmail.example,+1-438-555-0132,CTR-1000014527,voyage,2024-05-18,,actif,269.01,mensuelle,virement,AG-PR-006,2024-04-27,2026-02-16,2026-04-25,,en_cours
principal,CLI-00014530,Mme,Diane,Bergeron,2004-01-08,F,fr,8403,avenue,de la Rivière,,203,Laval,QC,Québec,H7W 6N4,CA,diane859@icloud.example,+1-514-555-0125,CTR-1000014530,auto,2025-05-25,2027-06-22,actif,924.97,mensuelle,carte,AG-PR-002,2025-05-10,2025-08-28,,,
principal,CLI-00014602,Mme,Stéphanie,Nguyen,1949-11-08,F,fr,5409,rue,des Cèdres,,,Rivière-du-Loup,QC,Québec,G5R 6W7,CA,stephanie2320@gmail.example,+1-819-555-0164,CTR-1000014602,habitation,2019-05-30,,actif,1838.70,mensuelle,prélèvement,AG-PR-007,2019-05-04,2025-09-28,,,
principal,CLI-00014804,M.,Jacques,St-Pirere,1997-03-12,M,fr,8719,boulevard,des Bouleaux,,,Saguenay,QC,Québec,G7H 6P8,CA,jacquesstpierre@gmail.example,+1-581-555-0100,CTR-1000014804,voyage,2024-11-06,2027-03-31,actif,609.91,mensuelle,prélèvement,AG-PR-002,2024-10-28,2025-01-20,,,
principal,CLI-00014828,M.,Benajmin,Wilson,1944-01-29,M,en,7556,Drive,Pine,,,Toronot,ON,Ontario,M4W 9Z4,CA,benjaminwilson@yahoo.example,+1-548-555-0117,CTR-1000014828,habitation,2020-12-09,2027-09-03,actif_X,2680.08,mensuelle,prélèvement,AG-PR-002,2020-11-13,2022-03-03,,,
principal,CLI-00015210,Mme,Nathalie,Lefebvre,1955-10-24,F,fr,8398,montée,des Cascades,,,Saint-Hyacinthe,QC,Québec,J2S 3E0,CA,nathalie376@outlook.example,+1-418-555-0157,CTR-1000015210,habitation,2017-09-30,2027-05-10,actif,2497.45,trimestrielle,carte,AG-PR-007,2017-09-20,2019-08-08,,,
principal,CLI-00015389,Mme,Rosalie,Morin,1981-05-26,F,fr,8815,boulevard,des Prairies,,81,Québec,QC,Québec,G2B 9V5,CA,rosalie.morin@hotmail.example,+1-579-555-0139,CTR-1000015389,habitation,2023-11-01,2027-05-20,actif,1652.20,mensuelle,prélèvement,AG-PR-001,2023-10-15,2026-05-13,,,
principal,CLI-00015409,M.,Robert,Brown,2003-10-31,M,fr,2896,route,du Sentier,,621,Saguenay,QC,Québec,G7H 4V5,CA,robert_brown@gmail.example,+1-514-555-0128,CTR-1000015409,habitation,2025-06-27,2027-09-06,actif,1208.53,mensuelle,prélèvement,AG-PR-002,2025-06-06,2026-02-02,,,
principal,CLI-00015468,M.,Simon,Parent,1980-08-08,M,fr,7835,chemin,de la Rivière,,,Alma,QC,Québec,G8B 8R6,CA,simon.parent@outlook.example,+1-514-555-0177,CTR-1000015468,voyage,2022-11-24,2023-02-26,résilié,538.39,mensuelle,prélèvement,AG-PR-001,2022-10-26,2024-01-21,,,
principal,CLI-00015501,M.,Marc-André,Bouchard,1947-12-20,M,fr,2927,chemin,du Belvédère,Nord,,Mascouche,QC,Québec,J7K 7W9,CA,bouchard.marcandre@gmail.example,+1-367-555-0194,CTR-1000015501,auto,2017-11-23,2027-02-02,actif,1108.06,mensuelle,prélèvement,AG-PR-008,2017-11-19,2026-07-06,2020-08-27,6403.63,ouvert
principal,CLI-00015673,Mme,Nicole,Ouellet,1992-06-17,F,fr,8366,rue,du Belvédère,,469,Sherbrooke,QC,Québec,J1H 8L9,CA,nicole_ouellet@outlook.example,+1-450-555-0130,CTR-1000015673,voyage,2018-03-11,2027-08-31,actif,261.85,annuelle,prélèvement,AG-PR-004,2018-03-06,2019-04-20,,,
principal,CLI-00015724,M.,Éric,Lapointe,1938-08-13,M,fr,1512,avenue,de l'Anse,,,Montréal,QC,Québec,H2X 2H6,CA,ericlapointe@gmail.example,+1-873-555-0140,CTR-1000015724,habitation,2023-05-09,2024-08-03,expiré,750.57,mensuelle,chèque,AG-PR-008,2023-05-03,2025-01-22,,,
principal,CLI-00015860,Mme,Nicole,Ahmed,1943-09-09,F,fr,239,avenue,du Parc,,,Moncton,NB,Nouveau-Brunswick,E1A 3L4,CA,ahmed8567@outlook.example,+1-506-555-0159,CTR-1000015860,voyage,2016-12-18,2027-02-12,actif,357.85,mensuelle,prélèvement,AG-PR-002,2016-11-20,2019-07-12,,,
principal,CLI-00016031,Mme,Violet,Rahman,1938-07-01,F,en,8806,Street,Foxglove,East,641,Calgary,AB,Alberta,T2P 3J3,CA,violet3788@hotmail.example,+1-403-555-0161,CTR-1000016031,habitation,2023-06-14,,actif,2096.77,mensuelle,prélèvement,AG-PR-008,2023-05-27,2026-03-05,,,
principal,CLI-00016152,M.,William,Evans,1971-06-26,M,fr,3118,rue,des Bouleaux,Sud,,Gatineau,QC,Québec,J9A 4E6,CA,williamevans@videotron.example,+1-438-555-0161,CTR-1000016152,habitation,2022-03-21,2025-09-25,résilié,2094.12,trimestrielle,virement,AG-PR-003,2022-03-11,2023-03-10,,,
principal,CLI-00016476,Mme,Sophie,Bélanger,1965-12-08,F,fr,2934,allée,des Mélèzes,,,Sherbrooke,QC,Québec,J1H 4X3,CA,sophiebelanger@yahoo.example,+1-438-555-0106,CTR-1000016476,voyage,2020-03-29,2020-08-24,expiré,557.82,mensuelle,carte,AG-PR-004,2020-03-07,2020-11-03,,,
principal,CLI-00016528,Mme,Louise,Bergeron,1988-06-01,F,fr,3040,boulevard,du Rocher,Est,913,Montréal,QC,Québec,H2X 2M2,CA,louise.bergeron@outlook.example,+1-450-555-0121,CTR-1000016528,habitation,2019-12-05,,actif,1152.46,mensuelle,prélèvement,AG-PR-007,2019-11-23,2024-12-12,,,
principal,CLI-00016690,Mme,Anne,Turcotte,2002-10-08,F,fr,4996,route,des Cèdres,Est,,Mirabel,QC,Québec,J7J 8T0,CA,aturcotte@videotron.example,+1-579-555-0183,CTR-1000016690,vie,2024-04-01,2025-04-05,résilié,1245.41,mensuelle,prélèvement,AG-PR-007,2024-03-14,2026-04-08,,,
principal,CLI-00016748,Mme,Ava,Murphy,2002-07-24,F,en,9667,Road,Highland,,,Halifax,NS,Nouvelle-Écosse,B3H 4A4,CA,avam@icloud.example,+1-782-555-0160,CTR-1000016748,habitation,2023-11-21,2025-07-08,expiré,1880.99,annuelle,virement,AG-PR-001,2023-10-30,2024-09-07,,,
principal,CLI-00016766,Mme,Monique,Gagnon,1991-10-13,F,fr,7879,rue,de la Falaise,,74,Saguenay,QC,Québec,G7J  0N0,CA,monique.gagnon@rogers.example,+1-581-555-0117,CTR-1000016766,vie,2018-03-09,2024-08-25,résilié,-765.26,mensuelle,prélèvement,AG-PR-001,2018-02-07,2025-02-28,,,
principal,CLI-00017066,M.,Logan,Anderson,1949-04-24,M,en,8905,Place,Hillcrest,,,Winnipeg,MB,Manitoba,R3T 7L3,CA,logananderson@outlook.example,+1-204-555-0110,CTR-1000017066,habitation,2024-05-03,2026-08-17,résilié,3304.44,mensuelle,carte,AG-PR-002,2024-04-24,2025-01-11,,,
principal,CLI-00017191,Mme,Luna,Pham,1972-01-26,F,en,206,Circle,Willow,,,Granby,QC,Québec,J2H 7L8,CA,lpham@hotmail.example,+1-418-555-0150,CTR-1000017191,auto,2024-01-17,2024-06-23,résilié,1451.93,annuelle,prélèvement,AG-PR-004,2024-01-01,2025-04-11,,,
principal,CLI-00017209,Mme,Nicole,Tremblay,1991-05-11,F,fr,4583,chemin,des Bouleaux,,649,Gatineau,QC,Québec,J9A 1Y9,CA,nicole.tremblay@gmail.example,+1-514-555-0122,CTR-1000017209,vie,2022-11-27,2024-03-19,expiré,1067.06,mensuelle,prélèvement,AG-PR-004,2022-11-04,2025-08-17,2023-11-18,149578.99,fermé
principal,CLI-00017225,M.,Pierre,Leblanc,1965-02-08,M,fr,3427,croissant,du Belvédère,,,Laval,QC,Québec,H7N 3E8,CA,pierre22@outlook.example,+1-514-555-0168,CTR-1000017225,habitation,2017-04-28,2018-12-17,expiré,2138.62,mensuelle,virement,AG-PR-001,2017-04-25,2017-11-24,,,
principal,CLI-00017304,M.,Liam,Wright,1959-05-08,M,en,1141,Terrace,Valleyview,,,Longueuil,QC,Québec,J4K 4H6,CA,liam829@hotmail.example,+1-819-555-0183,CTR-1000017304,vie,2024-03-22,2027-02-26,actif,1721.63,mensuelle,virement,AG-PR-001,2024-03-12,2026-03-05,,,
principal,CLI-00017475,M.,Jean-François,Côté,1996-01-02,M,fr,5016,boulevard,du Rocher,Est,809,Sept-Îles,QC,Québec,G4R 5V4,CA,jeanfrancois.cote@videotron.example,+1-468-555-0194,CTR-1000017475,auto,2019-05-02,2027-05-02,actif,780.67,semestrielle,chèque,AG-PR-007,2019-04-02,2019-12-30,,,
principal,CLI-00017509,M.,Robert,Lévesque,1973-07-22,M,fr,8239,place,des Deux-Rivières,,,Montréal,QC,Québec,H1A 2S8,CA,levesque050@gmail.example,+1-263-555-0155,CTR-1000017509,habitation,2021-04-29,2026-11-23,actif,1021.70,mensuelle,carte,AG-PR-006,2021-04-16,2023-02-27,,,
principal,CLI-00018009,Mme,Catherine,Beaulieu,1961-05-09,F,fr,5695,rue,des Érables,,,Montréal,QC,Québec,H2X 5H6,CA,cbeaulieu@gmail.example,+1-418-555-0103,CTR-1000018009,vie,2018-02-08,2027-06-29,actif,2448.54,annuelle,prélèvement,AG-PR-005,2018-01-13,2020-11-07,,,
principal,CLI-00018057,Mme,Isla,Cox,1962-09-18,F,en,615,Street,Orchard,,,Québec,QC,Québec,G1R 8G4,CA,isla.cox@gmail.example,+1-418-555-0193,CTR-1000018057,habitation,2017-05-09,2026-10-19,actif,1996.82,mensuelle,chèque,AG-PR-007,2017-04-19,2024-01-30,,,
principal,CLI-00018070,M.,Sebastian,Mitchell,1954-01-01,M,en,1517,Avenue,Maple,,,Gatineau,QC,Québec,J8Y 9Y2,CA,sebastian-mitchell@proton.example,+1-819-555-0118,CTR-1000018070,auto,2021-11-19,2027-01-29,actif,461.18,annuelle,carte,AG-PR-002,2021-10-29,2024-04-28,2024-07-05,20748.74,fermé
principal,CLI-00018122,Mme,Ellie,Wright,1955-05-28,F,en,2685,Avenue,Northgate,,,Toronto,ON,Ontario,M4W 2K2,CA,ellie085@gmail.example,+1-519-555-0168,CTR-1000018122,habitation,2024-06-06,,suspendu,1700.19,mensuelle,chèque,AG-PR-001,2024-05-31,2025-07-19,,,
principal,CLI-00018252,M.,Denis,Gagné,1952-06-30,M,fr,1773,chemin,de l'Aube,,,Rimouski,QC,Québec,G5M 5T8,CA,gagne2504@outlook.example,+1-819-555-0114,CTR-1000018252,vie,2023-11-09,,actif,352.51,mensuelle,prélèvement,AG-PR-001,2023-10-31,2026-01-02,,,
principal,CLI-00018306,Mme,Sofia,Phillips,1971-12-26,F,en,5885,Street,Riverside,,,Lévis,QC,Québec,G6V 0M5,CA,sofia.phillips@gmail.example,+1-438-555-0101,CTR-1000018306,habitation,2022-01-11,,actif,1148.31,mensuelle,prélèvement,AG-PR-001,2021-12-12,2024-10-14,,,
principal,CLI-00018462,Mme,Rosalie,Pham,1988-08-04,F,fr,8368,rue,des Peupliers,,,Blainville,QC,Québec,J7C 8K9,CA,rosaliepham@rogers.example,+1-819-555-0100,CTR-1000018462,voyage,2023-05-07,2026-10-20,actif,71.21,mensuelle,carte,AG-PR-002,2023-04-14,2026-08-19,,,
principal,CLI-00018943,M.,Jack,Ali,1965-08-30,M,en,5977,Drive,Birch,West,705,Brossard,QC,Québec,J4X 5T7,CA,jack6137@gmail.example,+1-514-555-0127,CTR-1000018943,habitation,2022-06-13,2027-03-11,actif,2288.22,mensuelle,carte,AG-PR-001,2022-05-30,2026-01-16,,,
principal,CLI-00018969,M.,Patrick,Nguyen,1945-04-28,M,fr,731,boulevard,des Geais-Bleus,,,Trois-Rivières,QC,Québec,G8Z 3P3,CA,patrick8510@proton.example,+1-418-555-0165,CTR-1000018969,auto,2026-01-03,2026-09-16,expiré,522.29,trimestrielle,carte,AG-PR-003,2025-12-08,2026-03-29,,,
principal,CLI-00019010,M.,David,Adams,1965-12-29,M,en,7902,Lane,Mill,,550,Winnipeg,MB,Manitoba,R3T 8S4,CA,david.adams@gmail.example,+1-431-555-0141,CTR-1000019010,auto,2024-09-19,2027-08-28,actif,1949.94,annuelle,prélèvement,AG-PR-006,2024-08-23,2026-02-02,2024-12-27,26552.97,fermé
principal,CLI-00019212,M.,Alexis,Nguyen,1951-04-07,M,fr,5736,chemin,des Pins,,451,Montréal,QC,Québec,H1A 9J6,CA,anguyen@hotmail.example,+1-450-555-0180,CTR-1000019212,auto,2018-08-10,2027-04-21,actif,741.15,mensuelle,prélèvement,AG-PR-003,2018-07-22,2026-05-11,,,
principal,CLI-00019216,M.,André,Leblanc,1946-06-23,M,fr,2162,rue,des Pins,Sud,,Terrebonne,QC,Québec,J6W 7G8,CA,andre.leblanc@hotmail.example,+1-579-555-0132,CTR-1000019216,voyage,2022-09-11,2027-07-13,actif,279.88,annuelle,prélèvement,AG-PR-004,2022-08-30,2025-10-28,,,
principal,CLI-00019362,M.,Mateo,Baker,1992-10-29,M,en,6070,Court,Mountainview,North,,Vancouver,BC,Colombie-Britannique,V5K 8H8,CA,baker.mateo@hotmail.example,+1-604-555-0151,CTR-1000019362,habitation,2023-11-07,2027-04-02,actif,1112.54,mensuelle,virement,AG-PR-002,2023-10-19,2026-06-13,,,
principal,CLI-00019474,M.,Louis,Tremblay,1978-08-08,M,fr,4528,croissant,du Ruisseau,,,Montréal,QC,Québec,H3G 1Z5,CA,lou438@hotmail.example,+1-579-555-0156,CTR-1000019474,voyage,2025-09-23,2026-11-28,actif,171.82,mensuelle,carte,AG-PR-005,2025-09-03,2025-10-08,,,
principal,CLI-00019523,Mme,Ava,Walker,2006-10-10,F,en,9735,Court,Forest,East,,Sherbrooke,QC,Québec,J1H 7L4,CA,ava354@hotmail.example,+1-873-555-0177,CTR-1000019523,voyage,2025-05-25,2025-11-14,expiré,305.11,annuelle,carte,AG-PR-001,2025-05-10,2025-09-11,,,
principal,CLI--00019558,M.,Philippe,Tremblay,1975-05-21,M,fr,2190,croissant,du Marché,,,Québec,qc,Québec,G2B 9J0,CA,ptremblay@videotron.example,+1-581-555-0111,CTR-1000019558,auto,2021-12-16,2026-11-02,actif,1977.71,mensuelle,carte,AG-PR-002,2021-11-20,2022-03-08,,,
principal,CLI-00019894,M.,Noah,Taylor,1958-03-08,M,en,1470,Road,Willow,,914,Mirabel,QC,Québec,J7J 7G6,CA,noah_taylor@bell.example,+1-819-555-0167,CTR-1000019894,auto,2017-11-09,2027-08-24,actif,926.82,mensuelle,carte,AG-PR-002,2017-11-09,2022-08-17,,,
principal,CLI-00020184,M.,Matthew,Hall,1984-03-03,M,en,944,Boulevard,Northgate,,,Edmonton,AB,Alberta,T6G 3N1,CA,matthew.hall@hotmail.example,+1-403-555-0103,CTR-1000020184,habitation,2022-02-04,2027-03-17,actif,576.89,annuelle,prélèvement,AG-PR-002,2022-01-24,2024-05-16,,,
principal,CLI-00020300,M.,Sebastian,Li,1980-04-16,M,en,7381,Street,Hillcrest,,,Red Deer,AB,Alberta,T4N 8H7,CA,sebastianli@hotmail.example,+1-780-555-0131,CTR-1000020300,voyage,2024-05-15,,actif,335.08,mensuelle,prélèvement,AG-PR-004,2024-05-04,2025-10-07,,,
principal,CLI-00020383,Mme,Sophia,Lewis,1949-12-17,F,en,8659,Crescent,Cedar,,,Calgary,AB,Alberta,T2P 1L8,CA,lewis2515@gmail.example,+1-403-555-0142,CTR-1000020383,vie,2022-01-09,,actif,1001.59,mensuelle,prélèvement,AG-PR-003,2021-12-12,2024-10-20,,,
principal,CLI-00020398,Mme,Sophie,Morin,1993-07-11,F,fr,7072,route,du Marais,,,Mirabel,QC,Québec,J7J 6E6,CA,smorin@hotmail.example,+1-450-555-0116,CTR-1000020398,habitation,2025-12-01,2026-03-11,expiré,2460.61,trimestrielle,prélèvement,AG-PR-002,2025-12-01,2026-08-06,,,
principal,CLI-00020624,Mme,Nathalie,Cloutier,1985-01-05,F,fr,8275,avenue,des Frênes,,,Saint-Hyacinthe,QC,Québec,J2R 3T0,CA,nc3992@gmail.example,+1-438-555-0128,CTR-1000020624,auto,2021-10-16,2026-12-13,actif,1293.27,trimestrielle,prélèvement,AG-PR-002,2021-10-01,2025-06-16,,,
principal,CLI-00021075,Mme,Marie,Nguyen,1948-11-28,F,fr,3208,rang,des Pionniers,,,Grand Sudbury,ON,Ontario,P3E 3E9,CA,marienguyen@icloud.example,+1-289-555-0189,CTR-1000021075,vie,2018-03-25,2020-12-19,expiré,2232.36,mensuelle,prélèvement,AG-PR-004,2018-02-23,2024-09-15,,,
principal,CLI-00021151,Mme,Julie,Beaulieu,1998-01-21,F,fr,3383,terrasse,des Cèdres,,,Mirabel,QC,Québec,J7N 9P8,CA,julie.beaulieu@icloud.example,+1-819-555-0127,CTR-1000021151,vie,2021-12-29,2027-06-30,actif,1803.13,trimestrielle,carte,AG-PR-008,2021-12-18,2025-02-14,,,
principal,CLI-00021268,M.,Émile,Landry,1938-06-01,M,fr,4799,avenue,des Trilliums,,186,Gatineau,QC,Québec,J8X 6L6,CA,emi6286@videotron.example,+1-514-555-0123,CTR-1000021268,auto,2020-08-02,2027-07-02,actif,1499.13,mensuelle,carte,AG-PR-004,2020-08-02,2024-02-07,,,
principal,CLI-00021456,Mme,Noémie,Li,2004-11-18,F,fr,1843,côte,des Frenes,,466,Granby,QC,Québec,J2J 6N8,CA,noe807@hotmail.example,+1-819-555-0163,CTR-1000021456,voyage,2024-08-26,,actif,367.87,mensuelle,chèque,AG-PR-002,2024-08-11,2026-05-29,,,fermé
principal,CLI-00021799,M.,Jacob,Ouellet,1979-11-08,M,fr,5479,rue,des Pins,,,Laval,QC,Québec,H7W 0P9,CA,jacob64@gmail.example,+1-819-555-0196,CTR-1000021799,habitation,2022-12-02,2027-06-01,actif,1102.28,mensuelle,prélèvement,AG-PR-002,2022-11-30,2024-06-19,,,
principal,CLI-00021833,Mme,Elizabeth,Young,1971-07-14,F,en,9648,Way,Highland,West,161,Edmonton,AB,Alberta,T5J 2V3,CA,elizabethyoung@outlook.example,+1-780-555-0143,CTR-1000021833,voyage,2023-05-03,2027-03-30,actif,259.55,trimestrielle,prélèvement,AG-PR-001,2023-04-14,2025-03-11,,,
principal,CLI-00022025,Mme,Gabrielle,Dubé,1942-06-29,F,fr,728,rue,des Frênes,,610,Mascouche,QC,Québec,J7K 8L9,CA,dube.gabrielle@yahoo.example,+1-514-555-0153,CTR-1000022025,habitation,2018-12-30,2027-02-05,suspendu,1834.74,mensuelle,prélèvement,AG-PR-002,2018-12-08,2023-12-13,,,
principal,CLI-00022069,Mme,Nova,Taylor,1983-06-21,F,en,9776,Place,Valleyview,,,Winnipeg,MB,Manitoba,R3T 3L0,CA,nova.taylor@gmail.example,+1-204-555-0194,CTR-1000022069,habitation,2020-04-28,2025-05-18,résilié,1810.06,mensuelle,prélèvement,AG-PR-007,2020-04-25,2024-08-25,,,
principal,CLI-00022097,Mme,Audrey,Vachon,1975-06-30,F,fr,3007,rue,des Lilas,,,Longueuil,QC,Québec,J4K 5Y7,CA,vachon98@gmail.example,+1-581-555-0165,CTR-1000022097,auto,2022-08-21,,actif,639.13,mensuelle,virement,AG-PR-003,2022-08-06,2022-11-09,,,
principal,CLI-00022272,Mme,Nathalie,Simard,1953-07-27,F,fr,9519,autoroute,des Prairies,,,Lethbridge,AB,Alberta,T1J 7J2,CA,nathalie259@proton.example,+1-403-555-0177,CTR-1000022272,auto,2023-06-07,2027-04-11,actif,1266.33,annuelle,carte,AG-PR-008,2023-05-19,2025-03-22,,,
principal,CLI-00022383,Mme,Stéphanie,Bouchard,1961-12-17,F,fr,7917,promenade,des Mélèzes,,,Sorel-Tracy,QC,Québec,J3R 4V2,CA,stephanie398@icloud.example,+1-418-555-0127,CTR-1000022383,vie,2025-04-03,2026-12-11,suspendu,2924.34,trimestrielle,prélèvement,AG-PR-001,2025-03-22,2025-07-12,,,
principal,CLI-00022405,Mme,Audrey,Gauthier,2005-04-16,F,fr,4551,rue,des Deux-Rivières,Sud,,Magog,QC,Québec,J1X 2H8,CA,audreygauthier@videotron.example,+1-438-555-0195,CTR-1000022405,auto,2023-08-18,2024-10-13,expiré,2259.25,mensuelle,prélèvement,AG-PR-001,2023-07-31,2023-11-28,2024-09-06,,en_cours
principal,CLI-00022495,M.,Gilles,Gagnon,1939-09-25,M,fr,4550,terrasse,des Pionniers,,,Mascouche,QC,Québec,J7K 4C5,CA,ggagnon@bell.example,+1-367-555-0199,CTR-1000022495,habitation,2022-08-04,2027-08-03,actif,2283.66,annuelle,prélèvement,AG-PR-001,2022-07-12,2026-05-09,2022-12-27,,en_cours
principal,CLI-00022707,Mme,Léa,Dubé,1945-02-13,F,fr,7074,place,des Bouleaux,,,Montréal,QC,Québec,H1A 0Z3,CA,lea.dube@hotmail.example,+1-514-555-0147,CTR-1000022707,auto,2022-09-17,,actif,1720.33,mensuelle,carte,AG-PR-004,2022-09-04,2024-03-28,,,
principal,CLI-00023237,Mme,Mia,Phillips,1962-11-02,F,en,1127,Avenue,Meadow,,,Dollard-des-Ormeaux,QC,Québec,H9A 7J6,CA,mia.phillips@icloud.example,+1-418-555-0106,CTR-1000023237,habitation,2019-06-30,,actif,3046.75,mensuelle,carte,AG-PR-003,2019-06-22,2019-08-29,,,
principal,CLI-00023344,M.,Olivier,Leclerc,2002-04-26,M,fr,6587,rang,du Ruisseau,,,Lévis,SK,Saskatchewan,G6W 9E8,CA,olivierleclerc@yahoo.example,+1-514-555-0160,CTR-1000023344,voyage,2024-06-15,2027-07-27,actif,446.35,annuelle,prélèvement,AG-PR-005,2024-05-26,2025-05-26,,,
principal,CLI-00023455,Mme,Sophia,Lewis,1979-10-18,F,en,9406,Street,Pine,North,,Montréal,QC,Québec,H3G 2M8,CA,sop986@gmail.example,+1-418-555-0136,CTR-1000023455,habitation,2022-05-05,,actif,2287.33,mensuelle,prélèvement,AG-PR-006,2022-04-07,2022-08-29,,,
principal,CLI-00023509,Mme,Isabelle,Poulin,2006-09-21,F,fr,7772,rue,du Parc,Est,,Montréal,QC,Québec,H2X 2W7,CA,isabelle.poulin@outlook.example,+1-450-555-0127,CTR-1000023509,auto,2025-08-20,2025-09-02,expiré,614.67,mensuelle,virement,AG-PR-001,2025-07-23,2025-09-26,,,
principal,CLI-00023512,M.,Hugo,Tremblay,1952-08-31,M,fr,6396,rang,des Chênes,,718,Montréal,QC,Québec,H4A 3Z4,CA,hugo.tremblay@yahoo.example,+1-263-555-0128,CTR-1000023512,auto,2022-12-27,2026-08-13,expiré,993.39,annuelle,prélèvement,AG-PR-002,2022-11-28,2024-06-07,,,
principal,CLI-00024133,Mme,Sophie,Gauthier,1969-05-01,F,fr,1158,boulevard,des Hirondelles,,,Beloeil,QC,Québec,J3G 6T1,CA,sophie_gauthier@rogers.example,+1-438-555-0133,CTR-1000024133,vie,2024-12-29,2026-11-26,actif,350.22,mensuelle,prélèvement,AG-PR-002,2024-12-08,2025-09-19,,,
principal,CLI-00024158,Mme,Amélie,Martel,1950-10-08,F,fr,5669,boulevard,du Lac,Nord,739,Terrebonne,QC,Québec,J6W 1S2,CA,ame30@proton.example,+1-418-555-0103,CTR-1000024158,vie,2023-10-06,2027-05-10,actif,965.74,mensuelle,prélèvement,AG-PR-005,2023-09-12,2026-01-22,,,
principal,CLI-00024199,Mme,Audrey,Michaud,2008-05-27,F,fr,3631,boulevard,du Lac,Nord,,Gatineau,QC,Québec,J8Y 9N9,CA,aud956@outlook.example,+1-819-555-0199,CTR-1000024199,auto,2026-07-02,2026-12-28,actif,1364.49,mensuelle,virement,AG-PR-006,2026-06-20,2026-06-30,,,
principal,CLI-00024575,Mme,Ellie,Brown,1993-08-14,F,en,3368,Avenue,Orchard,South,662,Surrey,BC,Colombie-Britannique,V3S 0Y7,CA,elliebrown@proton.example,+1-778-555-0188,CTR-1000024575,auto,2023-08-28,2026-01-12,expiré,1394.15,annuelle,chèque,AG-PR-004,2023-08-07,2025-03-16,,,
principal,CLI-00024581,Mme,Avery,Evans,1956-07-29,F,en,7090,Trail,Mountainview,,,Brossard,QC,Québec,J4X 7R6,CA,avery_evans@gmail.example,+1-263-555-0193,CTR-1000024581,auto,2021-10-24,2027-05-15,actif,794.04,mensuelle,virement,AG-PR-003,2021-09-30,2023-12-09,,,
principal,CLI-00024667,M.,Louis-Philippe,Morin,1974-02-17,M,fr,693,boulevard,des Pionniers,Est,256,Saguenay,QC,Québec,G7J 2R1,CA,lou3561@yahoo.example,+1-579-555-0146,CTR-1000024667,habitation,2018-07-20,2027-02-12,actif,2563.40,mensuelle,prélèvement,AG-PR-002,2018-06-29,2019-07-26,,,
principal,CLI-00024903,Mme,Catherine,Paquette,2005-08-18,F,fr,9188,boulevard,du Cap,Sud,491,Trois-Rivières,QC,Québec,G8Z 1J4,CA,catherine.paquette@outlook.example,+1-579-555-0153,CTR-1000024903,auto,2025-10-09,2026-01-05,expiré,1463.06,semestrielle,carte,AG-PR-008,2025-09-21,2026-06-28,,,
principal,CLI-00024937,M.,Gilles,Hébert,1992-09-06,M,fr,570,promenade,des Mélèzes,,470,Gatineau,QC,Québec,J8Y 1H8,CA,gillesh@hotmail.example,+1-579-555-0134,CTR-1000024937,auto,2025-08-22,2026-07-31,expiré,333.95,mensuelle,prélèvement,AG-PR-003,2025-07-31,2026-04-25,,,
principal,CLI-00025162,M.,Denis,Leblanc,1953-05-14,M,fr,9424,chemin,des Hirondelles,,591,Saint-Jérôme,QC,Québec,J7Z 6M2,CA,den75@gmail.example,+1-819-555-0151,CTR-1000025162,auto,2019-11-24,2020-01-28,expiré,533.40,annuelle,prélèvement,AG-PR-002,2019-11-02,2023-06-04,,,
principal,CLI-00025825,M.,Alain,Lavoie,1995-08-19,M,fr,8365,montée,des Pins,,942,Montréal,QC,Québec,H2X 2Z6,CA,alainl@gmail.example,+1-581-555-0147,CTR-1000025825,vie,2018-12-17,2027-03-01,actif,2884.14,mensuelle,prélèvement,AG-PR-007,2018-12-12,2019-03-30,,,
principal,CLI-00025845,Mme,Nora,Turner,1947-07-29,F,en,5663,Road,Mountainview,,,Edmonton,AB,Alberta,T5J 5P7,CA,nora.turner@hotmail.example,+1-780-555-0170,CTR-1000025845,auto,2023-01-08,2026-12-01,actif,866.27,mensuelle,carte,AG-PR-007,2022-12-27,2024-08-08,,,
principal,CLI-00026427,Mme,Olivia,Johnson,1941-05-02,F,en,4815,Crescent,Mountainview,,160,Brossard,QC,Québec,J4W 4P0,CA,oli8518@outlook.example,+1-438-555-0154,CTR-1000026427,auto,2021-01-22,2026-12-22,actif,966.09,mensuelle,carte,AG-PR-002,2020-12-28,2022-02-20,,,
principal,CLI-00026708,M.,François,Hébert,1944-01-15,M,fr,6978,rang,du Lac,,907,Saint-Hyacinthe,QC,Québec,J2R 7G2,CA,francoish@gmail.example,+1-438-555-0197,CTR-1000026708,habitation,2022-02-09,2026-12-19,actif,1855.47,mensuelle,virement,AG-PR-003,2022-01-12,2024-05-04,,,
principal,CLI-00026827,Mme,Scarlett,Brown,2000-02-19,F,en,5600,Street,Fairview,,,Dollard-des-Ormeaux,QC,Québec,H9B 6P4,CA,scarlett_brown@outlook.example,+1-819-555-0128,CTR-1000026827,vie,2022-09-11,2027-01-23,actif,948.51,mensuelle,chèque,AG-PR-003,2022-08-28,2026-03-25,,,
principal,CLI-00027087,Mme,Valérie,Bouchard,1957-10-09,F,fr,688,chemin,des Bouleaux,,,Lévis,QC,Québec,G6V 3B0,CA,vb94@icloud.example,+1-579-555-0116,CTR-1000027087,auto,2016-09-27,2027-03-07,actif,1236.97,semestrielle,carte,AG-PR-008,2016-09-04,2022-12-21,,,
principal,CLI-00027286,M.,François,Zhang,1960-03-16,M,fr,2744,rue,de la Grande-Allée,,535,Blainville,QC,Québec,J7B 6R9,CA,francois.zhang@yahoo.example,+1-450-555-0196,CTR-1000027286,voyage,2017-02-10,2026-11-18,actif,268.53,mensuelle,prélèvement,AG-PR-004,2017-01-24,2022-03-03,,,
principal,CLI-00027372,M.,Louis-Philippe,Morin,1969-07-11,M,fr,2279,avenue,du Versant,,,Drummondville,QC,Québec,J2C 7N5,CA,louisphilippe-morin@icloud.example,+1-450-555-0188,CTR-1000027372,habitation,2021-05-28,2027-05-04,suspendu,1675.34,mensuelle,prélèvement,AG-PR-007,2021-05-08,2024-05-06,,,
principal,CLI-00027399,M.,Marc,Roy,1945-06-17,M,fr,823,terrasse,du Rocher,,,Montréal,QC,Québec,H2X 9M5,CA,marcroy@outlook.example,+1-450-555-0155,CTR-1000027399,vie,2025-12-02,,actif,2482.75,trimestrielle,carte,AG-PR-008,2025-11-15,2026-08-29,2026-04-30,125652.59,rejeté
principal,CLI-00027482,Mme,Stéphanie,Nadeau,1971-06-01,F,fr,4380,rang,des Geais-Bleus,Nord,,Gatineau,QC,Québec,J8X 7N2,CA,stephanie.nadeau@videotron.example,+1-873-555-0119,CTR-1000027482,habitation,2023-10-29,,actif,714.34,mensuelle,carte,AG-PR-008,2023-10-26,2024-05-03,,,
principal,CLI-00027567,Mme,Christine,Tremblay,1962-09-18,F,fr,4195,route,des Geais-Bleus,,,Granby,QC,Québec,J2J 2E5,CA,ct499@gmail.example,+1-438-555-0129,CTR-1000027567,habitation,2018-04-23,,actif,1012.46,annuelle,prélèvement,AG-PR-008,2018-04-10,2024-09-16,2019-02-06,17894.42,fermé
principal,CLI-00027652,M.,Serge,Tremblay,1955-12-30,M,fr,4192,avenue,des Sommets,Nord,,Montréal,QC,Québec,H3G 1T6,CA,ser99@hotmail.example,+1-418-555-0166,CTR-1000027652,auto,2024-02-18,2027-05-22,actif,481.93,annuelle,prélèvement,AG-PR-005,2024-01-24,2024-03-16,,,
principal,CLI-00027779,M.,Antoine,Gagné,1953-07-24,M,fr,8326,place,du Belvédère,,,Drummondville,QC,Québec,J2B 1G7,CA,antoineg@hotmail.example,+1-873-555-0114,CTR-1000027779,auto,2020-12-22,2024-05-24,expiré,426.31,semestrielle,prélèvement,AG-PR-005,2020-12-17,2024-10-24,2022-03-19,8303.41,fermé
principal,CLI-00027858,M.,Gabriel,Boucher,1945-08-04,M,fr,489,rang,des Cèdres,Nord,,Laval,QC,Québec,H7N 3W8,CA,gabriel884@gmail.example,+1-819-555-0158,CTR-1000027858,auto,2024-08-04,2027-03-21,actif,1310.03,mensuelle,prélèvement,AG-PR-004,2024-07-11,2025-01-27,,,
principal,CLI-00027928,Mme,Juliette,Bergeron,1997-10-16,F,fr,1074,rue,des Lilas,,,Saguenay,QC,Québec,G7J 8J8,CA,bergeron1986@gmail.example,+1-450-555-0131,CTR-1000027928,auto,2022-06-19,2027-08-02,actif,579.35,mensuelle,prelevement,AG-PR-002,2022-06-17,2025-05-28,,,
principal,CLI-00027934,Mme,Sylvie,Tremblay,1982-02-25,F,fr,363,route,du Boisé,,109,Brossard,QC,Québec,J4Y 7Y8,CA,tremblay793@outlook.example,+1-418-555-0185,CTR-1000027934,auto,2022-05-26,2026-10-21,actif,556.39,mensuelle,carte,AG-PR-005,2022-05-26,2023-04-26,,,
principal,CLI-00028151,M.,Stéphane,Poulin,1984-08-08,M,fr,7600,avenue,des Lilas,,,Victoriaville,QC,Québec,G6P 3Y9,CA,stephanepoulin@outlook.example,+1-418-555-0190,CTR-1000028151,habitation,2026-08-20,2027-08-27,suspendu,1837.02,mensuelle,virement,AG-PR-002,2026-08-20,2026-09-03,,,
principal,CLI-00028230,Mme,Caroline,Murphy,1975-04-19,F,fr,7447,boulevard,des Frênes,,,Brossard,QC,Québec,J4X 8J1,CA,caroline-murphy@hotmail.example,+1-450-555-0100,CTR-1000028230,auto,2025-10-28,,actif,1145.95,mensuelle,virement,AG-PR-006,2025-10-20,2026-05-01,,,
principal,CLI-00028565,Mme,Suzanne,Poirier,1964-05-19,F,fr,6432,boulevard,du Domaine,Nord,,Montréal,QC,Québec,H2X 5J9,CA,suzanne.poirier@yahoo.example,+1-514-555-0186,CTR-1000028565,auto,2020-04-23,2027-06-06,actif,526.04,semestrielle,carte,AG-PR-002,2020-04-20,2021-09-14,2022-05-08,,rejeté
principal,CLI-00028707,Mme,Abigail,Cox,1949-08-22,F,en,6667,Avenue,Hillcrest,,124,Vancouver,BC,Colombie-Britannique,V5K 4P3,CA,abi726@gmail.example,+1-250-555-0140,CTR-1000028707,auto,2017-04-27,2027-03-11,suspendu,1985.00,mensuelle,carte,AG-PR-002,2017-04-20,2019-08-30,2020-08-09,12118.30,fermé
principal,CLI--00028886,Mme,Rosalie,Tran,2001-11-06,F,fr,2971,rue,de l'Aube,Est,,Saint-Jérôme,QC,Québec,J7Y 0V1,CA,ros04@gmail.example,+1  418-555-0193,CTR-1000028886,auto,2020-05-12,2027-08-01,actif,930.18,mensuelle,prélèvement,AG--PR-002,2020-05-09,2022-08-25,,,
principal,CLI-00029045,Mme,Lucie,Bélanger,1957-07-26,F,fr,4358,rue,du Moulin,,827,Saint-Hyacinthe,QC,Québec,J2T 0L0,CA,lucie.belanger@icloud.example,+1-367-555-0132,CTR-1000029045,auto,2025-05-08,2027-08-26,actif,514.06,mensuelle,carte,AG-PR-002,2025-04-21,2025-07-16,,,
principal,CLI-00029122,M.,Jean-François,Lévesque,1971-07-19,M,fr,5256,boulevard,de la Rivière,,,Saguenay,QC,Québec,G7H 6C7,CA,jeanfrancois1103@gmail.example,+1-819-555-0191,CTR-1000029122,auto,2021-09-04,2027-07-25,actif,1724.80,annuelle,prélèvement,AG-PR-001,2021-08-06,2025-10-03,,,
principal,CLI-00029225,M.,Pierre,D'Souza,1976-03-14,M,fr,2628,impasse,des Prairies,,606,Longueuil,QC,Québec,J4K 4V1,CA,dsouza.pierre@gmail.example,+1-579-555-0190,CTR-1000029225,vie,2026-09-12,2026-09-15,résilié,1647.46,annuelle,carte,AG-PR-001,2026-08-20,2026-08-26,,,
principal,CLI-00029240,Mme,Nathalie,Paquette,1977-10-10,F,fr,8377,montée,des Tulipes,Ouest,,Québec,QC,Québec,G1V 6A3,CA,nat60@hotmail.example,+1-514-555-0169,CTR-1000029240,vie,2018-05-10,2027-09-13,actif,1995.29,mensuelle,carte,AG-PR-002,2018-05-04,2018-10-11,,,
principal,CLI-00029313,M.,Antoine,Scott,1945-11-03,M,fr,85,route,du Marais,,167,Gaspé,QC,Québec,G4X 1G3,CA,ascott@bell.example,+1-418-555-0138,CTR-1000029313,habitation,2017-04-14,2027-03-31,actif,405.57,mensuelle,prélèvement,AG-PR-001,2017-04-06,2018-03-17,2022-07-12,31105.47,fermé
principal,CLI-00029553,M.,Jean,Gauthier,1959-03-08,M,fr,3871,route,des Pionniers,,,Fredericton,NB,Nouveau-Brunswick,E3C 4W5,CA,jea41@gmail.example,+1-428-555-0183,CTR-1000029553,auto,2022-04-28,2027-06-23,actif,659.73,mensuelle,chèque,AG-PR-001,2022-04-05,2025-01-08,,,
principal,CLI-00029899,Mme,Chantal,Grenier,1996-05-23,F,fr,2442,montée,des Prairies,,,Saint-Jean-sur-Richelieu,QC,Québec,J3B 3H5,CA,cgrenier@yahoo.example,+1-263-555-0140,CTR-1000029899,auto,2024-04-29,2026-12-06,actif,1871.05,mensuelle,prélèvement,AG-PR-004,2024-04-05,2025-10-02,2025-02-19,5431.82,fermé
principal,CLI-00030014,Mme,Amélie,Morin,1949-08-25,F,fr,1239,avenue,des Mélèzes,,285,LLaval,qc,Québec,H7N 2Y2,CA,ameliemorin@yahoo.example,+1-819-555-0102,CTR-1000030014,voyage,2016-09-21,,actif,318.76,mensuelle,carte,AG-PR-007,2016-09-15,2023-07-29,,,
principal,CLI-0003004,M.,Liam,Anderson,1991-05-02,M,en,6192,Drive,Riverside,South,,Saint-Hyacinthe,QC,Québec,J2R 7G9,CA,liam423@icloud.example,+1-514-555-0187,CTR-1000030045,auto,2024-03-29,2027-05-03,actif,242.96,mensuelle,prélèvement,AG-PR-001,2024-03-22,2024-05-14,,,
principal,CLI-00030284,Mme,Sylvie,Côté,1941-03-16,F,fr,8865,boulevard,des Tulipes,,,Québec,QC,Québec,G1R 2P2,CA,sylviecote@outlook.example,+1-819-555-0182,CTR-1000030284,habitation,2017-03-10,2023-09-05,expiré,1295.81,trimestrielle,prélèvement,AG-PR-001,2017-03-06,2021-10-16,,,
principal,CLI-00030380,Mme,Suzanne,Vachon,1989-01-25,F,fr,9171,promenade,de la Pinède,,122,Vancouver,BC,Colombie-Britannique,V6B 9M5,CA,suzanne.vachon@outlook.example,+1-672-555-0158,CTR-1000030380,auto,2020-01-03,2026-12-21,actif,299.03,annuelle,prélèvement,AG-PR-007,2019-12-12,2020-06-06,,,
principal,CLI-00030398,M.,Charles,Côté,1953-04-28,M,fr,7830,impasse,du Ruisseau,,,Gatineau,QC,Québec,J8Y 8H9,CA,charles_cote@gmail.example,+1-438-555-0107,CTR-1000030398,vie,2021-01-15,2027-03-24,actif,2072.21,mensuelle,prélèvement,AG-PR-005,2021-01-04,2023-09-04,,,
principal,CLI-00030429,Mme,Stéphanie,Khan,1961-04-10,F,fr,7911,place,des Laurentides,,,Sherbrooke,QC,Québec,J1K 7V7,CA,stephanie_khan@hotmail.example,+1-450-555-0188,CTR-1000030429,voyage,2025-07-02,2027-05-09,actif,161.08,mensuelle,chèque,AG-PR-006,2025-06-05,2026-03-25,,,
principal,CLI-00030491,Mme,Marie,Vachon,1943-06-27,F,fr,5769,chemin,du Lac,Sud,,Shawinigan,QC,Québec,G9N 8Y1,CA,mar2682@icloud.example,+1-579-555-0198,CTR-1000030491,auto,2017-03-05,2027-06-07,actif,1823.94,mensuelle,chèque,AG-PR-001,2017-02-09,2020-04-29,2018-01-13,,ouvert
principal,CLI-00030612,Mme,Charltte,Hall,2007-10-27,F,en,4591,Lane,Highland,North,,Fredericton,ON,Ontario,L5B 9S4,CA,cha527@yahoo.example,+1-705-555-0144,CTR-1000030612,vie,2026-04-27,2027-05-09,suspendu,2925.15,mensuelle,prélèvement,AG-ON-004,2026-04-21,2026-05-02,,,
principal,CLI-00030678,M.,Caleb,Wong,1985-03-31,M,en,5944,Street,Meadow,,,Brossard,QC,Québec,J4Y 1G6,CA,calebwong@gmail.example,+1-418-555-0105,CTR-1000030678,auto,2017-02-20,2027-06-22,suspendu,301.82,mensuelle,prélèvement,AG-PR-004,2017-01-26,2024-08-06,,,
principal,CLI-00030824,M.,Nicolas,Gagné,1937-03-13,M,fr,5426,rue,de la Colline,,,Montréal,QC,Québec,H2X 6C7,CA,nic328@gmail.example,+1-418-555-0167,CTR-1000030824,auto,2022-04-04,2026-10-22,actif,668.08,annuelle,carte,AG-PR-002,2022-03-26,2022-12-01,2024-11-01,7810.11,ouvert
principal,CLI-00031094,M.,Jean-François,Morin,1983-09-19,M,fr,3083,rue,des Sapins,Sud,431,Vancouver,BC,Colombie-Britannique,V5K 3K7,CA,jeanfrancois73@yahoo.example,+1-604-555-0125,CTR-1000031094,habitation,2024-01-06,,suspendu,1658.54,mensuelle,virement,AG-PR-001,2023-12-18,2026-01-21,,,
principal,CLI-00031211,Mme,Julie,Desjardins,1987-11-15,F,fr,4832,avenue,des Laurentides,,,Gatineau,QC,Québec,H4A 5B6,CA,julie.desjardins@hotmail.example,+1-418-555-0135,,habitation,2020-12-30,2026-13-40,actif,588.58,semestrielle,prélèvement,AG-PR-002,2020-12-08,2024-01-13,,,
principal,CLI-00031259,M.,Jean,Bouchard,1980-12-13,M,fr,6003,avenue,des Hirondelles,,,Mirabel,QC,Québec,J7N 1K4,CA,jean.bouchard@hotmail.example,+1-819-555-0119,CTR-1000031259,voyage,2018-11-18,2027-05-26,actif,431.50,annuelle,prélèvement,AG-PR-001,2018-11-04,2020-11-21,,,
principal,CLI-00031764,M.,Étienne,Anderson,1987-01-02,M,fr,1714,rue,du Moulin,Sud,,Laval,QC,Québec,H7W 2L1,CA,etienne_anderson@gmail.example,+1-819-555-0160,CTR-1000031764,auto,2019-10-25,2026-11-08,actif,-1586.69,mensuelle,prélèvement,AG-PR-005,2019-10-18,2020-11-21,,,
principal,CLI-00031907,Mme,Sophie,Gauthier,2003-03-18,F,fr,403,rue,de la Rivière,Est,,Lévis,QC,Québec,G6W 6Y0,CA,sophie.gauthier@hotmail.example,+1-418-555-0196,CTR-1000031907,auto,2026-08-30,2027-04-30,actif,860.83,mensuelle,carte,AG-PR-002,2026-08-16,2026-08-28,,,
principal,CLI-00031943,M.,Dylan,Campbell,1954-04-11,M,en,3737,Street,Kingfisher,,,Vancouver,BC,Colombie-Britannique,V6B 7K5,CA,dylan_campbell@hotmail.example,+1-778-555-0184,CTR-1000031943,vie,2021-05-23,2027-06-15,actif,2855.85,semestrielle,prélèvement,AG-PR-001,2021-05-12,2024-11-04,,,
principal,CLI-00032167,Mme,Penelope,Johnson,1993-06-10,F,en,3384,Street,Garden,South,,Brampton,ON,Ontario,L6Y 3V3,CA,penelopejohnson@icloud.example,+1-519-555-0182,CTR-1000032167,auto,2019-03-24,2021-05-25,expiré,354.35,annuelle,prélèvement,AG-PR-001,2019-03-09,2022-08-01,,,
principal,CLI-00032533,M.,Daniel,Girard,1978-09-16,M,fr,882,croissant,du Moulin,,404,Laval,QC,Québec,H7W 3T6,CA,danielgirard@gmail.example,+1-514-555-0195,CTR-1000032533,auto,2024-03-29,2027-04-10,actif,1435.06,mensuelle,carte,AG-PR-008,2024-03-22,2026-01-06,2024-11-09,21647.89,en_cours
principal,CLI-00032957,Mme,Maude,Gag non,1979-10-03,F,fr,9074,rue,de la Grande-Allée,,518,Québec,QC,Québec,G1V 0R0,CA,maudegagnon@icloud.example,+1-514-555-0180,CTR-1000032957,habitation,2025-01-19,2026-06-03,expiré,1391.88,semestrielle,carte,AG-PR-001,2025-01-14,2026-07-15,,,
principal,CLI-00033012,Mme,Nathalie,Simard,1958-04-16,F,fr,2026,croissant,des Laurentides,Est,538,Joliette,QC,Québec,J6E 2K6,CA,nathaliesimard@hotmail.example,+1-819-555-0199,CTR-1000033012,habitation,2023-12-24,2027-08-02,actif,611.92,annuelle,prélèvement,AG-PR-001,2023-12-17,2024-02-24,,,
principal,CLI-00033180,Mme,Josée,Bergeron,1993-03-08,F,fr,7186,avenue,des Sommets,,265,Longueuil,QC,Québec,J4K 6S9,CA,bergeron.josee@gmail.example,+1-581-555-0144,CTR-1000033180,auto,2021-07-03,,actif,1895.15,mensuelle,prélèvement,AG-PR-001,2021-07-02,2022-11-29,,,
principal,CLI-00033541,M.,Nathan,Cormier,2007-03-26,M,fr,6427,rue,des Prairies,,,Rouyn-Noranda,QC,Québec,J9X 9X2,CA,nathancormier@gmail.example,+1-514-555-0156,CTR-1000033541,vie,2026-03-20,2026-11-21,actif,2078.00,mensuelle,prélèvement,AG-PR-007,2026-03-17,2026-06-27,,,
principal,CLI-00033725,Mme,Audrey,Martinez,1974-10-21,F,fr,3037,boulevard,des Pins,Sud,,Montréal,QC,Québec,H1A 3S3,CA,audrey-martinez@hotmail.example,+1-418-555-0168,CTR-1000033725,auto,2018-11-05,,actif,1629.83,mensuelle,prélèvement,AG-PR-002,2018-11-04,2026-06-26,,,
principal,CLI-00033736,Mme,Valérie,Singh,1946-01-12,F,fr,6543,chemin,du Belvédère,,,Brossard,QC,Québec,J4W 7X5,CA,vsingh@icloud.example,+1-450-555-0165,CTR-1000033736,auto,2020-04-26,2027-04-23,actif,1513.15,semestrielle,carte,AG-PR-002,2020-04-25,2024-07-24,,,
principal,CLI-0003382,M.,Stéphane,Lachance,1999-12-12,M,fr,7701,route,des Sommets,,,Rouyn-Noranda,QC,Québec,J9Z 0C8,CA,stephane.lachance@gmail.example,+1-450-555-0129,CTR-1000033821,habitation,2026-02-23,,actif,1345.00,mensuelle,carte,AG-PR-008,2026-01-25,2026-04-08,,,
principal,CLI-00034003,Mme,Nora,Baker,1961-09-23,F,en,2888,Street,Brookside,,649,Gatineau,QC,Québec,J8Y 0S5,CA,nor56@gmail.example,+1-514-555-0194,CTR-1000034003,auto,2023-12-06,2027-02-03,actif,922.02,mensuelle,prélèvement,AG-PR-001,2023-11-08,2025-05-11,,,
principal,CLI-00034084,Mme,Marie,Fortin,1957-04-01,F,fr,702,boulevard,du Ruisseau,,,Terrebonne,QC,Québec,J6W 3P2,CA,marie.fortin@gmail.example,+1-873-555-0111,CTR-1000034084,auto,2020-12-07,2027-06-08,actif,2389.69,mensuelle,prélèvement,AG-PR-001,2020-12-06,2026-06-23,,,
principal,CLI-00034085,Mme,Émilie,Bouchard,1995-05-22,F,fr,5693,promenade,des Bouleaux,,584,Repentigny,QC,Québec,J5Y 5G5,CA,emiliebouchard@gmail.example,+1-873-555-0120,CTR-1000034085,voyage,2025-12-15,,actif,194.13,mensuelle,prélèvement,AG-PR-003,2025-12-11,2026-05-04,,,
principal,CLI-00034493,M.,Ezra,Ali,1996-06-01,M,en,9918,Avenue,Oak,,,Brampton,ON,Ontario,L6Y 2P7,CA,eali@proton.example,+1-753-555-0192,CTR-1000034493,voyage,2023-07-04,2027-04-17,actif,652.71,mensuelle,carte,AG-PR-003,2023-06-27,2024-10-15,,,
principal,CLI-00034652,M.,Thomas,Martel,1976-10-08,M,fr,3236,avenue,des Érables,,27,Sherbrooke,QC,Québec,J1K 7R7,CA,thomas.martel@gmail.example,+1-263-555-0184,CTR-1000034652,vie,2019-07-04,2027-03-30,actif,1732.95,mensuelle,virement,AG-PR-005,2019-07-04,2022-02-17,,,
principal,CLI-00035335,Mme,Suzanne,Tremblayy,1993-01-30,F,fr,5458,route,du Rocher,,510,Longueuil,QC,Québec,J4K 0E0,CA,suzanne1787@hotmail.example,+1-438-555-0145,CTR-1000035335,vie,2022-09-12,2026-11-05,actif,3213.64,mensuelle,prélèvement,AG-PR-003,2022-08-22,2023-01-24,,,
principal,CLI-00035360,Mme,Hazel,Lewis,1949-09-03,F,en,2846,Drive,Cedar,,,Vancouver,BC,Colombie-Britannique,G5C 6B3,CA,hlewis@gmail.example,+1-250-555-0180,CTR-1000035360,habitation,2024-08-30,2024-10-21,expiré,2053.81,mensuelle,carte,AG-PR-003,2024-08-04,2026-05-20,,,
principal,CLI-00035715,Mme,Geneviève,Patel,1989-09-06,F,fr,6764,croissant,de la Grande-Allée,,223,Montréal,QC,Québec,H1A 4P0,CA,genevieve43@yahoo.example,+1-438-555-0198,CTR-1000035715,voyage,2018-11-03,2027-01-20,actif,513.68,annuelle,prélèvement,AG-PR-005,2018-10-07,2026-01-13,,,
principal,CLI-00035722,M.,Noah,Chne,1945-04-28,M,en,54,Lane,Valleyview,,291,Toronto,ON,Ontario,M5V 3E3,CA,noahchen@hotmail.example,+1-416-555-0101,CTR-1000035722,habitation,2026-04-15,2027-08-15,actif,1363.74,mensuelle,virement,AG-PR-007,2026-03-24,2026-05-20,,,
principal,CLI-00035906,M.,Simon,Ouellet,1947-03-08,M,fr,3686,montée,des Érables,,,Trois-Rivières,ON,Ontario,G8Z 3G7,CA,simonouellet@outlook.example,+1-579-555-0122,CTR-1000035906,auto,2019-07-13,2027-03-18,actif,1384.21,mensuelle,prélèvement,AG-PR-007,2019-06-15,2022-03-20,2020-04-20,18143.32,
principal,CLI-00035981,Mme,Camille,Morin,1942-03-15,F,fr,5710,place,des Trilliums,,,Montréal,QC,Québec,H2X 7A0,CA,camille.morin@outlook.example,+1-450-555-0185,CTR-1000035981,habitation,2017-09-27,2027-03-07,actif,2087.25,annuelle,virement,AG-PR-001,2017-09-11,2025-12-23,,,
principal,CLI-00036014,Mme,Amélie,Poirier,2004-04-14,F,fr,9227,route,des Prairies,,,Mirabel,QC,Québec,J7N 9V4,CA,amelie0935@gmail.example,+1-263-555-0140,CTR-1000036014,habitation,2023-01-01,2027-05-17,actif,1816.58,mensuelle,virement,AG-PR-001,2022-12-25,2025-05-28,,,
principal,CLI-00036135,M.,Gabriel,Bergeron,1999-09-12,M,fr,2936,avenue,des Pins,Ouest,,Montréal,QC,Québec,H4A 4W0,CA,gabrielbergeron@hotmail.example,+1-581-555-0115,CTR-1000036135,auto,2022-08-18,2027-04-26,actif,439.98,mensuelle,prélèvement,AG-PR-001,2022-08-17,2026-04-02,,,
principal,CLI-00036441,Mme,Stéphanie,Lavoie,1966-05-22,F,fr,4082,rue,de la Rivière,,,Longueuil,QC,Québec,J4K 8R1,CA,stephanie-lavoie@outlook.example,+1-581-555-0164,CTR-1000036441,vie,2022-03-31,2027-01-19,actif,1131.66,mensuelle,prélèvement,AG-PR-001,2022-03-09,2023-05-29,,,
principal,CLI-00036465,M.,Louis-Philippe,Ahmed,1982-08-22,M,fr,3431,avenue,des Sommets,,,Saint-Hyacinthe,QC,Québec,J2T 2A7,CA,ahmed.louisphilippe@yahoo.example,+1-450-555-0126,CTR-1000036465,vie,2022-07-19,2026-12-23,actif,1577.07,mensuelle,carte,AG-PR-005,2022-06-28,2025-05-01,,,
principal,CLI-00036564,M.,Lucas,Wong,2003-03-09,M,en,6411,Highway,Highland,,47,Toronto,ON,Ontario,M5V 2Z9,CA,lucaswong@hotmail.example,+1-289-555-0114,CTR-1000036564,vie,2023-12-22,,actif,2027.74,trimestrielle,prélèvement,AG-PR-001,2023-12-17,2026-02-01,,,
principal,CLI-00036808,Mme,Juliette,Poirier,1988-02-09,F,fr,5066,route,des  Champs,Sud,,Québec,QC,Québec,G1R 6N3,CA,juliettep@icloud.example,+1-579-555-0175,CTR-1000036808,vie,2021-07-24,2027-07-16,actif,3543.21,mensuelle,prélèvement_X,AG-PR-005,2021-07-20,2021-10-30,,,
principal,CLI-00036863,M.,Maxime,Bouchard,1966-03-25,M,fr,3197,route,des Sommets,,823,Rimouski,QC,Québec,G5N 8G1,ca,maxime_bouchard@outlook.example,+1-873-555-0123,CTR-1000036863,auto,2020-04-20,2027-03-30,actif,1309.43,annuelle,carte,AG-PR-002,2020-04-16,2021-01-23,,,
principal,CLI-00036905,M.,Étienne,Ouellet,1962-11-19,M,fr,5612,autoroute,de la Colline,Est,154,Saint-Jean-sur-Richelieu,QC,Québec,J3B 2H3,CA,ouellet2293@bell.example,+1-514-555-0178,CTR-1000036905,voyage,2019/03/13,2026-10-23,suspendu,646.59,mensuelle,prélèvement,AG-PR-007,2019-02-15,2019-09-05,,,
principal,CLI-00036967,Mme,Mar  ie-Ève,Roy,1974-03-07,F,fr,7437,chemin,du Soleil-Levant,,,Repentigny,QC,Québec,J5Y 9Z3,CA,marieeve2887@videotron.example,+1-873-555-0150,CTR-1000036967,vie,2017-11-18,2022-11-10,expiré,2821.02,mensuelle,prélèvement,AG-PR-005,2017-10-23,2026-09-05,,,
principal,CLI-00037142,Mme,Ava,Stewart,1978-06-07,F,en,5460,Trail,Redwood,North,213,Saint John,NB,Nouveau-Brunswick,J7C 6W3,CA,ava.stewart@gmail.example,+1-506-555-0146,CTR-100003714,auto,2018-03-30,2023-12-31,expiré,689.36,mensuelle,carte,AG-PR-001,2018-03-10,2023-06-07,,,
principal,CLI-00037241,Mme,Lily,Wright,1947-07-22,F,en,3685,Highway,Bluebird,West,845,Winnipeg,MB,Manitoba,R3T 3G2,CA,lily.wright@gmail.  example,+1-584-555-0122,CTR-1000037241,auto,2017-04-26,,actif,2040.41,mensuelle,prélèvement,AG-PR-001,2017-04-26,2023-02-10,,,
principal,CLI-00037393,Mme,Rosalie,Gauthier,1978-01-30,F,fr,7186,rue,des Pins,,,Montréal,QC,Québec,H3G 0W3,CA,rosalie_gauthier@gmail.example,+1-514-555-0111,CTR-1000037393,vie,2025-08-16,2027-03-16,suspendu,1018.91,trimestrielle,prélèvement,AG-PR-002,2025-07-26,2025-11-17,,,
principal,CLI-00037529,M.,Sébastien,Rahman,2002-05-26,M,fr,1475,chemin,des Lilas,Sud,175,Longueuil,QC,Québec,J4H 4P7,CA,seb3754@gmail.example,+1-438-555-0176,CTR-1000037529,habitation,2020-10-10,,actif,764.12,mensuelle,carte,AG-PR-004,2020-10-06,2025-03-24,,,
principal,CLI-00037712,Mme,Catherine,Khan,1996-07-23,F,fr,4859,rue,des Geais-Bleus,Ouest,,Brossard,QC,Québec,J4Y 2E6,ca,catherine79@gmail.example,+1-873-555-0120,CTR-1000037712,voyage,2024-03-15,2027-02-10,actif,178.29,annuelle_X,prélèvement,AG-PR-002,2024-02-24,2026-08-19,,,
principal,CLI-00037897,Mme,Camila,Ahmed,1961-05-23,F,en,7655,Street,Cedar,West,252,London,ON,Ontario,N6G 1A6,CA,camilaahmed@hotmail.example,+1-905-555-0145,CTR-1000037897,auto,2026-09-09,2026-12-13,actif,469.27,mensuelle,chèque,AG-PR-001,2026-09-06,2026-09-06,,,
principal,CLI-00037900,M.,Dylan,Wilson,1950-11-02,M,en,1859,Crescent,Parkside,,952,St. John's,NL,Terre-Neuve-et-Labrador,A1A 0H1,CA,wilson1948@gmail.example,+1-709-555-0176,CTR-1000037900,voyage,2019-05-11,2027-02-10,actif,431.96,mensuelle,prélèvement,AG-PR-004,2019-05-05,2019-05-11,,,
principal,CLI-00038051,Mme,Béatrice,Bélanger,1938-09-23,F,fr,9724,avenue,des Geais-Bleus,,332,Laval,QC,Québec,H7N 2J7,CA,beatrice7224@outlook.example,+1-450-555-0126,CTR-1000038051,auto,2023-06-26,2027-02-13,actif,1878.98,mensuelle,virement,AG-PR-001,2023-05-27,2025-12-11,,,
principal,CLI-00038090,Mme,Christine,Lavoie,1963-11-17,F,fr,6012,rue,des Mélèzes,,,Québec,QC,Québec,G1R 3P8,CA,christinelavoie@gmail.example,+1-581-555-0160,CTR-1000038090,habitation,2023-09-08,,actif,787.35,mensuelle,prélèvement,AG-PR-001,2023-09-04,2024-12-24,,,
principal,CLI-00038602,M.,Robert,Fortin,1986-06-05,M,fr,4091,boulevard,du Domaine,,,Alma,QC,Québec,G8C 9G7,CA,robert1801@gmail.example,+1-418-555-0149,CTR-1000038602,voyage,2020-01-15,2027-08-06,actif,462.58,trimestrielle,prélèvement,AG-PR-002,2019-12-27,2023-07-07,,,
principal,CLI-00038615,Mme,Mila,Phillips,1975-01-14,F,en,4131,Parkway,Valleyview,,,Fredericton,NB,Nouveau-Brunswick,E3C 3E0,CA,mp31@icloud.example,+1-506-555-0188,CTR-1000038615,habitation,2017-01-04,2027-04-29,actif,2456.70,mensuelle,carte,AG-PR-004,2016-12-10,2024-08-17,,,
principal,CLI-00038872,M.,Daniel,Wilson,1988-07-09,M,en,6654,Lane,Meadow,,831,Saint-Jean-sur-Richelieu,QC,Québec,J3B 8M1,CA,danielwilson@gmail.example,+1-579-555-0130,CTR-1000038872,habitation,2021-06-01,2027-03-28,actif,2859.46,mensuelle,chèque,AG-PR-001,2021-05-31,2025-01-19,,,
principal,CLI-00038914,M.,Jacques,Poulin,1973-10-04,M,fr,5530,chemin,de l'Aube,,,Saint-Hyacinthe,QC,Québec,J2T 5L8,CA,poulin6346@hotmail.example,+1-514-555-0113,CTR-1000038914,auto,2020-10-19,,actif,2117.45,mensuelle,virement,AG-PR-007,2020-10-02,2023-07-23,,,
principal,CLI-00038927,Mme,Caroline,Proulx,1938-07-28,F,fr,7449,boulevard,du Marais,,,Québec,QC,Québec,G1V 2Z5,CA,caroline608@videotron.example,+1-450-555-0160,CTR-1000038927,habitation,2019-06-18,2026-11-13,actif,1141.81,semestrielle,prélèvement,AG-PR-005,2019-06-09,2025-06-30,,,
principal,CLI-00039186,Mme,Noémie,Lavoie,2005-05-16,F,fr,1820,croissant,du Belvédère,,,Laval,QC,Québec,H7W 2A1,CA,noemie_lavoie@gmail.example,+1-418-555-0134,CTR-1000039186,auto,2024-07-18,2027-03-19,actif,454.48,mensuelle,carte,AG-PR-007,2024-06-26,2024-07-14,,,
principal,CLI-00039303,Mme,Manon,Leblanc,2008-07-01,F,fr,4752,rue,des Mélèzes,,,Saint-Jérôme,ON,Ontario,J7Z 9X9,CA,manon4378@outlook.example,+1-514-555-0194,CTR-1000039303,habitation,2026-09-01,2027-02-04,actif,1056.68,mensuelle,virement,AG-PR-006,2026-08-28,2026-09-06,,,
principal,CLI-00039408,M.,Jacques,Roy,1981-10-06,M,fr,5267,rue,du Parc,,,Val-d'Or,QC,Québec,J9P 6L8,CA,jacquesroy@outlook.example,+1-263-555-0147,CTR-1000039408,auto,2023-08-18,2027-04-26,actif,1042.19,mensuelle,virement,AG-PR-008,2023-07-31,2025-05-28,,,
principal,CLI-00039488,M.,Daniel,Chowdhury,1972-08-14,M,en,3763,Drive,Kingfisher,,573,Calgaary,AB,Alberta,T3A 95,CA,dchowdhury@gmail.example,+1-780-555-0141,CTR-1000039488,auto,2021-01-10,2027-04-24,actif,804.01,annuelle,carte,AG-PR-002,2020/12/17,2021-04-07,,,
principal,CLI-00039509,M.,Sebastian,Thompson,1949-12-02,M,en,9459,Crescent,Birch,,,Vancouver,BC,Colombie-Britannique,V5K 5E1,CA,sebastian2703@videotron.example,+1-604-555-0117,CTR-1000039509,voyage,2018-05-14,2027-03-22,actif,250.81,mensuelle,prélèvement,AG-PR-004,2018-04-23,2024-10-02,,,
principal,CLI-00039588,M.,Sebastian,Richardson,1994-10-19,M,en,9631,Court,Valleyview,North,,Toronto,ON,Ontario,M6G 0M7,CA,srichardson@gmail.example,+1-437-555-0114,CTR-1000039588,habitation,2018-12-08,2023-07-31,expiré,1699.26,mensuelle,carte,AG-PR-001,2018-11-24,2020-04-03,,,
principal,CLI-00039858,M.,Samuel,Bergeron,1981-10-16,M,fr,1921,croissant,des Lilas,,794,Montréal,QC,Québec,H3G 1S8,CA,samuelb@outlook.example,+1-819-555-0192,CTR-1000039858,auto,2022-02-11,2023-09-19,résilié,765.98,mensuelle,carte,AG-PR-005,2022-01-20,2024-07-20,,,
principal,CLI-00039914,M.,William,Bergeron,1953-04-03,M,fr,1348,allée,des Frênes,,364,Moncton,NB,Nouveau-Brunswick,E1C 2P0,CA,william-bergeron@hotmail.example,+1-428-555-0126,CTR-1000039914,auto,2022-06-28,2027-04-29,actif,1392.28,mensuelle,carte,AG-PR-001,2022-06-07,2025-11-23,2026-04-18,26757.57,rejeté
principal,CLI-00040150,Mme,Sophie,Lefebvre,1967-10-21,F,fr,5656,avenue,du Ruisseau,,119,Trois-Rivières,BC,Colombie-Britannique,G9A 0H7,CA,sophie.lefebvre@icloud.example,+1-873-555-0188,CTR-1000040150,voyage,2025-08-30,2017-10-03,expiré,260.83,mensuelle,prélèvement,AG-PR-008,2017-09-19,2019-06-28,,,
principal,CLI-00040246,M.,Daniel,Thompson,2003/01/07,M,en,7013,Parkway,Foxglove,,297,Dollard-des-Ormeaux,QC,Québec,H9B 3L3,CA,thompson057@gmail.example,+1-819-555-0172,CTR-1000040246,auto,2021-03-30,2026-10-27,actif,349.24,mensuelle,carte,AG-PR-001,2021-03-10,2024-08-01,,,
principal,CLI-00040633,Mme,Isabelle,Cloutier,1972-12-13,F,fr,9866,avenue,du Cap,,,Gatineau,QC,Québec,J8X 4H6,CA,icloutier@yahoo.example,+1-438-555-0148,CTR-1000040633,auto,2025-07-26,2026-11-27,actif,1027.45,mensuelle,carte,AG-PR-002,2025-07-05,2026-03-03,,,
principal,CLI-00040822,M.,Theodore,Evans,1971-11-23,M,en,3653,Avenue,Riverside,,,Laval,QC,Québec,H7N 8Y8,CA,the074@gmail.example,+1-450-555-0108,CTR-1000040822,voyage,2018-10-25,,actif,465.62,annuelle,prélèvement,AG-PR-001,2018-10-01,2024-08-12,,,
principal,CLI-00041026,M.,Louis-Philippe,Lévesque,1954-07-02,M,fr,2757,chemin,des Ormes,,,Sherbrooke,QC,Québec,J1H 5Y0,CA,louisphilippe-levesque@proton.example,+1-581-555-0103,CTR-1000041026,habitation,2018-06-26,2027-07-21,actif,1892.27,mensuelle,chèque,AG-PR-008,2018-05-29,2019-11-07,,,
principal,CLI-00041382,M.,Léo,Leblanc,1953-06-03,M,fr,2961,chemin,des Cèdres,,,Lévis,QC,Québec,G6V 6Z5,CA,leo1220@icloud.example,+1-873-555-0166,CTR-1000041382,auto,2026-03-07,2027-08-22,suspendu,746.73,mensuelle,virement,AG-PR-005,2026-02-07,2026-08-24,,,
principal,CLI-00041393,M.,Serge,Michaud,2008-09-16,M,fr,4460,boulevard,des Trilliums,,152,Lévis,QC,Québec,G6W 1M2,CA,michaud.serge@hotmail.example,+1-819-555-0105,CTR-1000041393,auto,2026-09-16,2027-08-27,actif,639.83,mensuelle,prélèvement,AG-PR-002,2026-09-16,2026-09-16,,,
principal,CLI-00041683,M.,Olivier,Lee,1966-09-27,M,fr,4080,boulevard,du Versant,Nord,,Québec,QC,Québec,G2B 2A0,CA,olivierlee@gmail.example,+1-418-555-0170,CTR-1000041683,vie,2018-05-02,2027-05-27,suspendu,3957.32,mensuelle,prélèvement,AG-PR-001,2018-04-02,2020-08-16,,,
principal,CLI-00041730,Mme,Nathalie,Lavoie,1938-06-11,F,fr,3478,rue,du Boisé,,166,Montréal,QC,Québec,H2X 7N2,CA,nathalie.lavoie@gmail.example,+1-367-555-0134,CTR-1000041730,auto,2018-01-23,2027-09-10,actif,1043.03,mensuelle,prélèvement,AG-PR-002,2018-01-23,2022-04-04,,,
principal,CLI-00041748,Mme,Chantal,Ouellet,1997-09-30,F,fr,4185,allée,des Érables,Ouest,,Longueuil,QC,Québec,J4H 9Y8,CA,chantal.ouellet@hotmail.example,+1-450-555-0190,CTR-1000041748,habitation,2024-04-24,2026-11-27,actif,1606.25,mensuelle,prélèvement,AG-PR-002,2024-04-22,2025-08-31,,,
principal,CLI-00042089,Mme,Marguerite,Lessard,1982-09-03,F,fr,9644,boulevard,des Mélèzes,,,Shawinigan,QC,Québec,G9P 4X0,CA,marguerite.lessard@gmail.example,+1-514-555-0197,CTR-1000042089,voyage,2017-11-07,2027-03-12,actif,451.05,mensuelle,carte,AG-PR-003,2017-10-31,2022-07-29,,,
principal,CLI-00042252,Mme,Noémie,Dubé,2007-07-28,F,fr,9902,place,des Trilliums,,,Sainte-Julie,QC,Québec,J3E 9Z3,CA,noemie.dube@outlook.example,+1-819-555-0136,CTR-1000042252,habitation,2025-10-02,2027-04-22,actif,1022.69,annuelle,prelevement,AG-PR-001,2025-09-03,2026-06-09,,,
principal,CLI-00042314,M.,James,Carter,1983-10-27,M,en,837,Boulevard,Pnie,West,,Toronto,ON,Ontario,M5V 3Z7,CA,james354@gmail.example,+1-226-555-0136,CTR-1000042314,auto,2017-10-21,2020-02-19,expiré,261.47,mensuelle,prélèvement,AG-PR-001,2017-10-03,2026-13-40,,,
principal,CLI-00042372,M.,Francois,Leclerc,1952-12-30,M,fr,2112,rue,de l'Aube,Sud,952,Montréal,QC,Québec,H4A 6Y9,CA,francois_leclerc@gmail.example,+1-579-555-0169,CTR-1000042372,habitation,2017-10-15,2027-05-03,actif,2483.19,mensuelle,chèque,AG-PR-004,2017-10-13,2024-07-26,,,
principal,CLI-00042491,Mme,Marie-Claude,Turcotte,1960-11-28,F,fr,3067,chemin,des Pins,,548,Québec,QC,Québec,G2B 8X1,CA,marieclaudeturcotte@gmail.example,+1-438-555-0105,CTR-1000042491,habitation,2020-06-12,,suspendu,1956.49,mensuelle,chèque,AG-PR-001,2020-06-05,2020-11-21,,,
principal,CLI-00042998,Mme,Mélanie,Bergeron,1953-03-18,F,fr,7787,rue,des Laurentides,Nord,,Gatineau,QC,Québec,J8X 6C6,CA,melanie.bergeron@outlook.example,+1-819-555-0163,CTR-1000042998,habitation,2024-07-19,2025-10-28,résilié,619.55,mensuelle,prélèvement,AG-PR-008,2024-07-19,2026-07-13,,,
principal,CLI-00043119,Mme,Caroline,Leblanc,1979-08-13,F,fr,7889,boulevard,des Bouleaux,Sud,,Laval,QC,Québec,H7N 1T2,CA,leblanc2294@outlook.example,+1-468-555-0186,CTR-1000043119,auto,2016-11-09,2026-05-27,expiré,2321.92,mensuelle,carte,AG-PR-006,2016-11-04,2026-01-28,,,
principal,CLI-00043506,M.,Patrick,Gauthier,1976-02-09,M,fr,8728,rue,des Saules,,110,Gatineau,QC,Québec,J9A 6R5,CA,patrick83@hotmail.example,+1-873-555-0149,CTR-1000043506,habitation,2024-01-14,2027-05-01,actif,475.89,mensuelle,carte,AG-PR-002,2023-12-18,2026-09-16,,,
principal,CLI-00044181,Mme,Nova,Carter,1946-10-18,F,en,1705,Street,Silverwood,,,Drummondville,QC,Québec,J2B 2P6,CA,nova.carter@outlook.example,+1-514-555-0107,CTR-1000044181,habitation,2024-07-26,2027-03-12,suspendu,2405.88,mensuelle,carte,AG-PR-005,2024-07-06,2025-03-22,,,
principal,CLI-00044199,M.,André,Marquis,1983-01-18,M,fr,3905,place,du Cap,Est,,Longueuil,QC,Québec,J4K 4L0,CA,marquis162@hotmail.example,+1-418-555-0141,CTR-1000044199,vie,2024-01-06,2027-04-18,actif,1835.48,mensuelle,virement,AG-PR-007,2023-12-24,2024-07-27,,,
principal,CLI-00044591,M.,Éric,Nadeau,1969-04-30,M,fr,422,rang,de la Traverse,Ouest,388,La Tuque,QC,Québec,G9X 4L5,CA,en2935@icloud.example,+1-418-555-0124,CTR-1000044591,voyage,2017-11-15,2021-01-26,résilié,196.72,annuelle,carte,AG-PR-005,2017-10-22,2022-04-01,,,
principal,CLI-00045288,Mme,Jade,Pelletier,1959-05-15,F,fr,4180,rue,des Lilas,,,Gatineau,QC,Québec,J8Y 6H3,CA,pelletier.jade@yahoo.example,+1-514-555-0151,CTR-1000045288,voyage,2024-07-11,,suspendu,230.36,annuelle,prélèvement,AG-QC-005,2024-06-29,2025-04-13,,,
principal,CLI-00045403,Mme,Lucie,Roy,1974-05-12,F,fr,1387,rue,du Moulin,,383,Québec,QC,Québec,G2B 3J6,CA,roy497@outlook.example,+1-438-555-0139,CTR-1000045403,habitation,2020-07-31,2023-09-13,expiré,3325.21,mensuelle,prélèvement,AG-PR-001,2020-07-16,2024-08-25,,,
principal,CLI-00045445,M.,Theodore,Chen,1947-12-16,M,en,4083,Place,Stonebridge,,,Salaberry-de-Valleyfield,QC,Québec,J6S 3M2,CA,theodore_chen@gmail.example,+1-367-555-0146,CTR-1000045445,habitation,2024-04-11,2027-01-28,actif,994.78,mensuelle,virement,AG-PR-005,2024-03-31,2026-09-13,,,
principal,CLI-00045790,Mme,Sylvie,Lévesque,2007-06-19,F,fr,7010,avenue,des Hirondelles,,698,Québec,QC,Québec,G1R 1V1,CA,syl6014@gmail.example,+1-418-555-0188,CTR-1000045790,vie,2025-07-16,2026-01-30,résilié,1871.55,mensuelle,virement,AG-PR-001,2025-06-23,2026-04-09,,,
principal,CLI-00046197,Mme,Marie-Claude,Boucher,1991-11-05,F,fr,6271,terrasse,du Moulin,,602,Montréal,QC,Québec,H3G 2P9,CA,marieclaude_boucher@outlook.example,+1-514-555-0197,CTR-1000046197,vie,2021-05-27,,actif,622.29,mensuelle,prélèvement,AG-PR-002,2021-05-26,2024-02-03,,,
principal,CLI-00046262,Mme,Suzanne,Côté,1963-01-30,F,fr,3798,promenade,de la Falaise,,,Québec,QC,Québec,G1R 8C5,CA,cote.suzanne@hotmail.example,+1-450-555-0188,CTR-1000046262,voyage,2018-04-09,2026-11-01,actif,551.12,mensuelle,virement,AG-PR-007,2018-03-25,2024-08-14,,,
principal,CLI-00046408,Mme,Léa,Gagné,1976-10-17,F,fr,9253,autoroute,des Vents,,,Montréla,QC,Québec,H4A 6W0,CA,lea9564@hotmail.example,+1-450-555-0143,CTR--1000046408,habitation,2027-04-25,2025-12-07,actif,1884.47,annuelle,prélèvement,AG-PR-002,2025-11-23,2026-06-08,,,
principal,CLI-00046843,Mme,Lily,White,1956-07-12,F,en,7636,Road,Valleyview,South,830,Saint-Jean-sur-Richelieu,QC,Québec,J3A 0T8,CA,white.lily@gmail.example,+1-450-555-0118,CTR-1000046843,habitation,2017-03-13,2027-01-19,actif,740.97,mensuelle,prélèvement,AG-PR-002,2017-03-10,2023-07-05,2019-12-30,36080.21,en_cours
principal,CLI-00046878,Mme,Geneviève,Wong,1966-10-17,F,fr,9842,boulevard,du Lac,,98,La Tuque,QC,Québec,G9X 4W2,CA,genevieve.wong@hotmail.example,+1-438-555-0115,CTR-1000046878,auto,2020-07-18,2027-01-27,actif,1439.12,mensuelle,prélèvement,AG-PR-008,2020-07-02,2021-02-01,,,
principal,CLI-00046959,M.,Claude,Boucher,1964-05-16,M,fr,8332,place,des Champs,,475,Victoriaville,QC,Québec,G6S 9B8,CA,cla826@icloud.example,+1-438-555-0101,CTR-1000046959,voyage,2021-08-08,2021-12-16,expiré,207.11,trimestrielle,virement,AG-PR-003,2021-07-23,2022-04-21,,,
principal,CLI-00046964,M.,Léo,Park,1948-10-23,M,fr,1013,chemin,des Cèdres,,,Saguenay,QC,Québec,G7H 8C4,CA,leo.park@hotmail.example,+1-418-555-0161,CTR-1000046964,voyage,2018-12-09,2021-01-24,résilié,355.30,mensuelle,prélèvement,AG-PR-001,2018-11-24,2025-08-17,,,
principal,CLI-00047113,M.,Elias,Kim,1991-08-22,M,en,2252,Lane,Harbour,,,Châteauguay,QC,Québec,J6K 0H5,CA,kim.elias@outlook.example,+1-418-555-0182,CTR-1000047113,auto,2021-10-05,2027-05-17,suspendu,808.30,mensuelle,prélèvement,AG-PR-004,2021-10-03,2023-12-25,2024-02-10,33449.75,fermé
principal,CLI-00047259,Mme,Maude,Bélanger,1962-10-06,F,fr,6447,rue,des Lilas,Ouest,,Montréal,QC,Québec,H3G 1Y7,CA,maude_belanger@hotmail.example,+1-450-555-0196,CTR-1000047259,vie,2024-02-08,2026-11-19,actif,1278.75,trimestrielle,carte,AG-PR-002,2024-02-01,2026-09-09,,,
principal,CLI-00047275,M.,Sylvain,Gagnon,1973-01-09,M,fr,6152,avenue,des Hirondelles,,,Lévis,QC,Québec,G6W 3R4,CA,sylvain3829@gmail.example,+1-514-555-0106,CTR-1000047275,auto,2022-10-19,2024-04-19,expiré,1651.44,annuelle,prélèvement,AG-PR-001,2022-09-26,2026-04-03,,,
principal,CLI-0004728,M.,Ethan,Stewart,1986-07-05,M,en,4107,Place,Fohest,West,,Mississauga,ON,Ontario,L5B 5M7,CA,eth55@hotmail.example,+1-705-555-0193,CTR-1000047285,,2026-05-02,2027-02-02,actif,1575.81,mensuelle,prélèvement,AG-PR-002,2026-04-17,2026-06-05,2026-09-15,17370.32,ouvert
principal,CLI-00047440,Mme,Manon,Lee,1996-04-25,F,fr,911,avenue,des Sommets,Nord,827,Saguenay,QC,Québec,G7H 3T1,CA,manon.lee@proton.example,+1-581-555-0199,CTR-1000047440,voyage,2020-01-06,2027-07-01,actif,436.00,mensuelle,virement,AG-PR-002,2019-12-19,2020-02-19,,,
principal,CLI-00047534,M.,Louis-Philippe,Green,1964-11-19,M,fr,782,rue,des Lila,,,Terrebonne,QC,Québec,J6X 7C5,CA,louisphilippegreen@gmail.example,+1-581-555-0165,CTR-1000047534,auto,2016-12-21,2026-11-11,actif,551.73,mensuelle,prélèvement,AG-PR-005,2016-12-21,2018-05-07,,,
principal,CLI-00047822,M.,Jean,Caron,1983-09-12,M,fr,9564,rue,du Cap,,,Sherbrooke,QC,Québec,J1H 6H9,CA,jeancaron@videotron.example,+1-468-555-0124,CTR-1000047822,auto,2020-02-14,2026-10-30,actif,752.91,annuelle,prélèvement,AG-PR-008,2020-02-05,2020-11-10,,,
principal,CLI-00047879,M.,Claude,Poulin,1940-03-17,M,fr,9175,route,des Prairies,,,Drummondville,QC,Québec,J2C 5W8,CA,poulin.claude@videotron.example,+1-579-555-0160,CTR-1000047879,auto,2020-07-12,2021-01-27,résilié,699.85,mensuelle,virement,AG-PR-001,2020-06-17,2022-07-24,,,
principal,CLI-00048505,Mme,Caroline,Leclerc,2026-13-40,F,fr,8067,rue,des Pins,,814,Lévis,QC,Québec,G6W 3R2,CA,leclerc09@gmail.example,+1-514-555-0111,CTR-1000048505,habitation,2021-11-14,2027-02-24,actif,804.54,mensuelle,carte,AG-PR-001,2021-10-26,2024-11-12,,,
principal,CLI-00048714,M.,Theodore,King,1994-09-23,M,en,3921,Street,Kingfisher,,452,Edmonton,AB,Alberta,T5J 60,CA,theodoreking@gmail.example,+1-587-555-0195,CTR-1000048714,voyage,2024-07-28,2027-03-04,actif,246.88,mensuelle,prélèvement,AG-PR-003,2024-07-26,2024-10-02,,,
principal,CLI-00048970,Mme,Laurence,Chen,1957-06-03,F,fr,6993,terrasse,des Érables,,,Québec,QC,Québec,G2B 4W4,CA,chen031@hotmail.example,+1-367-555-0100,CTR-1000048970,auto,2017-12-28,2027-06-29,actif,764.98,mensuelle,prélèvement,AG-PR-001,2017-12-23,2020-10-22,,,
principal,CLI-00049141,Mme,Sophie,Li,1998-08-31,F,fr,4938,avenue,du Marché,,,Montréal,QC,Québec,H1A 3Y3,CA,sop352@gmail.example,+1-873-555-0102,CTR-1000049141,auto,2017-07-31,2027-01-11,actif,944.92,annuelle,chèque,AG-PR-001,2017-07-07,2024-05-07,2019-10-06,11397.49,fermé
principal,CLI-00049186,M.,Daniel,Marquis,1982-08-30,M,fr,5480,rue,du Rocher,,749,Laval,QC,Québec,H7W 2S9,CA,daniel.marquis@outlook.example,+1-579-555-0127,CTR-1000049186,habitation,2020-02-22,2027-04-14,actif,2581.41,mensuelle,prélèvement,AG-PR-001,2020-02-17,2020-12-22,,,
principal,CLI-00049198,M.,Jackson,Murphy,1965-06-07,M,en,1648,Avenue,Spring,,,Mississauga,ON,Ontario,L5B 0P6,CA,murphy.jackson@hotmail.example,+1-249-555-0162,CTR-1000049198,voyage,2025-12-05,2027-05-21,actif,589.90,trimestrielle,prélèvement,AG-PR-001,2025-11-08,2026-06-03,,,
principal,CLI-00049311,Mme,Isabella,Phillips,1961-11-02,F,en,7953,Street,Pine,,,Moncton,NB,Nouveau-Brunswick,E1A  1J4,CA,iphillips@yahoo.example,+1-506-555-0177,CTR-1000049311,habitation,2019-06-02,2027-08-21,actif,2325.66,mensuelle,carte,AG-PR-004,2019-05-30,2020-11-16,,,
principal,CLI-00049333,Mme,Lucie,Taylor,1948-06-26,F,fr,9183,rue,du Ruisseau,,,Saint-Jean-sur-Richelieu,QC,Québec,J3B 7X4,CA,lucie.taylor@gmail.example,+1-819-555-0128,CTR-1000049333,vie,2021-04-08,2022-10-07,résilié,2042.88,annuelle,prélèvement,AG-PR-001,2021-03-11,2022-01-06,,,
principal,CLI-00049540,M.,Daniel,Phillips,1973-07-20,M,fr,2774,chemin,du Domaine,Sud,,Repentigny,QC,Québec,J6A 8K7,CA,daniel.phillips@bell.example,+1-450-555-0140,CTR-1000049540,auto,2021-06-01,2027-09-05,actif,839.42,trimestrielle,carte,AG-PR-005,2021-05-16,2021-08-27,,,
principal,CLI-00049718,Mme,Océane,Tremblay,1939-04-08,F,fr,4344,boulevard,du Havre,,641,Saint-Jean-sur-Richelieu,QC,Québec,J3A 6N9,CA,oceanet@bell.example,+1-579-555-0120,CTR-1000049718,vie,2021-10-10,2026-08-02,expiré,1227.11,mensuelle,carte,AG-PR-006,2021-10-05,2022-03-16,,,
principal,CLI-00050538,Mme,Ava,Mitchell,1957-04-18,F,en,4735,Terrace,Birch,,,Brossard,QC,Québec,J4X 9W2,CA,avam@gmail.example,+1-819-555-0191,CTR-1000050538,voyage,2023-02-06,2026-10-30,actif,221.84,mensuelle,virement,AG-PR-007,2023-02-02,2024-09-11,,,
principal,CLI-00050721,M.,Luca,Thompson,1966-09-05,M,en,3101,Drive,Hillcrest,West,,Whitehorse,YT,Yukon,Y1A 4R5,CA,luca6310@yahoo.example,+1-867-555-0156,CTR-1000050721,voyage,2022-08-03,,actif,565.20,mensuelle,carte,AG-PR-003,2022-07-15,2024-10-16,,,
principal,CLI-00051078,M.,Lucas,Walker,1958-09-22,M,en,1366,Trail,Harbour,,,Waterloo,ON,Ontario,N2L 2X8,CA,lucaswalker@gmail.example,+1-226-555-0170,CTR-1000051078,voyage,2024-05-31,,suspendu,624.62,mensuelle,virement,AG-PR-003,2024-05-03,2025-09-21,,,
principal,CLI-00051285,M.,Robert,Patel,1989-10-16,M,fr,1517,place,de la Pinède,Nord,873,Rimouski,QC,Québec,G5L 3G3,CA,rob57@icloud.example,+1-367-555-0127,CTR-1000051285,auto,2025-11-05,2026-11-15,actif,753.57,annuelle,prélèvement,AG-PR-003,2025-11-02,2026-08-24,,,
principal,CLI-00051577,Mme,Violet,O'Brien,1941-08-03,F,en,9490,Street,Sunset,,974,Mississauga,ON,Ontario,L5B 6G9,CA,violetobrien@hotmail.example,+1-249-555-0130,CTR-1000051577,habitation,2026-03-10,2027-09-03,actif,769.67,mensuelle,prélèvement,AG-PR-008,2026-02-22,2026-07-27,,,
principal,CLI-00051875,M.,Stéphane,Rahman,1969-01-01,M,fr,8106,avenue,du Marché,Sud,,Montréal,QC,Québec,H1A 7B8,CA,stephanerahman@outlook.example,+1-263-555-0147,CTR-1000051875,auto,2021-01-07,,actif,886.90,mensuelle,prélèvement,AG-PR-006,2020-12-25,2023-03-24,,,
principal,CLI-00051935,Mme,Mélanie,Boucher,1972-07-07,F,fr,4993,boulevard,du Lac,,,Saint-Jérôme,QC,Québec,J7Z 5Z3,CA,boucher.melanie@outlook.example,+1-819-555-0111,CTR-1000051935,auto,2023-10-14,2027-03-21,actif,1129.77,mensuelle,prélèvement,AG-PR-004,2023-09-18,2024-08-10,,,
principal,CLI-00051995,Mme,Sophia,Taylor,2007-04-11,F,en,1701,Drive,Maple,,447,Toronto,ON,Ontario,M4W 2T1,CA,sophia.taylor@outlook.example,+1-519-555-0166,CTR-1000051995,voyage,2025-04-28,2027-09-03,actif,283.74,mensuelle,prélèvement,AG-PR-004,2025-04-23,2025-04-28,,,
principal,CLI-00052021,M.,Sébastien,Bergeron,1976-07-07,M,fr,2246,chemin,du Lac,,237,Québec,QC,Québec,G2B 5M7,CA,sebastien.bergeron@gmail.example,+1-450-555-0109,CTR-1000052021,habitation,2025-06-13,2027-05-27,actif,1712.61,annuelle,virement,AG-PR-001,2025-05-21,2025-06-04,,,
principal,CLI-00052023,Mme,Anne,Smith,1965-11-26,F,fr,6295,rue,du Parc,Sud,136,Drummondville,QC,Québec,J2C  7R8,CA,anne.smith@gmail.example,+1-418-555-0106,CTR-100005202,habitation,2021-05-14,2027-09-03,actif,1981.84,mensuelle,carte,AG-PR-007,2021-04-29,2021-10-18,,,
principal,CLI-00052303,M.,Mason,Scott,1961-05-11,M,en,5551,Road,Maple,,608,St. John's,NL,Terre-Neuve-et-Labrador,A1C 2J8,CA,mason460@proton.example,+1-709-555-0136,CTR-1000052303,habitation,2018-03-14,2026-11-04,actif,2721.39,mensuelle,carte,AG-PR-007,2018-03-13,2020-04-29,,,
principal,CLI-00052526,Mme,Amelia,White,1996-03-09,F,en,6526,Lane,Fairview,,,Whitehorse,YT,Yukon,Y1A 6C9,CA,amelia.white@yahoo.example,+1-867-555-0153,CTR-1000052526,habitation,2022-06-01,2027-06-20,actif,1055.10,mensuelle,chèque,AG-PR-001,2022-05-03,2023-10-25,,,
principal,CLI-00052674,Mme,Diane,Beaulieu,1992-01-11,F,fr,7134,place,de la Rivière,,302,Repentigny,QC,Québec,J6A  5R3,CA,beaulieu.diane@hotmail.example,+1-450-555-0138,CTR-1000052674,habitation,2022-04-12,2026-11-09,actif,2674.03,mensuelle,carte,AG-PR-003,2022-04-06,2023-02-06,2026-07-01,31065.93,en_cours
principal,CLI-00052933,Mme,Alice,Gagnon,1987-09-10,F,fr,4516,route,des Pins,,,Montréal,QC,Québec,H4A 1Y2,CA,gagnon9214@outlook.example,+1-418-555-0161,CTR-1000052933,auto,2022-05-29,,actif,711.40,annuelle,prélèvement,AG-PR-007,2022-05-12,2024-07-23,,,
principal,CLI-00052939,Mme,Véronique,Cloutier,1949-11-07,F,fr,5914,boulevard,des Bouleaux,,,Gatineau,QC,Québec,J8X 7E7,CA,veronique.cloutier@gmail.example,+1-819-555-0164,CTR-1000052939,voyage,2025-11-16,,actif,524.17,annuelle,chèque,AG-PR-002,2025-10-27,2025-11-26,,,
principal,CLI-00053086,Mme,Evelyn,O'Connor,1999-02-12,F,en,4720,Avenue,Rosewood,,,Hamilton,ON,Ontario,L8P 2A9,CA,evelyn756@yahoo.example,+1-548-555-0143,CTR-1000053086,habitation,2020-04-21,2026-11-29,actif,788.80,annuelle,carte,AG-PR-001,2020-04-04,2024-12-09,,,
principal,CLI-00053161,Mme,Diane,Boucher,2002-11-19,F,fr,6650,avenue,des Geais-Bleus,,,Saguenay,QC,Québec,G7J 5T0,CA,dia9881@hotmail.example,+1-418-555-0150,CTR-1000053161,auto,2021-09-27,,actif,1297.75,mensuelle,prélèvement,AG-PR-008,2021-09-15,2023-11-02,,,
principal,CLI-00053193,Mme,Emma,Carter,1952-08-13,F,en,5275,Road,Forest,East,760,Yellowknife,NT,Territoires du Nord-Ouest,X1A 4R9,CA,ec820@icloud.example,+1-867-555-0166,CTR-1000053193,habitation,2017-02-18,2026-02-28,expiré,1718.64,mensuelle,carte,AG-PR-002,2017-01-19,2021-04-27,,,
principal,CLI-00053416,Mme,Gabrielle,Lavoie,1963-08-02,F,fr,6165,rue,des Érables,,,Montréal,QC,Québec,H4A 8X0,CA,gab7821@icloud.example,+1-873-555-0193,CTR-1000053416,auto,2016-11-16,2026-10-26,actif,785.31,mensuelle,prélèvement,AG-PR-001,2016-11-07,2020-03-19,,,
principal,CLI-00053466,M.,Mathieu,Bergeron,1998-02-18,M,fr,485,boulevard,dl Boisé,,,Victoriaville,QC,Québec,G6R 9C3,CA,mathieu.bergeron@gmail.example,+1-263-555-0153,CTR-1000053466,voyage,2021-05-09,2027-02-27,actif,664.89,mensuelle,carte,AG-PR-001,2021-04-16,2023/01/30,,,fermé
principal,CLI-00053590,M.,Thomas,Ali,1950-09-16,M,fr,8360,boulevard,du Versant,,,Gatineau,QC,Québec,J8Y 1M5,CA,thomas_ali@hotmail.example,+1-873-555-0158,CTR-1000053590,vie,2021-07-16,2027-06-03,actif,916.58,trimestrielle,prélèvement,AG--PR-001,2021-07-02,2021-10-19,,,
principal,CLI-00053822,M.,Lucas,Lévesque,1946-01-05,M,en,9928,Way,Maple,,488,Blainville,QC,Québec,J7B 9G0,CA,lucas.levesque@yahoo.example,+1-514-555-0105,CTR-1000053822,habitation,2024-01-12,2027-04-09,actif,1072.37,annuelle,prélèvement,AG-PR-001,2024-01-12,2024-05-14,,,
principal,CLI-00054145,M.,Éric,Morin,1995-08-15,M,fr,8990,terrasse,des Mélèzes,,,Sherbrooke,QC,Québec,J1H 1R8,CA,eric_morin@yahoo.example,+1-581-555-0148,CTR-1000054145,auto,2019-05-05,2027-06-15,suspendu,2178.02,mensuelle,carte,AG-PR-005,2019-04-15,2019-06-16,,,
principal,CLI-00054175,Mme,Marguerite,Bergeron,1950-06-15,F,fr,7332,boulevard,des Pionniers,,452,Saguenay,QC,Québec,G7J 1N0,CA,marguerite.bergeron@gmail.example,+1-581-555-0187,CTR-1000054175,habitation,2018-04-01,2027-04-13,actif,589.45,annuelle,prélèvement,AG-PR-005,2018-03-20,2023-10-10,,,
principal,CLI-00054178,M.,Alexandre,Lévesque,1973-10-22,M,fr,1263,avenue,des Cèdres,,,Vancouver,BC,Colombie-Britannique,V6B 2V1,CA,alexandrelevesque@gmail.example,+1-604-555-0146,CTR-1000054178,vie,2019-02-09,2027-03-26,actif,1855.43,mensuelle,prélèvement,AG-PR-002,2019-01-15,2020-01-04,,,
principal,CLI-00054238,M.,John,Campbell,1980-11-23,M,en,9862,Street,Orchard,,895,Lévis,QC,Québec,G6V 7K8,CA,john.campbell@gmail.example,+1-819-555-0171,CTR-1000054238,auto,2021-11-27,2027-08-21,actif,615.87,trimestrielle,prélèvement,AG-PR-006,2021-11-17,2026-06-08,2025-01-24,18711.24,fermé
principal,CLI-00055013,M.,Marc,Cux,1960-06-26,M,fr,9852,avenue,du Belvédère,,874,Trois-Rivières,QC,Québec,G8Z 2E0,CA,mar14@yahoo.example,+1-418-555-0108,CTR-1000055013,auto,2023-02-08,2026-11-24,actif,1807.34,mensuelle,prélèvement,AG-PR-003,2023-01-24,2024-06-01,,,
principal,CLI-00055203,M.,Theodore,aCrter,1994-12-11,M,en,7034,Trail,Highland,East,537,Longueuil,QC,Québec,J4K 8H7,CA,theodore.carter@hotmail.example,+1-365-555-0190,CTR-1000055203,habitation,2020-03-04,2027-06-15,actif,964.59,semestrielle,prélèvement,AG-PR-005,2020-02-26,2021-06-22,,,
principal,CLI-00055352,Mme,Alice,Renaud,1945-10-05,F,fr,4726,côte,des Tulipes,,314,Sherbrooke,QC,Québec,J1H 0S9,CA,alicerenaud@icloud.example,+1-514-555-0151,CTR-1000055352,auto,2025-06-18,,actif,396.78,mensuelle,prélèvement,AG-PR-001,2025-06-03,2025-07-21,,,
principal,CLI-00055365,Mme,Béatrice,Pham,1969-01-31,F,fr,1894,rue,des Saules,,446,Victoriaville,QC,Québec,G6R 6C7,CA,beatrice.pham@outlook.example,+1-819-555-0131,CTR-1000055365,auto,2025-02-06,,suspendu,681.22,mensuelle,virement,AG-PR-007,2025-01-12,2026-09-02,2026-03-22,13571.75,fermé
principal,CLI-00055463,Mme,Grace,Thompson,1994-02-03,F,en,2011,Circle,Pine,,,Regina,SK,Saskatchewan,S4S 9Z9,CA,grace_thompson@gmail.example,+1-639-555-0182,CTR-1000055463,vie,2024-08-03,,actif,2169.30,mensuelle,prélèvement,AG-PR-001,2024-07-13,2024-11-23,,,
principal,CLI-00055908,Mme,Gianna,Lewis,14-07-2007,F,en,5225,Place,Spring,,,Saint John,NB,Nouveau-Brunswick,E2L 6H3,CA,lewis.gianna@outlook.example,+1-428-555-0165,CTR-1000055908,auto,04-12-2025,,actif,996.46,annuelle,prélèvement,AG-PR-006,17-11-2025,05-03-2026,12-06-2026,14731.85,fermé
principal,CLI-00055939,Mme,Anne,Gauthier,1981-11-13,F,fr,3639,avenue,des Geais-Bleus,,,Châteauguay,QC,Québec,J6K 6G0,CA,anne.gauthier@icloud.example,+1-514-555-0143,CTR-1000055939,habitation,2016-10-06,,actif,723.87,annuelle,carte,AG-PR-006,2016-09-14,2022-05-14,,,
principal,CLI-00056231,Mme,Mélaniee,Tremblay,1987-06-15,F,fr,3589,chemin,du Parc,,,Shawinigan,QC,Québec,G9N 1N1,CA,melaniet@hotmail.example,+1-438-555-0115,CTR-1000056231,voyage_X,2018-07-09,2027-03-09,actif,266.50,mensuelle,carte,AG-PR-005,2026-13-40,2023-12-02,,,
principal,CLI-00056956,Mme,Peneolpe,Brown,1989-07-18,F,en,1950,Place,Cedar,West,896,Salaberry-de-Valleyfield,QC,Québec,J6T 1M9,CA,pb58@gmail.example,+1-438-555-0135,CTR-1000056956,vie,2017-07-10,2026-10-30,actif,1690.07,annuelle,virement,AG-PR-004,2026-13-40,2023-12-08,,,
principal,CLI-00057146,Mme,Sophia,Taylor,1988-11-06,F,en,478,Parkway,Forest,,,Regina,SK,Saskatchewan,S4P 3E7,CA,sophia.taylor@yahoo.example,+1-474-555-0117,CTR-1000057146,voyage,2020-04-08,2027-06-02,actif,611.14,mensuelle,prélèvement,AG-PR-005,2020-03-13,2024-12-17,,,
principal,CLI-00057634,Mme,Juliette,Marquis,1992-12-01,F,fr,4622,chemin,du Belvédère,,,Montréal,QC,Québec,H3G 0V5,CA,marquis9656@bell.example,+1-450-555-0149,CTR-1000057634,habitation,2021-04-25,,actif,3179.19,mensuelle,prélèvement,AG-PR-003,2021-03-29,2022-06-29,,,
principal,CLI-00057653,M.,Mateo,Bailey,1982-02-05,M,en,7416,Road,Maple,,,Longueuil,QC,Québec,J4K 1E8,CA,mb268@gmail.example,+1-263-555-0143,CTR-1000057653,auto,2025-01-26,2027-05-30,actif,774.01,mensuelle,prélèvement,AG-PR-003,2024-12-30,2025-11-17,2025-05-25,,ouvert
principal,CLI-00057751,M.,Robert,Bergeron,1984-06-06,M,fr,979,avenue,des Tulipes,,,Salaberry-de-Valleyfield,QC,Québec,J6T 8J1,CA,bergeron.robert@gmail.example,+1-418-555-0187,CTR-1000057751,auto,2021-12-07,2027-07-03,actif,1433.98,mensuelle,chèque,AG-PR-004,2021-11-16,2024-09-15,,,
principal,CLI-00057799,Mme,Manon,Simard,1989-01-17,F,fr,9244,autoroute,des Érables,,803,Québec,QC,Québec,G2B 1Y9,CA,manons@outlook.example,+1-367-555-0114,CTR-1000057799,vie,2020-07-07,2027-03-19,actif,1204.42,mensuelle,prélèvement,AG-PR-005,2020-06-12,2023-06-21,,,
principal,CLI-00058084,M.,Robert,Fournier,1968-02-25,M,fr,9032,avenue,des Bouleaux,,549,Saint-Jean-sur-Richelieu,QC,Québec,J3B 4K6,CA,robert9655@yahoo.example,+1-819-555-0103,CTR-1000058084,habitation,2019-06-23,2027-02-17,actif,2686.44,mensuelle,prélèvement,AG-PR-002,2019-06-03,2026-08-16,,,
principal,CLI-00058130,M.,Robert,Ahmed,1944-02-15,M,fr,2913,route,du Lac,,671,Mascouche,QC,Québec,J7K 9Y2,CA,robert.ahmed@icloud.example,+1-418-555-0101,CTR-1000058130,voyage,2026-06-02,2026-10-16,actif,316.10,mensuelle,carte,AG-PR-001,2026-05-16,2026-05-22,,,
principal,CLI-00058140,Mme,Maude,Côté,1964-08-07,F,fr,806,avenue,des Mélèzes,Sud,,Mirabel,QC,Québec,J7N 9N6,CA,maude414@hotmail.example,+1-581-555-0153,CTR-1000058140,vie,2021-04-29,2026-04-04,résilié,1810.98,mensuelle,prélèvement,AG-PR-001,2021-04-06,2026-09-04,,,
principal,CLI-00058408,M.,Olivier,Ouellet,1956-05-25,M,fr,9630,chemin,du Soleil-Levant,,,Terrebonne,QC,Québec,J6W 9E3,CA,olivierouellet@yahoo.example,+1-581-555-0118,CTR-1000058408,vie,2025-10-03,,actif,2646.41,mensuelle,carte,AG-PR-001,2025-09-07,2026-03-23,,,
principal,CLI-00058589,M.,Jean-Philippe,Michaud,1938-07-29,M,fr,2613,montée,de la Pinède,Est,,Repenttigny,QC,Québec,J5Y  5X4,CA,jeanphilippe.michaud@proton.example,+1  819-555-0160,CTR-1000058589,auto,2025-05-04,,actif,1464.76,trimestrielle,prélèvement,AG-PR-002,2025-04-18,2026-02-12,,,
principal,CLI-00058680,M.,Loe,Mitchell,,M,en,2368,Drive,Stonebridge,East,,Brosssard,QC,Québec,J4W 1K2,CA,leo64@videotron.example,+1-450-555-0138,CTR-1000058680,vie,2019-02-06,2027-08-11,actif,2219.59,mensuelle,virement,AG-PR-001,2019-01-28,2026-02-09,,,
principal,CLI--00058765,M.,Mathieu,Pelletier,1973-11-11,M,fr,7496,rue,du Vieux-Pont,,,Sainte-Julie,QC,Québec,J3E 8B0,CA,mathieup@videotron.example,+1-581-555-0138,CTR-1000058765,habitation,2025-04-27,2027-01-30,actif,1661.45,mensuelle,prélèvement,AG-PR-001,2025-04-14,2025-12-30,,,
principal,CLI-00059001,M.,Theodore,Johnson,1978-04-29,M,en,1686,Street,Birch,,,Québec,QC,Québec,G2B 1R0,CA,theodore.johnson@icloud.example,+1-819-555-0140,CTR-1000059001,habitation,2022-02-18,2027-09-02,actif,1119.28,annuelle,prélèvement,AG-PR-005,2022-01-24,2022-12-15,,,
principal,CLI-00059562,Mme,Scarlett,Smith,2008-02-18,F,en,4753,Avenue,Birch,West,,Hamilton,ON,Ontario,L8S 4P9,CA,scarletts@videotron.example,+1-226-555-0192,CTR-1000059562,habitation,2026-04-17,,actif,943.58,mensuelle,carte,AG-PR-001,2026-04-04,2026-05-04,,,
principal,CLI-00059671,Mme,Isabella,Marquis,1954-02-21,F,en,7050,Road,Rosewood,,835,Vancouver,BC,Colombie-Britannique,V6B 3Z2,CA,isabellam@  gmail.example,+1-236-555-0153,CTR-1000059671,voyage,2021-08-01,2024-04-21,expiré,261.58,mensuelle,prélèvement,AG-PR-002,2021-07-26,2026-01-10,,,
principal,CLI-00059679,M.,Luc,Fortin,1946-02-10,M,fr,6112,impasse,des Vents,,,Saint-Jérôme,QC,Québec,J7Z 2A3,CA,luc.fortin@yahoo.example,+1-873-555-0199,CTR-1000059679,auto,2019-05-03,2027-04-14,actif,1781.48,annuelle,prélèvement,AG-PR-003,2019-04-12,2022-11-06,2025-10-12,10534.53,fermé
principal,CLI-00059755,M.,Daniel,Forti  n,1976-10-19,M,fr,74,rang,des Bouleaux,,720,Granby,ON,Ontario,J2J 1H0,CA,daniel_fortin@icloud.example,+1-367-555-0152,CTR-1000059755,voyage,2025-06-28,,actif,228.76,mensuelle,carte,AG-PR-001,2025-06-22,2026-07-10,,,
principal,CLI-00059951,Mme,Nova,Rodriguez,1976-08-30,F,en,1374,Road,Westwood,West,,Saint-Jérôme,QC,Québec,J7Z 4B2,CA,nova_rodriguez@gmail.example,+1-579-555-0127,CTR-1000059951,auto,2020-11-07,2026-11-24,actif,1496.48,mensuelle,prélèvement,AG-PR-004,2020-10-14,2023-11-01,,,
principal,CLI-00060020,Mme,Penelope,Walker,1961-06-01,F,en,5903,Boulevard,Parkside,,,Mississauga,ON,Ontario,L5B 1N4,CA,penelope.walker@videotron.example,+1-807-555-0182,CTR-1000060020,habitation,2021-01-21,2027-06-06,actif,782.78,mensuelle,prélèvement,AG-PR-005,2021-01-01,2026-07-17,,,
principal,CLI-00060551,M.,Marc,Turcotte,1991-07-18,M,fr,2612,allée,des Érables,Ouest,,Montréal,QC,Québec,H4A 4G7,CA,turcotte.marc@hotmail.example,+1-450-555-0167,CTR-1000060551,voyage,2017-03-05,2027-06-21,suspendu,427.28,mensuelle,prélèvement,AG-PR-003,2017-03-05,2018-03-11,,,
principal,CLI-00060759,Mme,Sylvie,Renaud,2004-12-16,F,fr,3296,avenue,des Cascades,,243,Lévis,QC,Québec,G6V 5M9,CA,sylvie_renaud@hotmail.example,+1-418-555-0123,CTR-1000060759,auto,2023-12-22,2027-06-15,actif,587.42,mensuelle,prélèvement,AG-PR-002,2023-12-04,2023-12-31,,,
principal,CLI-00060957,M.,Nathan,Poulin,1990-05-29,M,fr,1149,rue,des Champs,,,Montréal,QC,Québec,H3G 7L7,CA,poulin754@hotmail.example,+1-367-555-0194,CTR-1000060957,habitation,2017-03-29,2027-03-23,actif,1547.16,mensuelle,chèque,AG-PR-001,2017-03-08,2018-02-20,,,
principal,CLI-00061084,M.,Pierre-Luc,Martel,1989-07-27,M,fr,2510,rue,du Ruisseau,,536,Saint-Jean-sur-Richelieu,QC,Québec,J3A 2R6,CA,pierreluc.martel@gmail.example,+1-579-555-0146,CTR-1000061084,voyage,2017-02-25,,actif,316.17,mensuelle,prélèvement,AG-PR-005,2017-02-16,2019-12-11,,,
principal,CLI-00061428,Mme,Charlotte,Pelletier,1980-07-25,F,fr,2737,avenue,du Lac,,,Granby,QC,Québec,J2J 4T1,CA,charlotte-pelletier@hotmail.example,+1-873-555-0154,CTR-1000061428,vie,2024-08-15,2024-09-14,expiré,2365.23,mensuelle,virement,AG-PR-005,2024-07-22,2025-05-13,,,
principal,CLI-00061637,M.,Jean,Morin,2003-11-04,M,fr,3095,boulevard,de la Clairière,Est,,Québec,QC,Québec,G1R 6C7,CA,jmorin@hotmail.example,+1-514-555-0167,CTR-1000061637,auto,2024-01-31,2026-12-25,actif,676.01,trimestrielle,prélèvement,AG-PR-008,2024-01-10,2024-01-11,,,
principal,CLI-00061657,M.,Claude,Lavoie,1979-08-08,M,fr,8367,avenue,de la Vallée,,185,Montréal,QC,Québec,H1A 9N1,CA,claude-lavoie@hotmail.example,+1-418-555-0125,CTR-1000061657,auto,2018-07-01,2026-12-30,actif,2508.62,mensuelle,carte,AG-PR-001,2018-06-01,2024-05-23,,,
principal,CLI-00061729,Mme,Nicole,Dubé,1992-11-24,F,fr,317,boulevard,du Plateau,,,Repentigny,QC,Québec,J5Y 1J4,CA,nicoledube@hotmail.example,+1-514-555-0162,CTR-1000061729,vie,2023-08-17,2027-06-19,actif,2269.02,annuelle,prélèvement,AG-PR-001,2023-08-08,2026-06-12,,,
principal,CLI-00061965,M.,Jack,Carter,1961-05-14,M,en,2083,Street,Birch,,668,Gatineau,QC,Québec,J8Y 6X1,CA,jac608@hotmail.example,+1-514-555-0131,CTR-1000061965,auto,2020-09-08,,actif,1048.73,mensuelle,prélèvement,AG-PR-008,2020-09-05,2026-02-20,2021-06-21,9194.57,en_cours
principal,CLI-00062305,M.,Philippe,Côté,1993-12-23,M,fr,5515,place,du Boisé,Sud,791,Saint-Jérôme,QC,Québec,J7Z 6R8,CA,phi769@gmail.example,+1-579-555-0181,CTR-1000062305,voyage,2020-03-10,2027-04-08,suspendu,209.50,annuelle,prélèvement,AG-PR-007,2020-03-06,2022-08-01,,,
principal,CLI-00062799,M.,Denis,Gagnon,1984-02-17,M,fr,4036,boulevard,de l'Aube,,925,Repentigny,QC,Québec,J6A 6K4,CA,gagnon20@outlook.example,+1-581-555-0134,CTR-1000062799,habitation,2025-07-12,2026-06-27,résilié,857.17,mensuelle,carte,AG-PR-002,2025-06-30,2025-12-11,,,
principal,CLI-00062808,Mme,Gabrielle,Roy,1950-05-13,F,fr,4125,rue,des Peupliers,,214,Sherbrooke,QC,Québec,J1H 9R6,CA,gabrielle_roy@hotmail.example,+1-418-555-0140,CTR-1000062808,auto,2026-06-12,2026-06-30,expiré,536.07,mensuelle,carte,AG-PR-007,2026-05-24,2026-09-02,,,
principal,CLI-00063075,M.,Hugo,Morin,1955-01-03,M,fr,3180,croissant,des Épinettes,,,Montréal,QC,Québec,H1A 5X8,CA,hmorin@gmail.example,+1-514-555-0175,CTR-1000063075,voyage,2026-02-06,2027-01-18,actif,529.41,mensuelle,virement,AG-PR-002,2026-01-16,2026-01-31,,,
principal,CLI-00063146,M.,Levi,Nguyen,1959-10-03,M,en,5951,Avenue,Hillcrest,,,Calgary,AB,Alberta,T2P 3G1,CA,levin@proton.example,+1-403-555-0167,CTR-1000063146,auto,2022-07-14,2027-01-08,actif,651.88,annuelle,prélèvement,AG-PR-005,2022-06-28,2023-05-06,,,
principal,CLI-00063309,Mme,Nicole,Nadeau,1997-12-03,F,fr,2551,avenue,des Peupliers,,,Montréal,QC,Québec,H2X 6G7,CA,nicole.nadeau@yahoo.example,+1-581-555-0116,CTR-1000063309,auto,2017-01-28,2027-01-20,actif,814.09,mensuelle,virement,AG-PR-003,2017-01-27,2021-01-24,,,
principal,CLI-00063567,M.,Marc-André,Bouchard,1985-08-20,M,fr,9825,rue,des Trilliums,,,Saguenay,QC,Québec,G7J 8Z6,CA,mar0794@icloud.example,+1-579-555-0127,CTR-1000063567,habitation,2021-01-01,2026-12-19,actif,1222.67,trimestrielle,carte,AG-PR-001,2020-12-07,2021-11-18,2024-12-09,134463.41,en_cours
principal,CLI-00063594,M.,Marc,Cloutier,1969-01-06,M,fr,1827,boulevard,des Geais-Bleus,,987,Blainville,QC,Québec,J7C 3L2,CA,marccloutier@videotron.example,+1-450-555-0190,CTR-1000063594,voyage,2023-10-23,2027-05-20,actif,315.33,mensuelle,prélèvement,AG-PR-002,2023-10-09,2024-09-26,,,
principal,CLI-0006360,M.,James,P  arker,1998-03-18,M,en,9070,Boulevard,Greenfield,,916,Saskatoon,SK,Saskatchewan,S7N 4K1,CA,james-parker@outlook.example,+1-306-555-0112,CTR-1000063600,vie,2020-09-07,2022-04-27,expiré,1901.12,semestrielle,virement,AG-PR-007,2020-08-19,2021-09-20,,,
principal,CLI-00063713,Mme,Caroline,Nadeau,1991-05-18,F,fr,8279,rue,de la Vallée,,,Granby,QC,Québec,J2G 6S4,CA,carolinenadeau@outlook.example,+1-263-555-0152,CTR-1000063713,vie,2017-03-16,2027-01-26,actif,973.73,annuelle,carte,AG-PR-002,2017-03-09,2026-02-06,,,
principal,CLI-00063981,M.,Alexander,Wilson,1957-08-30,M,en,1880,Court,Highland,,,Châteauguay,QC,Québec,J6J 6J0,CA,aw26@gmail.example,+1  418-555-0184,CTR-1000063981,voyage,2023-11-27,2026-03-14,résilié,481.60,mensuelle,prélèvement,AG-PR-008,2023-11-10,2024-11-12,,,
principal,CLI-00064110,M.,Philippe,Gagnon,1991-05-11,M,fr,6435,croissant,des Peupliers,,,Sherbrooke,QC,Québec,J1K 6K7,CA,philippegagnon@gmail.example,+1-579-555-0138,CTR-1000064110,auto,2026-06-22,2027-06-30,actif,632.52,mensuelle,carte,AG-PR-001,2026-06-12,2026-06-12,,,
principal,CLI-00064204,Mme,Sylvie,Beaulieu,1940-11-13,F,fr,2263,rue,du Marais,,,Shawinigan,QC,Québec,G9P 1E8,CA,sylvie6541@rogers.example,+1-514-555-0146,CTR-1000064204,habitation,2024-06-07,2027-06-02,actif,749.03,trimestrielle,virement,AG-PR-001,2024-05-31,2025-09-14,,,
principal,CLI-00064467,M.,Jacques,Gauthikr,2008-05-20,M,fr,1803,place,du Marais,,383,Trois-Rivières,QC,Québec,G8Z 4H6,CA,jacques_gauthier@gmail.example,+1-450-555-0137,CTR-1000064467,auto,2026-05-21,,actif,859.62,mensuelle,prélèvement,AG-PR-005,2026-05-20,2026-08-24,2026-07-27,29142.41,fermé
principal,CLI-00065101,M.,Mathieu,Tremblay,1955-06-03,M,fr,2970,boulevard,des Pionniers,,6,Shawinigan,QC,Québec,G9T 1W0,CA,mathieu345@gmail.example,+1-581-555-0182,CTR-1000065101,auto,2026-08-04,2027-08-18,actif,-1094.33,mensuelle,virement,AG-PR-002,2026-07-27,2026-08-19,,,
principal,CLI-00065183,M.,Marc,Ahmed,2000-07-07,M,fr,7432,rue,des Cèdres,,885,Gatineau,QC,Québec,J9A 5N0,CA,marc.ahmed@outlook.example,+1-418-555-0151,CTR-1000065183,auto,2026-09-07,2027-01-09,actif,1538.60,mensuelle,prélèvement,AG-PR-002,2026-08-22,2026-09-11,,,
principal,CLI-00065304,M.,Denis,Gagné,1955-08-23,M,fr,1379,route,du Ruisseau,,842,Shawinigan,QC,Québec,G9P 2W6,CA,denisg@hotmail.example,+1-263-555-0140,CTR-1000065304,auto,2023-07-13,2024-08-04,expiré,930.31,mensuelle,prélèvement,AG-PR-007,2023-06-25,2024-03-26,,,
principal,CLI-00065478,M.,Xavier,Lavoie,1970-12-17,M,fr,3791,croissant,du Marais,Ouest,,Montréal,QC,Québec,H2X 1K0,CA,xavierlavoie@outlook.example,+1-418-555-0157,CTR-1000065478,habitation,2020-06-27,,actif,1253.67,mensuelle,virement,AG-PR-003,2020-06-19,2025-08-25,,,
principal,CLI-00065548,M.,Jack,Stewart,1991-11-22,M,en,3925,Road,Pine,North,,Sept-Îles,QC,Québec,G4R 8J8,CA,jack.stewart@outlook.example,+1-819-555-0172,CTR-1000065548,habitation,2025-06-20,2027-06-26,suspendu,498.48,semestrielle,carte,AG-PR-003,2025-05-26,2025-09-11,,,
principal,CLI-00065628,Mme,Ava,King,2004-09-25,F,en,7001,Trail,Garden,,154,Brossard,QC,Québec,J4Y 3C9,CA,king476@gmail.example,+1-418-555-0103,CTR-1000065628,habitation,2022-12-06,2023-06-23,expiré,1017.31,trimestrielle,prélèvement,AG-PR-005,2022-11-13,2024-10-04,,,
principal,CLI-00065808,M.,Pierre-Luc,Bouchard,1955-08-30,M,fr,5152,boulevard,des Trilliums,,,Gatineau,QC,Québec,J8X 6K0,CA,pierreluc_bouchard@icloud.example,+1-581-555-0149,CTR-1000065808,auto,2024-03-23,2026-12-11,suspendu,1878.79,trimestrielle,prélèvement,AG-PR-001,2024-03-06,2026-01-18,,,
principal,CLI-00065938,M.,Gilles,Roy,1958-10-27,M,fr,9956,croissant,des Peupliers,Nord,,Montréal,QC,Québec,H3G 0J3,CA,roy361@gmail.example,+1-579-555-0131,CTR-1000065938,habitation,2024-11-21,2026-12-17,actif,979.00,annuelle,prélèvement,AG-PR-001,2024-11-01,2026-05-01,,,
principal,CLI-00066000,M.,Robert,Pereira,2002-03-17,M,fr,7297,rue,des Champs,,,Québec,QC,Québec,G1R 7V1,CA,robert.pereira@gmail.example,+1-579-555-0104,CTR-1000066000,auto,2023-12-30,2024-06-07,expiré,1649.32,mensuelle,prélèvement,AG-PR-002,2023-12-08,2025-02-08,2024-05-27,9412.98,en_cours
principal,CLI-00066027,Mme,Louise,Bergeron,1974-11-28,F,fr,1889,avenue,des Peupliers,,536,Victoriaville,QC,Québec,G6R 5B0,CA,bergeron.louise@hotmail.example,+1-819-555-0188,CTR-1000066027,auto,2017-10-09,2027-02-17,actif,268.27,annuelle,carte,AG--PR-002,2017-10-07,2021-01-22,,,
principal,CLI-00066140,M.,Alexandre,Roy,1972-05-08,M,fr,8620,rue,des Tulipes,,,Trois-Rivières,QC,Québec,G8Z 3T8,CA,roy770@gmail.example,+1-514-555-0139,CTR-1000066140,auto,2022-05-01,2027-02-01,actif,848.58,mensuelle,carte,AG-PR-003,2022-04-09,2024-10-11,2026-05-27,,ouvert
principal,CLI-00066163,M.,Éric,Savard,1945-04-12,M,fr,5834,chemin,des Trois-Lacs,,,Beloeil,QC,Québec,J3G 8W5,CA,eric762@videotron.example,+1-581-555-0159,CTR-1000066163,voyage,2024-05-06,,actif,544.44,mensuelle,prélèvement,AG-PR-005,2024-05-03,2025-05-19,2025-09-13,5004.51,fermé
principal,CLI-00066179,Mme,Josée,Turcotte,1950-03-28,F,fr,9639,croissant,des Hirondelles,Nord,,Beloeil,QC,Québec,J3G 1N9,CA,josee_turcotte@yahoo.example,+1-450-555-0153,CTR-1000066179,habitation,2026-03-25,2027-08-12,actif,1305.51,mensuelle,virement,AG-PR-002,2026-03-16,2026-08-24,,,
principal,CLI-00066249,M.,Levi,Collins,1943-03-04,M,en,8821,Lane,Northgate,,32,Montréal,QC,Québec,H3G 5W3,CA,levi.collins@outlook.example,+1-819-555-0137,CTR-1000066249,voyage,2022-09-07,2027-07-18,actif,108.36,annuelle,prélèvement,AG-PR-002,2022-09-07,2023-08-25,,,
principal,CLI-00066294,M.,Liam,Le,1941-08-10,M,en,9760,Avenue,Orchard,,,Vaudreuil-Dorion,QC,Québec,J7T 6S5,CA,liam.le@gmail.example,+1-438-555-0132,CTR-1000066294,auto,2024-11-06,2026-11-09,actif,1777.17,trimestrielle,carte,AG-PR-001,2024-10-29,2025-02-07,,,
principal,CLI-00066686,M.,Elijah,Scott,1959-12-12,M,en,6142,Boulevard,Stonebridge,,,Edmonton,AB,Alberta,T6G 8K6,CA,elijah.scott@icloud.example,+1-780-555-0127,CTR-1000066686,auto,2019-02-05,2027-06-02,actif,659.57,mensuelle,chèque,AG-PR-007,2019-01-23,2021-04-01,,,
principal,CLI-00066909,M.,François,Bergeron,1995-06-27,M,fr,4452,boulevard,des Mélèzes,,,Sainte-Julie,QC,Québec,J3E 8J2,CA,francois_bergeron@videotron.example,+1-514-555-0153,CTR-1000066909,voyage,2022-02-28,2027-07-18,actif,164.05,mensuelle,prélèvement,AG-PR-006,2022-02-14,2023-10-26,,,
principal,CLI-00066960,Mme,Charlotte,Leclerc,1944-04-02,F,fr,7803,rue,de l'Aube,,338,Rouyn-Noranda,QC,Québec,J9X 2M9,CA,charlotte-leclerc@hotmail.example,+1-579-555-0165,CTR-1000066960,habitation,2016-10-05,2027-08-31,actif,2270.54,mensuelle,virement,AG-PR-001,2016-09-27,2025-02-07,,,
principal,CLI-00067127,Mme,Ella,Smith,1978-05-04,F,en,1779,Boulevard,Spring,,955,Red Deer,AB,Alberta,T4N 3H2,CA,ell894@gmail.example,+1-587-555-0113,CTR-1000067127,habitation,2023-10-09,2026-11-30,actif,358.50,mensuelle,prélèvement,AG-PR-002,2023-09-24,2026-01-18,,,
principal,CLI-00067252,M.,Asher,Bell,1967-01-19,M,en,6252,Trail,Greenfield,,,Vancouver,BC,Colombie-Britannique,V6B 9K7,CA,abell@gmail.example,+1-672-555-0164,CTR-1000067252,auto,2025-09-19,2027-03-10,actif,1349.89,annuelle,carte,AG-PR-001,2025-08-20,2026-06-29,,,
principal,CLI-00067520,M.,Gilles,Beaulieu,1994-09-28,M,fr,7140,rue,des Mélèzes,Est,,Blainville,QC,Québec,J7C 4C5,CA,gilles406@gmail.example,+1-581-555-0155,CTR-1000067520,habitation,2017-07-17,2023-01-11,résilié,3122.89,mensuelle,virement,AG-PR-001,2017-06-18,2023-12-11,,,
principal,CLI-00067671,Mme,Mélanie,Poulin,1985-08-21,F,fr,453,rue,de la Clairière,,682,Victoriaville,QC,Québec,G6S 0A4,CA,melanie_poulin@gmail.example,+1-438-555-0199,CTR-1000067671,habitation,2018-12-04,2027-01-10,actif,1948.04,mensuelle,prélèvement,AG-PR-002,2018-11-09,2024-04-08,,,
principal,CLI-00067822,Mme,Diane,Cloutier,1991-05-15,F,fr,1230,rang,des Champs,,,Mascouche,QC,Québec,J7K 1R4,CA,dc8611@outlook.example,+1-418-555-0164,CTR-1000067822,auto,2023-07-30,2027-06-03,actif,601.95,mensuelle,prélèvement,AG-PR-004,2023-07-07,2024-09-30,,,
principal,CLI-00067912,M.,Alexis,Lee,1965-10-06,M,fr,5009,montée,des Sommets,,,Saint-Hyacinthe,QC,Québec,J2T 9V9,CA,alexis.lee@outlook.example,+1-581-555-0164,CTR-1000067912,auto,2025-07-28,2027-03-28,actif,1871.14,mensuelle,carte,AG-PR-001,2025-07-19,2026-01-06,2026-06-24,7772.09,fermé
principal,CLI-00068029,M.,Patrick,Grenier,1954-04-01,M,fr,5114,rue,des Peupliers,,,Laval,QC,Québec,H7W 3M2,CA,pat44@gmail.example,+1-468-555-0110,CTR-1000068029,auto,2019-04-07,2026-11-23,actif,686.87,mensuelle,chèque,AG-PR-003,2019-03-10,2021-10-13,,,
principal,CLI-00068067,M.,Levi,Scott,1937-03-07,M,en,5056,Terrace,Brookside,,720,Edmonton,AB,Alberta,T5J 8E1,CA,scott.levi@outlook.example,+1-825-555-0154,CTR-1000068067,auto,2018-09-25,,actif,1776.94,annuelle,prélèvement,AG-PR-001,2018-09-08,2020-07-21,,,
principal,CLI-00068842,Mme,Julie,Morin,1961-08-30,F,fr,5092,avenue,des Chênes,,915,Québec,QC,Québec,G2B 0R8,CA,morin440@hotmail.example,+1-581-555-0157,CTR-1000068842,auto,2022-07-16,2026-12-05,actif,718.89,mensuelle,prélèvement,AG-PR-005,2022-07-02,2026-09-06,,,
principal,CLI-00069238,Mme,Sofia,Lopez,1980-06-08,F,en,5618,Street,Brookside,,,Mississauga,ON,Ontario,L5B 0W5,CA,sofialopez@gmail.example,+1-807-555-0128,CTR-1000069238,habitation,2019-09-24,2027-05-25,actif,2603.96,annuelle,prélèvement,AG-PR-008,2019-08-29,2019-12-29,,,
principal,CLI-00069383,M.,Alexandre,Brown,1971-12-03,M,fr,9751,route,de la Clairière,,,Laval,QC,Québec,H7N 4Y0,CA,alexandre3042@gmail.example,+1-514-555-0119,CTR-1000069383,auto,2021-03-02,2027-02-10,actif,749.08,annuelle,prélèvement,AG-PR-003,2021-02-04,2021-04-17,,,
principal,CLI-00069795,M.,Thomas,Michaud,1966-01-31,M,fr,4193,rang,de l'Anse,,,Brossard,NB,Nouveau-Brunswick,J4W 6T2,CA,thomas_michaud@gmail.example,+1-873-555-0180,CTR-1000069795,voyage,2019-08-29,,actif,311.38,annuelle,carte,AG-PR-005,2019-08-29,2026-09-14,,,
principal,CLI-00069889,M.,Maaxime,Hébert,1951-07-22,M,fr,8072,rue,du Moulin,,360,Surrey,BC,Colombie-Britannique,V3R 8V0,CA,hebert9524@hotmail.example,+1-250-555-0143,CTR-1000069889,auto,2025-05-20,2023-10-22,résilié,950.29,mensuelle,carte,AG-QC-005,2023-09-24,2025-03-31,,,
principal,CLI-00070302,M.,Serge,Martel,1973-11-25,M,fr,1712,avenue,des Mélèzes,Est,,Longueuil,QC,Québec,J4H 2T5,CA,martel.serge@gmail.example,+1-514-555-0169,CTR-1000070302,voyage,2020-12-17,2027-02-20,actif,316.69,annuelle,prélèvement,AG-PR-005,2020-12-17,2021-12-29,,,
principal,CLI-00070455,M.,Luc,Côté,1980-06-24,M,fr,6454,boulevard,des Hirondelles,,,Gatineau,QC,Quebec,J9A 9R2,CA,luc40@hotmail.example,+1-514-555-0180,CTR-1000070455,habitation,2025-01-13,2026-09-08,résilié,2118.32,annuelle,prélèvement_X,AG-PR-001,2025-01-01,2025-05-13,,,
principal,CLI-00070481,M.,Émile,Fortin,1962-11-30,M,fr,8587,boulevard,des Champs,,,Terrebonne,QC,Québec,J6X 3B3,CA,emile.fortin@gmail.example,+1-418-555-0143,CTR-100007048,auto,2020-06-04,2026-12-05,actif,925.58,mensuelle,prélèvement,AG-PR-003,2020-06-02,2024-02-14,,,
principal,CLI-00070542,M.,Philippe,Marquis,1943-01-16,M,fr,2234,chemin,du Belvédère,Sud,,Sherbrooke,QC,Québec,J1 5M4,CA,pmarquis@gmail.example,+1-450-555-0176,CTR-1000070542,habitation,2019-11-16,2027-06-27,actif,2035.57,mensuelle,virement,AG--PR-001,2019-10-29,2024-06-15,,,
principal,CLI-00070664,M.,Patrick,Roy,1989-07-08,M,fr,5747,avenue,du Lac,,,Terrebonne,qc,Québec,J6W 9C3,CA,patrick882@gmail.example,+1-514-555-0103,CTR-1000070664,habitation,2023-02-15,2027-02-28,actif,851.96,mensuelle,prélèvement,AG-PR-002,2023-01-16,2023-03-31,,,
principal,CLI-00070749,Mme,Isabelle,Gonzalez,1962-02-08,F,fr,1980,boulevard,des  Trois-Lacs,Ouest,,Saint-Jean-sur-Richelieu,QC,Québec,J3A 3B5,CA,isabelle6063@gmail.example,+1-450-555-0176,CTR-1000070749,vie,2025-11-01,2027-08-28,actif,3210.54,mensuelle,virement,AG-PR-002,2025-10-06,2026-01-19,,,
principal,CLI-00070838,M.,Mateo,Gagné,1943-04-03,M,en,6012,Street,Silverwood,,862,Laval,QC,Québec,H7W 1H6,CA,mateo902@gmail.example,+1-819-555-0162,CTR-1000070838,vie,2022-03-30,2024-04-21,expiré,1691.37,annuelle,carte,AG-PR-001,2022-03-05,2025-04-12,,,
principal,CLI-00070918,M.,Asher,Campbell,1967-12-31,M,en,4048,Road,Lakeshore,,,London,ON,Ontario,N6A 9T4,CA,ashercampbell@icloud.example,+1-683-555-0133,CTR-1000070918,auto,2018-07-21,2021-09-21,expiré,1387.89,mensuelle,prélèvement,AG-PR-003,2018-07-14,2024-07-20,,,
principal,CLI-00071105,Mme,Stéphanie,Lavoie,1944-09-24,F,fr,703,boulevard,des Pins,,204,Longueuil,QC,Québec,J4H 4L2,CA,stephanie_lavoie@icloud.example,+1-873-555-0111,CTR-1000071105,vie,2017-02-04,2027-01-19,actif,1448.19,mensuelle,prélèvement,AG-PR-006,2017-02-01,2018-06-13,,,
principal,CLI-00071131,M.,Éric,Lessard,2004-03-27,M,fr,754,rue,du Lac,,,Montréal,QC,Québec,H2X 7R5,CA,eric.lessard@yahoo.example,+1-450-555-0193,CTR-1000071131,auto,2024-11-08,2027-01-30,suspendu,2141.48,trimestrielle,prélèvement,AG-PR-008,2024-10-31,2025-04-11,,,
principal,CLI-00071306,Mme,Lucie,Parent,1953-11-20,F,fr,9966,avenue,des Érables,,,Québec,QC,Québec,G1R 9E2,CA,lp8411@yahoo.example,+1-418-555-0112,CTR-1000071306,auto,2025-07-19,2026-11-30,actif,581.26,annuelle,prélèvement,AG-PR-003,2025-07-08,2026-06-10,,,
principal,CLI-00071590,M.,Gilles,Morin,1970-12-08,M,fr,254,rue,du Haver,,239,Québec,QC,Québec,G2B 2J1,CA,gil57@outlook.example,+1-581-555-0115,CTR-1000071590,habitation,2016/09/29,,actif,592.01,mensuelle,prélèvement,AG-PR-005,2016-09-23,2021-12-28,,,
principal,CLI-00071762,M.,Samuel,Morin,1973-11-17,M,fr,5975,impasse,de l'Anse,,,Longueuil,QC,Québec,J4K 6R2,CA,samuel486@yahoo.example,+1-468-555-0128,CTR-1000071762,auto,2018-11-03,2027-04-15,actif,1012.79,mensuelle,prélèvement,AG-PR-002,2018-10-20,2024-06-09,,,
principal,CLI-00072311,Mme,Amelia,Wilson,2003-09-05,F,en,6959,Way,Forest,East,412,Halifax,NS,Nouvelle-Écosse,J2T 8A3,CA,wilson.amelia@gmail.example,+1  902-555-0140,CTR-1000072311,voyage,2023-12-27,,actif,481.20,mensuelle,chèque,AG-PR-002,2023-12-13,2024-02-23,,,
principal,CLI-00072451,M.,Benjamin,Halll,1948-01-24,M,en,4641,Street,Spring,North,,Grand Sudbury,ON,Ontario,P3A 2M6,CA,bhall@outlook.example,+1-343-555-0130,CTR-1000072451,habitation,2023-08-22,,actif,2133.71,annuelle_X,prélèvement,AG-PR-002,2023-08-04,2024-09-08,,,
principal,CLI-00072611,Mme,Nicole,Leclerc,1942-06-20,F,fr,700,boulevard,du Moulin,,,Laval,QC,Québec,H7W 9V1,CA,nicole8120@icloud.example,+1-579-555-0111,CTR-1000072611,voyage,2020-10-07,2026-13-40,actif,246.55,mensuelle,virement,AG-PR-007,2020-09-24,2023-11-30,,,fermé
principal,CLI-00072705,Mme,Geneviève,Tremblay,1999-01-08,F,fr,4184,chemin,des Trilliums,,,Sherbroo ke,QC,Québec,J1K  1P7,CA,louise.ouellet@gmail.example,+1-819-555-0110,CTR-1000072705,voyage,2021-05-17,2024-04-28,expiré,513.11,mensuelle,carte,AG-PR-004,2021-05-09,2024-10-27,,,
principal,CLI-00072904,Mme,Caroline,Renaud,2007-09-05,F,fr,2939,avenue,des Ormes,,,Lévis,QC,Québec,G6V 9R3,CA,caroline.renaud@gmail.example,+1-367-555-0153,CTR-1000072904,voyage,2026-02-06,2026-08-29,résilié,366.76,mensuelle,prélèvement,AG-PR-007,2026-02-01,2026-05-12,,,
principal,CLI-00072978,M.,Robert,Fortin,2008-02-13,M,fr,8781,place,des Peupliers,,,Grand Sudbury,ON,Ontario,P3E 7T7,CA,robert9678@gmail.example,+1-905-555-0150,CTR-1000072978,auto,2026-06-10,2026-06-27,résilié,1374.26,mensuelle,virement,AG-PR-001,2026-05-19,2026-08-21,,,
principal,CLI-00073394,Mme,Rosalie,Fortin,1964-05-28,F,fr,4696,route,des Mélèzes,Nord,687,Laval,QC,Québec,H7W 3Z6,CA,rosalie.fortin@gmail.example,+1-873-555-0181,CTR-1000073394,vie,2023-06-09,2027-07-04,actif,2094.13,mensuelle,prélèvement,AG-PR-002,2023-05-24,2026-06-11,,,
principal,CLI-00073489,M.,Mathieu,Beaulieu,1960-02-19,M,fr,6024,rue,du Ruisseau,,762,Montréal,QC,Québec,H2X 1M3,CA,mathieu1526@yahoo.example,+1-514-555-0168,CTR-1000073489,habitation,2019-02-19,2027-01-07,actif,1836.56,mensuelle,carte,AG-PR-003,2019-01-25,2020-02-21,2019-04-22,36937.35,fermé
principal,CLI-00073629,M.,Samuel,Campbell,1989-02-27,M,en,7154,Highway,Fairview,,826,St. John's,NL,Terre-Neuve-et-Labrador,A1C 9S7,CA,samuel89@gmail.example,+1-709-555-0134,CTR-1000073629,auto,2023-12-16,2026-03-24,résilié,641.54,mensuelle,carte_X,AG-PR-002,2023-12-10,2024-11-25,,,fermé
principal,CLI-00074261,Mme,Zoé,Lavoie,1952-08-31,F,fr,3107,boulevard,des Vents,,,Gatineau,QC,Québec,J9A 0R4,CA,lavoie87@gmail.example,+1-819-555-0110,CTR-1000074261,habitation,2018-02-08,2023-12-07,expiré,485.89,mensuelle,carte,AG-PR-003,2018-01-26,2020-01-24,2021-03-10,86964.29,fermé
principal,CLI-00074848,M.,Léo,Girard,1996-05-29,M,fr,6248,chemin,des Laurentides,,,Mirabel,QC,Québec,J7J 3S4,CA,girard4027@gmail.example,+1-468-555-0174,CTR-1000074848,voyage,2021-12-10,2022-10-21,résilié,434.32,mensuelle,carte,AG-PR-001,2021-11-30,2025-06-19,,,
principal,CLI-00075126,Mme,Clara,Gagné,1964-08-05,F,fr,4816,avenue,des Champs,,,Rimouski,QC,Québec,G5L 7B6,CA,clara_gagne@gmail.example,+1-579-555-0139,CTR-1000075126,vie,2020-02-08,2027-06-03,actif,3130.14,mensuelle,prélèvement,AG-PR-006,2020-02-06,2020-12-19,,,
principal,CLI-00075209,Mme,Diane,Parent,2006-06-23,F,fr,7323,place,des Prairies,,,Québec,QC,Québec,G1R 3R4,CA,dianep@bell.example,+1-514-555-0130,CTR-1000075209,auto,2025-02-22,,actif,1147.41,trimestrielle,prélèvement,AG-PR-001,2025-02-22,2025-04-09,2025-09-12,10308.63,fermé
principal,CLI-00075321,M.,Gilles,Chen,1944-08-30,M,fr,42,boulevard,des Cèdres,Sud,,Lévis,QC,Québec,G6V 6P0,CA,gilles4452@outlook.example,+1-438-555-0120,CTR-1000075321,auto,2019-07-03,2021-02-26,expiré,1131.35,mensuelle,virement,AG-PR-005,2019-06-27,2021-12-05,,,
principal,CLI-00075397,M.,Stéphane,Bouchard,1964-06-28,M,fr,3087,terrasse,des Sapins,,,Terrebonne,QC,Québec,J6W 2V2,CA,stephane.bouchard@hotmail.example,+1-819-555-0180,CTR-1000075397,habitation,2019-02-25,2027-08-19,actif,2596.57,trimestrielle,prélèvement,AG-PR-002,2019-02-03,2024-08-22,,,
principal,CLI-00075714,M.,Denis,Khan,1967-11-19,M,fr,4858,boulevard,du Boisé,,,Moncton,NB,Nouveau-Brunswick,E1C 8H2,CA,denis4555@bell.example,+1-428-555-0111,CTR-1000075714,habitation,2025-11-22,2027-08-25,actif,1912.54,mensuelle,carte,AG-PR-005,2025-10-25,2026-05-19,,,
principal,CLI-00075815,Mme,Charlottee,Martinez,1980-07-21,F,fr,6114,chemin,de l'Anse,,,Drummondville,QC,Québec,J2E 5B0,CA,charlotte6369@gmail.example,+1-581-555-0142,CTR-1000075815,voyage,2018-08-31,,suspendu,624.42,annuelle,carte,AG-PR-007,2018-08-26,2021-03-27,,,
principal,CLI-00076103,M.,Benjamin,Campbell,1975-01-19,M,en,3558,Trail,Northgate,,240,Hamilton,ON,Ontario,L8P 0V7,CA,benjaminc@hotmail.example,+1-647-555-0177,CTR-1000076103,habitation,2016-11-19,2026/11/09,actif,874.50,mensuelle,prelevement,AG-PR-003,2026-13-40,2019-12-01,2020-08-05,83616.48,fermé
principal,CLI-00076121,Mme,Lucie,Nguyen,1954-10-02,F,fr,9441,route,du Ruisseau,,931,Montréal,QC,Québec,H1A 3A0,CA,lucie.nguyen@hotmail.example,+1-450-555-0179,CTR-1000076121,habitation,2019-07-04,2027-03-09,actif,1231.33,mensuelle,chèque,AG-PR-007,2019-06-09,2025-12-16,,,
principal,CLI-00076148,Mme,Sarah-Maude,Bouchard,1961-07-16,F,fr,3529,croissant,du Moulin,,,Montréal,QC,Québec,H4A 3J4,CA,bouchard.sarahmaude@gmail.example,+1-438-555-0140,CTR-1000076148,voyage,2022-06-29,2027-08-22,actif,278.95,mensuelle,carte,AG-PR-003,2022-06-28,2025-12-05,,,
principal,CLI-00076216,Mme,Josée,Tremblay,1978-11-17,F,fr,3815,route,des Bouleaux,,180,Laval,QC,Québec,H7W 1C0,CA,josee5126@outlook.example,+1-418-555-0154,CTR-1000076216,habitation,2026-08-02,2026-12-24,actif,1886.10,mensuelle,prélèvement,AG-PR-001,2026-07-04,2026-07-16,,,
principal,CLI-00076295,Mme,Amelia,Anderson,2008-07-31,F,en,7106,Drive,Westwood,,,Québec,QC,Québec,G1V 3E5,CA,anderson43@gmail.example,+1-450-555-0143,CTR-1000076295,habitation,2026-09-03,2027-03-24,actif,2363.39,mensuelle,carte,AG-PR-001,2026-08-20,2026-09-01,,,
principal,CLI-00076417,M.,Theodore,Lewis,1955-08-28,M,en,8015,Street,Cedar,,,Lévis,QC,Québec,V5K 8N2,CA,lewis.theodore@yahoo.example,+1-438-555-0137,CTR-100007641,auto,2025-10-28,2027-08-15,suspendu,1758.18,annuelle,prélèvement,AG-PR-003,2025-10-11,2026-05-22,2026-02-04,5806.78,en_cours
principal,CLI-00076438,Mme,Charlotte,Landry,1999-06-26,F,fr,5077,rue,des Lilas,,,Victoriaville,qc,Québec,G6P 9A2,CA,landry4074@hotmail.example,+1-450-555-0118,CTR-1000076438,habitation,2020-07-22,2026-12-08,actif,2757.76,annuelle,prélèvement,AG-PR-001,2020-07-18,2020-07-21,2021-08-30,-63902.75,en_cours
principal,CLI-00076457,M.,Gabriel,Bouchard,1953-05-12,M,fr,6317,route,de la Rivière,,,Joliette,QC,Québec,J6E 6N6,CA,gabriel_bouchard@hotmail.example,+1-514-555-0197,CTR-1000076457,habitation,2026-01-03,2027-01-10,actif,2775.39,mensuelle,prélèvement,AG-PR-002,2025-12-11,2026-05-11,,,fermé
principal,CLI-00076477,M.,Claude,Fortin,1964-11-10,M,fr,574,impasse,du Moulin,,,Montréal,QC,Québec,H1A 1M6,ca,cfortin@bell.example,+1-581-555-0169,CTR-1000076477,auto,2017-04-12,2027-05-15,actif,1103.53,mensuelle,prélèvement,AG-PR-005,2017-03-21,2017-08-05,,,
principal,CLI-00076505,Mme,Diane,Leclerc,2000-12-10,F,fr,9095,avenue,du Boisé,Sud,,Granby,QC,Québec,J2H 5S8,CA,diane.leclerc@yahoo.example,+1-450-555-0199,CTR-1000076505,habitation,2023-10-29,,actif,796.38,trimestrielle,prélèvement,AG-ON-001,2023-10-10,2024-05-16,,,
principal,CLI-00076695,Mme,Eleanor,Martinez,1996-11-17,F,en,7846,Avenue,School,North,,Calgary,ab,Alberta,T2P 4H5,CA,eleanormartinez@yahoo.example,+1-403-555-0115,CTR-1000076695,vie,2020-12-26,,actif_X,905.84,mensuelle,prélèvement,AG-PR-006,2020-12-02,2024-03-24,,,
principal,CLI-00076709,Mme,Nicole,Simard,2004-11-08,F,fr,295,boulevard,du Domaine,,16,Saint-Jean-sur-Richelieu,QC,Québec,J3B 4R7,CA,simard721@hotmail.example,+1-873-555-0126,CTR-1000076709,habitation,2025-07-02,,actif,1039.97,annuelle,prélèvement,AG-PR-002,2025-06-13,2025-09-03,2026-07-11,67694.19,fermé
principal,CLI-00076905,M.,Mateo,Brown,1978-06-26,M,en,7894,Avenue,Lakeview,West,514,Saguenay,QC,Québec,G7H 7Z0,CA,mateo05@videotron.example,+1-579-555-0189,CTR-1000076905,habitation,2020-04-13,2021-11-08,expiré,1549.19,mensuelle,virement,AG-PR-003,2020-03-27,2024-09-24,,,
principal,CLI-00077347,M.,Elias,Green,1947-01-12,M,en,9887,Circle,Sunset,,199,Calgary,AB,Alberta,T3A 4E1,CA,elias.green@gmail.example,+1-368-555-0195,CTR-1000077347,voyage,2025-10-10,2027-04-28,actif,407.76,mensuelle,prélèvement,AG-PR-002,2025-10-07,2026-02-06,,,
principal,CLI-00077384,Mme,Océane,Cloutier,1966-12-27,F,fr,1383,rue,du Ruisseau,Nord,,Gatineau,QC,Québec,J8X 7G5,CA,oceane.cloutier@gmail.example,+1-468-555-0187,CTR-1000077384,habitation,2021-01-10,,actif,1326.75,annuelle,carte,AG-PR-002,2020-12-18,2023-02-14,,,
principal,CLI-00077830,Mme,Sylvie,Garcia,1944-03-06,F,fr,3498,chemin,du Moulin,Est,57,Québec,QC,Québec,G2B 0K9,CA,sylvie.garcia@gmail.example,+1-819-555-0158,CTR-1000077830,voyage,2019-12-05,2027-01-29,actif,363.01,mensuelle,prélèvement,AG-PR-001,2019-11-26,2021-07-15,,,
principal,CLI-00077875,Mme,Élise,Simard,1984-02-02,F,fr,7968,boulevard,de la Pinède,,,Vaudreuil-Dorion,QC,Québec,J7V 2K3,CA,esimard@icloud.example,+1-514-555-0155,CTR-1000077875,habitation,2021-01-14,2027-08-10,actif,1751.71,annuelle,prélèvement,AG-PR-002,2020-12-22,2024-10-26,,,
principal,CLI-00077886,M.,Mateo,Hall,1972-01-16,M,en,4932,Lane,Kingfisher,,,Toronto,ON,Ontario,M4W 4E9,CA,hall.mateo@hotmail.example,+1-548-555-0139,CTR-1000077886,auto,2026-08-22,2026-09-10,expiré,1354.32,mensuelle,prélèvement,AG-PR-003,2026-07-28,2026-08-26,,,
principal,CLI-00078325,Mme,Sophia,Scott,1965-06-02,F,en,6307,Street,Sunset,,894,Ottawa,ON,Ontario,K1P 9P9,CA,sophia583@icloud.example,+1-249-555-0189,CTR-1000078325,habitation,2021-04-24,2027-07-13,actif,1565.48,mensuelle,chèque,AG-PR-004,2021-04-07,2024-01-09,,,
principal,CLI-00078494,M.,Luc,Gagné,1981-09-28,M,fr,3850,chemin,du Parc,,958,Fredericton,NB,Nouveau-Brunswick,E3C 1J3,CA,gagne.luc@videotron.example,+1-506-555-0117,CTR-1000078494,auto,2024-11-08,2027-04-10,actif,1737.68,mensuelle,prélèvement,AG-PR-003,2024-11-03,2025-09-06,,,
principal,CLI-00078503,Mme,Stéphanie,Lévesque,1965-08-15,F,fr,7155,route,des Hirondelles,Nord,,Montréal,QC,Québec,H3G 0M7,CA,stephanie.levesque@rogers.example,+1-418-555-0126,CTR-1000078503,auto,2020-05-24,2026-12-12,actif,1821.51,annuelle,prélèvement,AG-PR-002,2020-05-15,2025-08-18,,,
principal,CLI-00078554,M.,Nathan,St-Pierre,2003-12-06,M,fr,7748,impasse,du Plateau,,,Repentigny,QC,Québec,J6A 1H9,CA,stpierre.nathan@outlook.example,+1-450-555-0155,CTR-1000078554,habitation,2023-04-15,2027-02-12,actif,664.44,annuelle,carte,AG-PR-004,2023-03-28,2026-04-18,,,
principal,CLI-00078591,M.,Alain,Desjardins,1955-04-13,M,fr,3921,terrasse,de la Pinède,,,Laval,QC,Québec,H7N 4H7,CA,alain_desjardins@yahoo.example,+1-450-555-0119,CTR-1000078591,habitation,2025-01-29,2027-05-29,actif,1395.51,semestrielle,prélèvement,AG-PR-002,2024-12-31,2026-08-11,,,
principal,CLI-00079405,Mme,Camille,Parent,1996-04-12,F,fr,7432,avenue,des Érables,,398,Saint John,NB,Nouveau-Brunswick,E2L 0Y3,CA,camille.parent@gmail.example,+1-506-555-0186,CTR-1000079405,auto,2025-06-02,2027-07-04,actif,1553.87,annuelle,prélèvement,AG-PR-001,2025-05-31,2025-10-27,,,
principal,CLI-00079792,Mme,Julie,Fortin,1956-10-23,F,fr,272,boulevard,du Boisé,Sud,680,Saguenay,QC,Québec,G7J  9T2,ca,jul714@gmail.example,+1-514-555-0106,CTR-1000079792,auto,2024-10-16,2025-09-16,résilié,1295.22,annuelle,carte,AG-PR-005,2024-09-29,2026-04-18,,,
principal,CLI-00080274,Mme,Louise,Gagné,1998-07-13,F,fr,8272,croissant,du Lac,,,Québec,QC,Québec,G1R 8J9,CA,louise-gagne@yahoo.example,+1-819-555-0153,CTR-1000080274,voyage,2017-08-25,2026-10-18,actif,179.25,annuelle,prélèvement,AG-PR-004,2017-08-08,2021-03-30,,,
principal,CLI-00080291,M.,Pierre,Tremblay,2000-06-02,M,fr,31,chemin,du Marais,,66,Ottawa,ON,Ontario,K2P 1W5,CA,pierretremblay@rogers.example,+1  226-555-0137,CTR-1000080291,auto,2024-05-14,2027-03-08,actif,1353.96,mensuelle,carte,AG-PR-001,2024-05-12,2025-02-27,,,
principal,CLI-00080770,M.,Charlotte,Dubé,1967-12-11,M,fr,9053,avenue,du Ruisseau,Nord,,Sherbrooke,QC,Québec,J1K 3G1,CA,mar5133@outlook.example,+1-819-555-0103,CTR-1000080770,auto,2022-11-27,2027-05-07,actif,468.81,mensuelle,prélèvement,AG-PR-006,2022-11-18,2025-08-22,,,
principal,CLI-00080967,Mme,Isabelle,Gagnon,1975-07-05,F,fr,6396,avenue,des Mélèzes,,,Montréal,QC,Québec,H1A 5S3,CA,igagnon@hotmail.example,+1-450-555-0111,CTR-1000080967,auto,2022-12-14,2023-08-21,expiré,490.01,mensuelle,virement,AG-PR-002,2022-12-13,2023-12-30,,,
principal,CLI-00081346,Mme,Nicole,Tremblay,1948-07-04,F,fr,2480,rue,des Pionniers,,450,Lévis,QC,Québec,G6W 2X6,CA,nicoletremblay@icloud.example,+1-514-555-0115,CTR-1000081346,auto,2023-05-06,2027-03-01,actif,845.74,annuelle,prélèvement,AG-PR-001,2023-04-09,2024-11-18,,,
principal,CLI-00081543,M.,Alain,Khan,1987-03-29,M,fr,3331,chemin,de la Falaise,,967,Repentigny,QC,Québec,J6A 1X2,CA,alain.khan@gmail.example,+1-438-555-0182,CTR-1000081543,habitation,2020-11-26,,actif,1043.66,trimestrielle,prélèvement,AG-PR-002,2020-11-22,2025-02-03,,,
principal,CLI-00081567,Mme,Véronique,Bergeron,1963-03-04,F,fr,2021,boulevard,du Boisé,Est,531,Trois-Rivières,QC,Québec,G9A 4J2,CA,veronique.bergeron@gmail.example,+1-367-555-0140,CTR-1000081567,voyage,2025-11-25,2025-12-22,expiré,557.19,mensuelle,virement,AG-PR-002,2025-11-19,2025-12-23,,,
principal,CLI-00081707,Mme,Mélanie,Turcotte,1980-08-11,F,fr,1015,boulevard,des Bouleaux,,885,Laval,QC,Québec,H7N 6P9,CA,melanie_turcotte@proton.example,+1-579-555-0108,CTR-1000081707,habitation,2022-03-17,2027-08-05,actif,1179.85,mensuelle,prélèvement,AG-PR-007,2022-03-13,2024-04-05,,,
principal,CLI-00081744,Mme,Manon,Gagnon,1966-07-27,F,fr,1355,avenue,de la Clairière,,600,Saguenay,QC,Québec,G7J 6S9,CA,manongagnon@bell.example,+1-579-555-0179,CTR-1000081744,auto,2023-11-18,2027-08-10,actif,1042.25,annuelle,prélèvement,AG-PR-001,2023-11-03,2026-06-21,,,
principal,CLI-00081756,M.,Denis,Ouellet,1999-07-13,M,fr,6478,chemin,des Érables,,95,Ottawa,ON,Ontario,K1P 7E3,CA,denis59@yahoo.example,+1-705-555-0145,CTR-1000081756,auto,2019-08-11,2027-03-29,actif,684.13,semestrielle,virement,AG-PR-001,2019-07-23,2021-06-06,,,
principal,CLI-00082227,M.,Martin,Boucher,1949-05-11,M,fr,7881,boulevard,des Saules,,,Saint-Hyacinthe,QC,Québec,J2S 5M3,CA,martinboucher@gmail.example,+1-514-555-0175,CTR-1000082227,auto,2023-02-22,2026-11-23,actif,1392.22,trimestrielle,prélèvement,AG-PR-003,2023-02-19,2025-12-11,,,
principal,CLI-00082332,Mme,Sylvie,Rodriguez,1948-05-13,F,fr,2731,chemin,des Prairies,,,Saint-Jean-sur-Richelieu,QC,Québec,J3B 7N7,CA,sylvie.rodriguez@gmail.example,+1-514-555-0110,CTR-1000082332,auto,2022-10-25,2027-01-08,actif,1433.99,mensuelle,prélèvement,AG-PR-001,2022-10-20,2025-02-26,2024-04-08,14301.08,fermé
principal,CLI-00082554,M.,Gabriel,Plante,1977-12-12,M,fr,1793,allée,des Pins,Ouest,,Joliette,QC,Québec,J6E 6N4,CA,gabriel.plante@gmail.example,+1-468-555-0154,CTR-1000082554,habitation,2023-06-11,2027-02-17,actif,347.28,mensuelle,virement,AG-PR-001,2023-06-02,2023-06-04,,,
principal,CLI-00082638,Mme,Valérie,Côté,1981-06-19,F,fr,5835,route,des Épinettes,,,Québec,QC,Québec,G1V 7V4,CA,val1880@gmail.example,+1-438-555-0146,CTR-1000082638,auto,2020-10-03,2027-03-30,actif,2341.32,semestrielle,prélèvement,AG-PR-005,2020-09-19,2024-05-18,,,
principal,CLI-00082697,M.,Theodore,Morgan,1953-03-07,M,en,7314,Road,Lakeview,North,48,Longueuil,QC,Québec,J4H 5G9,CA,tmorgan@videotron.exampl e,+1-819-555-0155,CTR-1000082697,voyage,2017-02-12,,actif,496.24,mensuelle,prélèvement,AG-PR-003,2017-02-07,2026-02-20,,,
principal,CLI-00082797,Mme,Grace,Taylor,1971-09-16,F,en,5560,Road,Orchard,North,,Ottawa,ON,Ontario,K2P 6T7,CA,grace_taylor@gmail.example,+1-416-555-0166,CTR-1000082797,habitation,2024-06-10,2027-06-06,actif,1266.28,trimestrielle,carte,AG-PR-006,2024-05-17,2025-08-07,,,
principal,CLI-00082821,Mme,Stéphanie,Simard,1940-04-10,F,fr,7044,promenade,de l'Aube,,969,Fredericton,NB,Nouveau-Brunswick,E3B 7T3,CA,stephanie493@videotron.example,+1-506-555-0118,CTR-1000082821,auto,2025-07-11,2026-12-31,actif,1502.78,mensuelle,virement,AG-PR-005,2025-06-22,2025-09-09,,,
principal,CLI-00083161,M.,Ezra,Mohammed,1974-12-28,M,en,493,Street,Railway,North,,Gatineau,QC,Québec,J9A 0A9,CA,ezramohammed@gmail.example,+1-438-555-0105,CTR-1000083161,voyage,2022-09-23,2027-06-19,actif,223.30,mensuelle,prélèvement,AG-PR-001,2022-09-08,2026-04-27,,,
principal,CLI-00083284,M.,Maxime,Bergeron,1986-01-25,M,fr,6901,place,du  Boisé,,,Brossard,QC,Québec,J9P 5K4,CA,mb9065@hotmail.example,+1-418-555-0101,CTR-1000083284,habitation,2024-07-14,2027-04-14,actif,2075.58,mensuelle,prélèvement,AG-PR-001,2024-06-21,2026-05-06,,,
principal,CLI-00083569,M.,Thomas,Lessard,1997-02-05,M,fr,7738,place,du Ruisseau,,98,Laval,QC,Québec,H7N 9Z1,CA,lessard834@bell.example,+1-514-555-0139,CTR-1000083569,habitation,2018-11-09,,actif,1216.97,annuelle,carte,AG-PR-001,2018-10-19,2019-02-08,,,
principal,CLI-00083630,Mme,Noémie,Gonzalez,1989-03-12,F,fr,3641,avenue,de la Grande-Allée,Nord,,Montréal,QC,Québec,H2X 9Y6,CA,noemiegonzalez@yahoo.example,+1-438-555-0105,CTR-1000083630,auto,2017-05-15,2027-05-04,actif,2216.25,annuelle,prélèvement,AG-PR-001,2017-04-20,2017-07-24,,,
principal,CLI-00083798,M.,Theodore,Adams,1994-03-14,M,en,3310,Boulevard,Rosewood,,922,Mississauga,ON,Ontario,L5B 6Z8,CA,theodorea@yahoo.example,+1-807-555-0197,CTR-1000083798,habitation,2020-01-02,,actif,1578.17,mensuelle,carte,AG-PR-004,2019-12-18,2026-01-28,,,
principal,CLI-00084066,M.,Nathan,Bergeron,1956-11-25,M,fr,8026,croissant,des Chênes,,,Granby,QC,Québec,J2H 2A1,CA,nathan-bergeron@gmail.example,+1-438-555-0115,CTR-1000084066,auto,2021-01-01,2027-01-28,actif,1048.01,annuelle,prélèvement,AG-PR-005,2020-12-04,2024-05-23,,,
principal,CLI-00084226,Mme,Isla,Fernandes,1952-01-12,F,en,9589,Street,Spring,,,Toronto,ON,Ontario,M5V 1K1,CA,fernandes.isla@yahoo.example,+1-807-555-0123,CTR-1000084226,vie,2023-03-30,2027-03-22,suspendu,2228.83,mensuelle,carte,AG-PR-007,2023-03-08,2025-06-16,,,
principal,CLI-00084392,M.,Jacques,Bélanger,1965-01-15,M,fr,9431,terrasse,des Bouleaux,Est,52,Gatineau,QC,Québec,J8Y 6J2,CA,jacques2492@icloud.example,+1-579-555-0135,CTR-1000084392,habitation,2020-10-02,2027-04-21,actif,896.34,semestrielle,chèque,AG-PR-002,2020-09-07,2025-08-20,,,
principal,CLI-00084513,M.,Marc-André,Girard,1992-11-01,M,fr,8327,boulevard,du Belvédère,,285,Rouyn-Noranda,QC,Québec,J9Y 4M0,CA,mar788@gmail.example,+1-514-555-0128,CTR-1000084513,habitation,2024-10-20,2026-10-16,actif,2519.16,mensuelle,virement,AG-PR-003,2024-10-07,2026-01-06,,,
principal,CLI-00084806,Mme,Chantal,Martel,1954-09-06,F,fr,1948,montée,de la Clairière,,35,Saint-Hyacinthe,QC,Québec,J2S 3H9,CA,cha209@icloud.example,+1-418-555-0142,CTR-1000084806,voyage,2019-12-21,2027-02-14,actif,598.28,mensuelle,chèque,AG-PR-006,2019-11-24,2023-11-13,,,
principal,CLI-00085160,M.,Jack,Campbell,1999-06-21,M,en,8538,Lane,Brookside,,,Edmonton,AB,Alberta,T5J 2R9,CA,jack102@hotmail.example,+1-368-555-0124,CTR-1000085160,auto,2017-07-30,,actif,932.69,mensuelle,virement,AG-PR-003,2017-07-25,2026-03-20,,,
principal,CLI-00085609,Mme,Émilie,Fortin,2000-03-21,F,fr,6150,rue,des Prairies,,,Laval,QC,Québec,H7N 7P9,CA,emilie_fortin@icloud.example,+1-579-555-0173,CTR-1000085609,habitation,2024-01-04,2024-05-01,expiré,1549.73,annuelle,prélèvement,AG-PR-004,2023-12-22,2025-07-19,,,
principal,CLI-00085635,M.,Robert,Michaud,1976-08-01,M,fr,3206,route,des Sommets,,847,Saguenay,QC,Québec,G7J 3K5,CA,rmichaud@gmail.example,+1-418-555-0181,CTR-1000085635,voyage,2024-08-03,2025-08-19,expiré,246.93,annuelle,virement,AG-PR-001,2024-07-22,2024-08-27,,,
principal,CLI-00085730,Mme,Camille,Bouchard,1938-06-03,F,fr,7648,rue,des Peupxiers,,,Montréal,QC,Québec,H2X 0B9,CA,camille.bouchard@videotron.example,+1-873-555-0116,CTR-1000085730,auto,2017-11-12,2026-11-20,actif,1661.97,mensuelle,carte,AG-PR-002,2017-10-14,2024-06-20,2023-06-22,17874.80,fermé
principal,CLI-00085789,M.,Martin,Roy,1966-12-18,M,fr,5286,rang,des Mélèzes,,,Mirabel,QC,Québec,J7N 4C6,CA,martinroy@outlook.example,+1-819-555-0169,CTR-1000085789,voyage,2026-01-03,2026-07-01,expiré,305.21,annuelle,virement,AG-PR-002,2025-12-11,2026-05-10,,,
principal,CLI-00085980,M.,Elias,Li,1975-12-30,M,en,2338,Street,Lakeview,East,,Halifax,NS,Nouvelle-Écosse,B3J 7A6,CA,li1395@outlook.example,+1  902-555-0103,CTR-1000085980,auto,2017-10-17,2022-08-01,expiré,545.25,trimestrielle,prélèvement,AG-PR-001,2017-10-03,2019-04-13,,,
principal,CLI-00086004,M.,Michel,Bouchard,1973-04-29,M,fr,6172,place,du Lac,,,Lévis,QC,Québec,G6W 2G3,CA,michelbouchard@gmail.example,+1-418-555-0155,CTR-1000086004,voyage,2020-10-09,2025-10-13,expiré,342.15,mensuelle,prélèvement,AG-PR-005,2020-10-03,2025-06-16,,,
principal,CLI-00086087,Mme,Josée,Hébert,1977-05-20,F,fr,7297,carré,des Ormes,,,Longueuil,QC,Québec,J4K 3E4,CA,josee_hebert@outlook.example,+1-514-555-0147,CTR-1000086087,habitation,2017-12-19,2023-10-09,expiré,1198.01,mensuelle,prélèvement,AG-PR-002,2017-12-01,2021-09-17,,,
principal,CLI-00086403,Mme,Emily,Thompson,1961-02-01,F,en,5299,Boulevard,Maple,,,Toronto,ON,Ontario,M5V 1K6,CA,thompson635@outlook.example,+1-683-555-0169,CTR-1000086403,auto,2020-08-20,,actif,739.23,mensuelle,prélèvement,AG-PR-008,2020-08-12,2026-05-22,,,
principal,CLI-00086456,Mme,Sophie,Bélanger,1982-11-04,F,fr,8668,place,des Bouleaux,Est,,Sept-Îles,QC,Québec,G4R 5A0,CA,sophie155@gmail.example,+1-819-555-0185,CTR-1000086456,auto,2027-03-02,2020-07-01,actif,437.20,semestrielle,carte,AG-PR-002,2020-06-28,2023-10-03,2025-08-18,,rejeté
principal,CLI-00086586,M.,William,Girard,1995-06-08,M,fr,1274,avenue,du Boisé,Ouest,,Québec,QC,Québec,G1V 3R1,CA,girard.william@gmail.example,+1-873-555-0174,CTR-1000086586,auto,2026-03-15,2027-04-18,actif,956.58,mensuelle,carte,AG-PR-005,2026-03-06,2026-07-21,,,
principal,CLI-00086734,M.,Éric,Lévesque,1936-11-04,M,fr,8836,avenue,des Frênes,,,La Tuque,QC,Québec,G9X 6C2,CA,eric95@videotron.example,+1-819-555-0186,CTR-1000086734,auto,2020-01-20,2027-06-28,actif,484.13,mensuelle,prélèvement,AG-PR-002,2020-01-03,2020-12-01,,,
principal,CLI-00086989,M.,Levi,Smith,2006-05-28,M,en,5999,Street,Station,,,Montréal,QC,Québec,H3G 6P6,CA,levismith@icloud.example,+1-450-555-0188,CTR-1000086989,voyage,2024-07-18,2026-11-16,actif,308.11,annuelle,virement,AG-PR-003,2024-07-05,2025-08-02,,,
principal,CLI-00087028,Mme,Charlotte,Caron,1970-05-08,F,fr,7004,route,de la Falaise,,,Brossard,QC,Québec,J4X  8Z3,CA,caroline-grenier@outlook.example,+1-468-555-0197,CTR-1000087028,vie,2024-11-29,2027-02-28,actif,1010.47,annuelle,prélèvement,AG-PR-001,2024-11-05,2025-04-25,,,
principal,CLI-00087630,Mme,Julie,Cloutier,1954-11-30,F,fr,685,chemin,des Hirondelles,,513,Edmonton,AB,Alberta,T5J 7S1,CA,julie_cloutier@icloud.example,+1-587-555-0147,CTR-1000087630,habitation,2022-07-18,2027-03-06,actif,950.43,mensuelle,prélèvement,AG-PR-004,2022-06-24,2022-09-05,2023-07-29,81330.68,rejeté
principal,CLI-00087849,M.,Alexandre,Roy,1949-07-14,M,fr,9525,montée,du Belvédère,,,Dollard-des-Ormeaux,QC,Québec,H9B 3V7,CA,alexandre93@gmail.example,+1-819-555-0172,CTR-1000087849,auto,2017-01-08,,actif,1242.15,mensuelle,carte,AG-PR-001,2016-12-28,2019-06-18,,,
principal,CLI-00087899,Mme,Nicole,Morin,1999-06-03,F,fr,2660,rue,des Laurentides,,730,Trois-Rivières,QC,Québec,G8Z 3L2,CA,nm6580@outlook.example,+1-581-555-0113,CTR-1000087899,auto,2022-06-22,2027-05-29,actif,496.16,mensuelle,virement,AG-PR-005,2022-06-05,2022-10-27,,,
principal,CLI-00088383,M.,Liam,Taylor,1987-06-30,M,en,4348,Boulevard,Meadow,East,778,Kelowna,BC,Colombie-Britannique,V1Y 9V0,CA,taylor46@gmail.example,+1-250-555-0125,CTR-1000088383,habitation,2017-06-16,2025-05-22,expiré,3154.06,mensuelle,chèque,AG-PR-002,2017-05-17,2022-05-05,,,
principal,CLI-00088394,Mme,Amélie,Leclerc,1954-08-07,F,fr,4045,chemin,des Lilas,Nord,,Sherbrooke,QC,Québec,J1H 7W9,CA,amelie.leclerc@outlook.example,+1-514-555-0177,CTR-1000088394,habitation,2023-09-02,2025-12-06,expiré,2288.91,mensuelle,prélèvement,AG-PR-008,2023-08-24,2023-12-20,,,
principal,CLI-00088455,Mme,Louise,Plante,1952-06-19,F,fr,4650,terrasse,du Lac,,,Rimouski,QC,Québec,G5M 2A6,CA,plante496@outlook.example,+1-581-555-0106,CTR-1000088455,auto,2017-12-12,,actif,1142.95,mensuelle,carte,AG-PR-005,2017-11-14,2026-07-01,,,
principal,CLI-00088597,M.,Elijah,Smith,1969-03-27,M,en,5591,Drive,Lakeview,,872,Longueuil,QC,Québec,J4H 5N8,CA,elijahsmith@outlook.example,+1-418-555-0158,CTR-1000088597,habitation,2020-10-27,2027-05-29,actif,2408.75,mensuelle,prélèvement,AG-PR-006,2020-10-23,2022-05-23,2023-07-10,23422.44,fermé
principal,CLI-00088839,M.,William,Roy,1991-11-11,M,fr,1341,côte,de la Traverse,,,Sherbrooke,QC,Québec,J1K 1E7,CA,william920@gmail.example,+1-418-555-0194,CTR-1000088839,voyage,2026-08-10,2026-09-11,expiré,456.29,mensuelle,prélèvement,AG-PR-007,2026-07-15,2026-09-02,,,
principal,CLI-00088868,M.,André,Fortin,1979-06-17,M,fr,231,rue,des Sommets,Ouest,915,Saint-Hyacinthe,QC,Québec,J2R 8E8,CA,andrefortin@outlook.example,+1-514-555-0172,CTR-1000088868,vie,2023-10-05,2025-04-03,expiré,674.29,mensuelle,carte,AG-PR-001,2023-09-28,2025-11-24,,,
principal,CLI-00088968,M.,Léo,Gagné,1995-12-24,M,fr,1929,boulevard,des Tulipes,,,Laval,QC,Québec,H7N 4H6,CA,lgagne@yahoo.example,+1-418-555-0164,CTR-1000088968,auto,2021-09-03,2021-09-13,résilié,1531.44,mensuelle,chèque,AG-PR-001,2021-08-23,2022-04-22,,,
principal,CLI-00089153,M.,Henry,Baker,1940-02-11,M,en,4327,Street,Cedar,,,Montréal,QC,Québec,H2X 3Z5,CA,henry12@gmail.example,+1-438-555-0142,CTR-1000089153,auto,2024-06-08,2026-12-13,suspendu,894.29,mensuelle,virement,AG-PR-007,2024-05-29,2024-08-05,2025-01-17,12995.32,fermé
principal,CLI-00089389,M.,Mathieu,Lapointe,05-18-1953,M,fr,8341,boulevard,du Belvedere,,944,Repentigny,QC,Québec,J6A 5M5,CA,mat0599@outlook.example,+1-450-555-0196,CTR-100008938,auto,12-12-2021,12-05-2026,actif,1954.58,semestrielle,carte,AG-PR-008,12-10-2021,02-11-2022,,,
principal,CLI-00089512,M.,Félix,Leblanc,1997-10-10,M,fr,8358,rue,de l'Aube,,,Québec,QC,Québec,G1R 0M5,CA,felix_leblanc@rogers.example,+1-581-555-0185,CTR-1000089512,auto,2022-12-10,2027-02-10,actif,1116.44,mensuelle,carte,AG-PR-004,2022-11-13,2024-07-01,,,
principal,CLI-00089556,M.,Jean,Gauthier,1959-08-01,M,fr,3932,rue,des Cascades,,706,Trois-Rivières,QC,Québec,G8Z 7N1,CA,gauthier.jean@outlook.example,+1-581-555-0130,CTR-1000089556,auto,2023-04-29,2027-06-18,actif,1878.78,mensuelle,virement,AG-PR-001,2023-04-05,2025-06-03,,,
principal,CLI-00090021,Mme,Aria,Baker,1982-04-11,F,en,6484,Avenue,Meadow,,317,Toronto,ON,Ontario,M5V 7R8,CA,aria.baker@outlook.example,+1-365-555-0104,CTR-1000090021,auto,2021-04-06,2027-02-12,actif,1739.07,semestrielle,prélèvement,AG-PR-005,2021-03-19,2023-09-21,,,
principal,CLI-00090070,M.,Gabriel,Roy,1963-03-03,M,fr,1795,chemin,des Pionniers,,,Rivière-du-Loup,QC,Québec,G5R 0V8,CA,gabrielroy@yahoo.example,+1-581-555-0115,CTR-1000090070,habitation,2019-01-19,2027-03-14,actif,2211.73,mensuelle,virement,AG-PR-005,2019-01-15,2024-10-15,,,
principal,CLI-00090387,M.,Henry,Wright,1989-06-11,M,en,8500,Avenue,Cedar,,,Montréal,QC,Québec,H2X 5H1,CA,henry.wright@rogers.example,+1-819-555-0144,CTR-1000090387,vie,2019-12-09,2024-06-21,expiré,-2711.15,mensuelle,prélèvement,AG-PR-001,2019-11-29,2026-04-29,,,
principal,CLI-00090709,M.,Robert,Morin,1967-07-13,M,fr,3548,place,de la Côte-Verte,,,Sept-Îles,QC,Québec,G4R 3T6,CA,morin66@hotmail.example,+1-418-555-0152,CTR-1000090709,auto,2025-07-30,2027-04-29,actif,1578.58,mensuelle,virement,AG-PR-002,2025-07-28,2026-08-11,,,
principal,CLI-00090950,M.,Denis,Silva,2003-06-11,M,fr,9908,chemin,des Peupliers,Sud,,Laval,QC,Québec,H7N 4A1,CA,denis.silva@gmail.example,+1-581-555-0173,CTR-1000090950,vie,2026-06-30,2026-12-06,actif,2142.78,mensuelle,prélèvement,AG-PR-001,2026-06-20,2026-08-08,,,
principal,CLI-00091057,M.,Claude,Bouchard,1968-06-24,M,fr,1061,route,du Boisé,Ouest,,Gatineau,QC,Québec,J8Y 0K6,CA,claude_bouchard@videotron.example,+1-450-555-0148,CTR-1000091057,habitation,2020-06-19,2026-12-10,actif,1188.14,trimestrielle,prélèvement,AG-PR-001,2020-06-15,2023-02-03,,,
principal,CLI-00091194,Mme,Lucie,Fortin,1976-02-03,F,fr,3152,allée,des Érables,,,Victoriaville,QC,Québec,G6R 0N7,CA,lucie.fortin@icloud.example,+1-514-555-0106,CTR-1000091194,habitation,2021-06-28,2027-09-04,actif,1185.83,mensuelle,virement,AG-PR-001,2021-06-03,2021-07-09,,,
principal,CLI-00091434,Mme,Maude,Fortin,1992-08-24,F,fr,5534,avenue,des Laurentides,Ouest,490,Québec,QC,Québec,G2B 2Z3,CA,maude.fortin@hotmail.example,+1-418-555-0111,CTR-1000091434,voyage,2024-02-21,2026-06-22,expiré,179.12,semestrielle,virement,AG-PR-006,2024-02-19,2025-04-28,,,
principal,CLI-00091565,Mme,Suzanne,Lapointe,1944-08-22,F,fr,1066,boulevard,des Mélèzes,,,Saint-Jérôme,QC,Québec,J7Y 2K8,CA,suzanne.lapointe@gmail.example,+1-514-555-0163,CTR-1000091565,auto,2022-09-28,,actif,1339.58,mensuelle,chèque,AG-PR-004,2022-09-11,2026-06-13,,,
principal,CLI-00091768,Mme,Sylvie,Vachon,1939-02-12,F,fr,2821,autoroute,du Ruisseau,,,Montréal,QC,Québec,H4A 9A8,CA,sylvievachon@outlook.example,+1-819-555-0113,CTR-1000091768,habitation,2024-10-03,2027-01-18,actif,2417.05,mensuelle,carte,AG-PR-001,2024-09-06,2026-07-02,,,
principal,CLI-00092079,M.,Denis,Morin,2002-08-20,M,fr,8899,rue,des Peupliers,Nord,689,Sherbrooke,QC,Québec,J1H 7W4,CA,denis-morin@hotmail.example,+1-438-555-0194,CTR-1000092079,auto,2023-10-16,2027-05-12,suspendu,841.32,mensuelle,prélèvement,AG-PR-007,2023-09-24,2024-05-04,2024-07-12,,en_cours
principal,CLI-00092524,M.,Luke,Le,1982-11-24,M,en,5684,Boulevard,Birch,,,Edmonton,AB,Alberta,T6G 8K1,CA,le.luke@gmail.example,+1-368-555-0121,CTR-1000092524,habitation,2021-07-28,,actif,2264.89,trimestrielle,carte,AG-PR-006,2021-07-16,2023-02-13,,,
principal,CLI-00092713,Mme,Emma,Nelson,1950-01-12,F,en,2502,Circle,Cedar,South,919,Repentigny,QC,Québec,J5Y 8C8,CA,emma18@icloud.example,+1-418-555-0121,CTR-1000092713,auto,2018-03-06,2022-07-02,résilié,521.48,annuelle,carte,AG-PR-007,2018-02-22,2022-02-27,,,
principal,CLI-00092885,Mme,Marie-Claude,Pham,1943-07-10,F,fr,1998,rue,du Marché,Sud,,Drummondville,QC,Québec,J2B 4N9,CA,marieclaude.pham@yahoo.example,+1-354-555-0181,CTR-1000092885,habitation,2017-11-09,2027-07-16,actif,1150.66,mensuelle,virement,AG-PR-001,2017-10-13,2025-03-08,,,
principal,CLI-00093222,M.,Daniel,Clark,1938-01-03,M,en,2307,Avenue,Brookside,West,782,Saint John,NB,Nouveau-Brunswick,E2L 5K2,CA,clark.daniel@gmail.example,+1-506-555-0139,CTR-1000093222,voyage,2021-12-01,2027-08-20,actif,206.38,mensuelle,prélèvement,AG-PR-001,2021-11-15,2025-06-15,,,
principal,CLI-00093250,Mme,Louise,Patel,1993-08-02,F,fr,1327,impasse,des Prairies,Sud,,Mascouche,QC,Québec,J7K 6G0,CA,lou065@gmail.example,+1-514-555-0152,CTR-1000093250,auto,2019-02-06,2027-07-26,suspendu,898.58,trimestrielle,prélèvement,AG-PR-001,2019-01-17,2019-03-26,,,
principal,CLI-00093266,M.,Pierre,Leblanc,1954-05-06,M,fr,3697,rue,des Hirondelles,,456,Sainte-Julie,QC,Québec,J3E 4V8,CA,pierre.leblanc@hotmail.example,+1-263-555-0198,CTR-1000093266,habitation,2022-07-28,2025-04-11,expiré,1639.10,annuelle,prélèvement,AG-PR-007,2022-07-10,2026-01-09,,,
principal,CLI-0009344,M.,Alexandre,Wong,1990-10-06,M,fr,7055,rang,de la Colline,,595,Sherbrooke,QC,Québec,J1H 0Y1,CA,ale585@icloud.example,+1-438-555-0111,CTR-1000093447,habitation,2019-12-23,2026-11-28,actif,1657.53,semestrielle,prélèvement,AG-PR-008,2019-12-10,2026-01-26,,,
principal,CLI-00093466,M.,Claude,Liu,1961-12-11,M,fr,2107,carré,du Rocher,,,Laval,QC,Québec,H7N 2J6,CA,cl75@icloud.example,+1-581-555-0144,CTR-1000093466,habitation,2017-05-28,2027-06-24,actif,1676.93,mensuelle,carte,AG-PR-006,2017-05-07,2025-12-06,,,
principal,CLI-00093507,M.,Oliver,Howard,1954-07-16,M,en,8223,Avenue,Southridge,,179,Vancouver,BC,Colombie-Britannique,V6B 8C3,CA,oliverhoward@gmail.example,+1-778-555-0118,CTR-1000093507,voyage,2025-12-09,2026-12-29,actif,295.32,mensuelle,carte,AG-PR-003,2025-11-27,2026-01-23,,,
principal,CLI-00093864,M.,Julian,Johnson,1982-10-14,M,en,7683,Terrace,Brookside,,,Fredericton,NB,Nouveau-Brunswick,E3C 8M4,CA,johnson852@gmail.example,+1-428-555-0109,CTR-1000093864,voyage,2023-04-21,,actif,267.73,mensuelle,virement,AG-PR-001,2023-04-03,2024-08-13,,,
principal,CLI-00093984,M.,Gilles,Lévesque,1980-06-18,M,fr,6035,boulevard,de la Colline,Sud,,Saint-Jean-sur-Richelieu,QC,Québec,J3A 4A4,CA,gilles_levesque@videotron.example,+1-418-555-0194,CTR-1000093984,auto,2021-01-20,2022-12-05,expiré,1340.42,annuelle,carte,AG-PR-007,2021-01-17,2021-04-22,2022-05-23,,en_cours
principal,CLI-00094039,M.,Gabriel,Tremblay,03-19-2008,M,fr,136,avenue,de la Clairiere,,,Québec,QC,Québec,G1V 3R7,CA,gabrieltremblay@yahoo.example,+1-450-555-0134,CTR-1000094039,voyage,06-21-2026,05-09-2027,actif,721.13,mensuelle,carte,AG-PR-001,06-11-2026,06-13-2026,,,
principal,CLI-00094468,Mme,Ava,Collins,1951-08-01,F,en,8058,Street,Parkside,,39,Brampton,ON,Ontario,L6Y 4E8,CA,ava346@gmail.example,+1-705-555-0125,CTR-1000094468,auto,2019-01-09,2026-09-07,résilié,1092.64,mensuelle,carte,AG-PR-001,2019-01-03,2025-06-19,2024-01-05,,ouvert
principal,CLI-00094809,M.,Sebastian,Smith,1984-01-24,M,en,6807,Road,Brookside,,511,Toronto,ON,Ontario,M4W  3S4,CA,sebastian_smith@outlook.example,+1-613-555-0101,CTR-1000094809,auto,2022-10-22,2025-12-30,expiré,1381.87,mensuelle,prélèvement,AG-PR-008,2022-10-19,2023-08-23,,,
principal,CLI-00094999,M.,André,Cloutier,1977-08-22,M,fr,8462,croissant,des Pins,,,Saint-Jean-sur-Richelieu,QC,Québec,J3A 5C4,CA,ac896@gmail.example,+1-819-555-0166,CTR-1000094999,auto,2022-08-09,2027-04-06,actif,988.78,mensuelle,virement,AG-PR-002,2022-08-04,2026-03-16,,,
principal,CLI-00095304,Mme,Émilie,Girard,1975-12-09,F,fr,299,boulevard,du Moulin,,,Lévis,QC,Québec,G6W 1M1,CA,emiliegirard@hotmail.example,+1-450-555-0118,CTR-1000095304,habitation,2026-03-25,2027-06-30,actif,1331.10,mensuelle,carte,AG-PR-005,2026-03-23,2026-05-23,,,
principal,CLI-00095512,Mme,Caroline,Côté,1957-02-05,F,fr,9700,rue,de la Grande-Allée,Sud,,Québec,QC,Québec,G2B 7T6,CA,cote.caroline@hotmail.example,+1-450-555-0115,CTR-1000095512,habitation,2022-08-08,2026-10-23,actif,705.20,trimestrielle,prélèvement,AG-PR-002,2022-07-25,2025-08-18,,,
principal,CLI-00095539,Mme,Sylvie,Tremblay,1987-07-05,F,fr,1269,rue,du Lac,Sud,,Gatineau,QC,Québec,J9A 2H4,CA,sylvie_tremblay@bell.example,+1-819-555-0186,CTR-1000095539,voyage,2022-12-18,2027-02-06,actif,226.57,annuelle,prélèvement,AG-PR-001,2022-12-07,2025-04-30,,,
principal,CLI-00095678,Mme,Rosalie,Michaud,1980-11-11,F,fr,530,avenue,des Hirondelles,,400,Sorel-Tracy,QC,Québec,J3P 6G6,CA,rosaliemichaud@yahoo.example,+1-438-555-0199,CTR-1000095678,auto,2023-07-24,,actif,1333.28,trimestrielle,prélèvement,AG-PR-004,2023-07-11,2024-08-23,,,
principal,CLI-00096111,M.,Liam,White,1997-10-01,M,en,3233,Street,Sunset,,,Québec,QC,Québec,G1R 6P1,CA,liam43@hotmail.example,+1-873-555-0171,CTR-1000096111,voyage,2021-11-10,2026-11-14,actif,462.67,annuelle,prélèvement,AG-PR-005,2021-10-24,2022-02-04,,,
principal,CLI-00096192,Mme,Sylvie,Rodriguez,1945-01-05,F,fr,7111,boulevard,des Trois-Lacs,,,Baie-Comeau,QC,Québec,G4Z 1E0,CA,sylvie_rodriguez@outlook.example,+1-819-555-0134,CTR-1000096192,auto,2022-09-08,2027-06-18,actif,1887.38,mensuelle,prélèvement,AG-PR-001,2022-08-26,2026-01-20,2024-01-30,20497.49,ouvert
principal,CLI-00096323,Mme,Chloe,Evans,1971-11-07,F,en,2677,Lane,Bluebird,East,542,Edmonton,AB,Alberta,T6G 9E8,CA,chloee@icloud.example,+1-368-555-0193,CTR-1000096323,habitation,2018-02-24,,actif,1489.51,mensuelle,virement,AG-PR-005,2018-01-27,2025-05-24,,,
principal,CLI-00096683,Mme,Marie,Roy,1982-01-30,F,fr,1607,chemin,du Cap,,,Trois-Rivières,QC,Québec,G8Z 1C8,CA,roy65@gmail.example,+1-819-555-0104,CTR-1000096683,habitation,2019-01-31,2019-04-30,expiré,1917.73,trimestrielle,prélèvement,AG-PR-002,2019-01-01,2021-09-10,,,
principal,CLI-00096844,M.,Stéphane,Thibault,1965-07-07,M,fr,3879,boulevard,de la Rivière,Sud,,La Tuque,QC,Québec,G9X 4R2,CA,stephane.thibault@outlook.example,+1-873-555-0175,CTR-1000096844,voyage,2019-03-16,2026-10-26,actif,289.41,mensuelle,carte,AG-PR-005,2019-03-13,2021-12-18,,,
principal,CLI-00096847,Mme,Julie,Kim,1988-06-02,F,fr,3668,rue,des Saules,,,Québec,QC,Québec,G1R 3T5,CA,jkim@hotmail.example,+1-450-555-0140,CTR-1000096847,auto,2019-11-02,2027-02-09,actif,541.52,mensuelle,prélèvement,AG-PR-001,2019-10-10,2019-12-29,,,
principal,CLI-00096946,M.,François,Lavoie,1957-07-14,M,fr,9938,boulevard,de la Rivière,,,Drummondville,QC,Québec,J2E 2T3,CA,fra3611@hotmail.example,+1-438-555-0190,CTR-1000096946,vie,2017-07-31,2022-07-16,expiré,4948.16,annuelle,prélèvement,AG-PR-001,2017-07-12,2025-09-27,,,
principal,CLI-00097663,Mme,Diane,Girard,1982-02-12,F,fr,767,route,du Rocher,,,Terrebonne,QC,Québec,J6W 0K0,CA,dia302@videotron.example,+1-581-555-0164,CTR-1000097663,habitation,2024-08-16,2025-06-09,expiré,1355.56,trimestrielle,carte,AG-PR-001,2024-08-04,2026-08-05,,,
principal,CLI-00098273,M.,Rémi,Lessard,1959-04-18,M,fr,7191,montée,du Soleil-Levant,,,Drummondville,QC,Québec,J2C 4Y4,CA,remi-lessard@hotmail.example,+1-581-555-0193,CTR-1000098273,auto,2023-01-25,2026-10-18,suspendu,1186.91,annuelle,carte,AG-PR-004,2023-01-17,2025-02-06,,,
principal,CLI-00098391,Mme,Luna,Walker,1973-05-21,F,en,2249,Way,Spring,,,Edmonton,AB,Alberta,T6G 6W1,CA,lun226@outlook.example,+1-587-555-0173,CTR-1000098391,habitation,2018-01-05,2026-11-19,actif,1278.83,trimestrielle,virement,AG-PR-001,2017-12-19,2019-11-20,,,fermé
principal,CLI-00098417,Mme,Juliette,Gagnon,1967-02-01,F,fr,3395,rue,de la Gare,,181,Salaberry-de-Valleyfield,QC,Québec,J6T 6M9,CA,juliette_gagnon@hotmail.example,+1-514-555-0116,CTR-1000098417,auto,2021-07-27,2027-08-23,actif,771.58,mensuelle,carte,AG-PR-005,2021-07-09,2023-07-11,,,
principal,CLI-00099431,Mme,Jade,Fernandes,1962-10-08,F,fr,7632,place,de l'Aube,,,Brossard,QC,Québec,J4Y 2S5,CA,jad775@outlook.example,+1-418-555-0177,CTR-1000099431,voyage,2021-03-12,2027-07-10,actif,518.19,mensuelle,prélèvement,AG-PR-004,2021-02-25,2026-04-13,,,
principal,CLI-00099641,Mme,Élise,Girard,1969-02-07,F,fr,6875,chemin,des Sommets,,,Victoriaville,QC,Québec,G6R 3J1,CA,elise.girard@outlook.example,+1-873-555-0198,CTR-1000099641,habitation,2018-11-16,2027-07-21,actif,2633.94,mensuelle,carte,AG-PR-005,2018-11-11,2022-03-12,2019-10-01,52945.88,fermé
principal,CLI-00099949,M.,Robert,Bergeron,1998-12-15,M,fr,8168,montée,du Marais,,,Granby,QC,Québec,J2G 1J5,CA,rob30@yahoo.example,+1-873-555-0137,CTR-1000099949,habitation,2022-08-30,2026-11-01,actif,1845.59,mensuelle,prélèvement,AG-PR-001,2022-08-14,2025-11-30,,,
principal,CLI-00099979,Mme,Isabelle,Roy,2005-06-14,F,fr,117,chemin,des Cascades,,,Shawinigan,QC,Québec,G9P 2C6,CA,isa47@videotron.example,+1-514-555-0134,CTR-1000099979,auto,2023-12-29,2027-05-25,actif,881.66,annuelle,virement,AG-PR-002,2023-12-24,2025-01-07,,,
principal,CLI-00100006,M.,André,Green,2000-10-11,M,fr,7614,boulevard,des Cèdres,,390,Mascouche,QC,Québec,J7K 0H8,CA,andre.green@outlook.example,+1-418-555-0196,CTR-1000100006,auto,2019-08-25,2027-01-10,actif,1573.26,mensuelle,prélèvement,AG-PR-004,2019-07-26,2022-06-01,,,
principal,CLI-00100212,M.,Alexis,Lee,1954-01-09,M,fr,9911,montée,des Lilas,,,Sherbrooke,QC,Québec,J1H 9C7,CA,alexislee@yahoo.example,+1-579-555-0120,CTR-1000100212,habitation,2024-09-21,2027-08-24,actif,1469.22,mensuelle,prélèvement,AG-PR-004,2024-09-18,2025-12-25,,,
principal,CLI-00100281,M.,Julian,Smith,1984-04-01,M,en,8673,Street,Mountainview,,,Mirabel,QC,Québec,J7J 6M0,CA,julian-smith@gmail.example,+1-450-555-0114,CTR-1000100281,voyage,2022-07-19,2026-12-16,actif,419.25,mensuelle,virement,AG-PR-007,2022-07-08,2024-01-06,,,
principal,CLI-00101114,M.,Jean-François,Bélanger,1959-02-13,M,fr,3853,rue,des Pionniers,Nord,,Repentigny,MB,Manitoba,J6A 5A5,CA,jeanfrancoisbelanger@outlook.example,+1-418-555-0172,CTR-1000101114,auto,2019-02-13,,actif,960.56,mensuelle,prélèvement,AG-PR-001,2019-02-10,2022-05-08,,,
principal,CLI-00101140,Mme,Sophie,Gagnon,1983-05-02,F,fr,6247,rue,du Ruisseau,,,Longueuil,QC,Québec,J4K 6V8,CA,sop3570@gmail.example,+1-873-555-0159,CTR-1000101140,habitation,2026-09-14,2026-12-29,actif,1796.47,mensuelle,prélèvement,AG-PR-002,2026-09-11,2026-09-15,,,
principal,CLI-0010123,Mme,Margnerite,Côté,1987-01-18,F,fr,2990,rue,des Champs,Ouest,836,Sherbrooke,QC,Québec,J1H 3A6,CA,marguerite20@outlook.example,+1-819-555-0108,CTR-1000101239,vie,2018-10-15,2024-09-04,expiré,958.73,annuelle,prélèvement,AG-PR-005,2018-10-02,2024-06-03,,,
principal,CLI-00000629,M.,Félix,Bélanger,1988-09-23,M,fr,4227,avenue,des Lilas,,663,Repentigny,QC,Québec,J6A 5S8,CA,felix_belanger@icloud.example,+1-581-555-0169,CTR-1000101696,auto,2025-04-11,2027-01-09,actif,268.70,mensuelle,prélèvement,AG-PR-003,2025-03-24,2026-01-18,2025-12-01,18209.48,fermé
principal,CLI-00101987,M.,Jean-François,hTibault,1999-11-19,M,en,6663,Drive,Forest,South,,Vaudreuil-Dorion,QC,Québec,J7T 6N3,CA,jeanfrancois07@proton.example,+1-382-555-0114,CTR-1000101987,habitation,2026-04-21,,suspendu,2045.73,mensuelle,carte,AG-PR-007,2026-03-23,2026-04-24,,,
principal,CLI-00102176,Mme,Léa,Kim,1948-07-18,F,fr,2183,promenade,des Trilliums,,,Châteauguay,QC,Québec,J6K 9R7,CA,kim9825@videotron.example,+1-514-555-0174,CTR-1000102176,habitation,2024-09-16,2027-06-16,actif,2467.29,annuelle,virement,AG-PR-001,2024-09-04,2026-01-02,2025-12-08,,en_cours
principal,CLI-00102209,M.,Henry,Baker,1958-06-06,M,en,4997,Boulevard,Brookside,West,176,Québec,QC,Québec,G1R 8W6,CA,henrybaker@gmail.example,+1-418-555-0123,CTR-1000102209,habitation,2023-08-10,,actif,2222.94,semestrielle,prélèvement,AG-PR-001,2023-08-01,2025-08-05,,,
principal,CLI-00102345,M.,Alexis,Tran,1983-03-07,M,fr,6846,rue,du Belvédère,Ouest,2,Mississauga,ON,Ontario,L5B 6E8,CA,alexis24@yahoo.example,+1-705-555-0194,CTR-1000102345,habitation,2025-10-27,2026-06-23,expiré,1680.01,annuelle,carte,AG-PR-001,2025-09-27,2025-10-21,,,
principal,CLI-00102349,M.,André,Gagné,1955-08-27,M,fr,9095,avenue,du Belvédère,,,Terrebonne,QC,Québec,J6W 2W5,CA,andregagne@icloud.example,+1-450-555-0165,CTR-1000102349,habitation,2022-11-15,2026-10-27,actif,1118.83,mensuelle,carte,AG-PR-004,2022-11-10,2023-01-10,,,
principal,CLI-00102455,M.,Alain,Simard,1947-03-05,M,fr,8387,rue,des Bouleaux,,,Lévis,QC,Québec,G6V 1J2,CA,ala4298@hotmail.example,+1-450-555-0158,CTR-1000102455,habitation,2025-02-02,2027-05-27,actif,2821.27,trimestrielle,virement,AG-PR-001,2025-01-06,2025-06-19,,,
principal,CLI-00102500,M.,Pierre,Chen,1966-01-09,M,fr,7779,promenade,du Moulin,Ouest,,Brossard,QC,Québec,J4Y 5L3,CA,pchen@gmail.example,+1-438-555-0171,CTR-1000102500,auto,2020-06-25,,actif,795.09,mensuelle,virement,AG-PR-003,2020-06-22,2026-02-20,2020-12-26,39491.08,fermé
principal,CLI-00102533,Mme,Mia,Lewis,1949-01-07,F,en,1705,Street,Sunset,,,Toronto,ON,Ontario,M5V 4X8,CA,mia.lewis@outlook.example,+1-807-555-0106,CTR-1000102533,habitation,2019-02-19,2027-02-10,actif,1941.26,annuelle,virement,AG-PR-003,2019-01-28,2022-03-24,,,
principal,CLI-00102590,Mme,Lucie,Lessard,1937-05-12,F,fr,1323,avenue,du Moulin,,728,Longueuil,QC,Québec,J4K 0S5,CA,llessard@proton.example,+1-263-555-0179,CTR-1000102590,vie,2024-10-30,2027-01-11,actif,1357.46,mensuelle,carte,AG-PR-005,2024-10-05,2025-12-31,,,
principal,CLI-00102741,Mme,Chantal,Beaulieu,1972-05-30,F,fr,1494,terrasse,des Laurentides,,903,La Tuque,QC,Québec,G9X 3N2,CA,chantal_beaulieu@outlook.example,+1-514-555-0143,CTR-1000102741,auto,2022-10-21,2027-08-08,actif,1538.26,annuelle,prélèvement,AG-PR-002,2022-10-20,2024-03-14,2024-07-08,21554.27,fermé
principal,CLI-00102870,M.,Henry,Thompson,1958-12-13,M,en,6256,Court,Railway,,201,Vancouver,BC,Colombie-Britannique,V5K 4C6,CA,hen4588@icloud.example,+1-604-555-0192,CTR-1000102870,auto,2022-01-05,2027-04-24,suspendu,1758.59,mensuelle,prélèvement,AG-PR-001,2021-12-10,2021-12-20,,,
principal,CLI-00102877,M.,Lucas,Evans,1987-04-28,M,en,1871,Street,Pine,,256,Moncton,NB,Nouveau-Brunswick,E1C 3M3,CA,lucas4858@yahoo.example,+1-506-555-0121,CTR-1000102877,voyage,2021-03-27,2026-11-05,actif,415.50,mensuelle,carte,AG-PR-004,2021-03-23,2021-06-06,,,
principal,CLI-00103032,Mme,Lucie,Morin,2000-12-20,F,fr,9972,chemin,des Pionniers,Nord,638,Saint-Jérôme,QC,Québec,J7Y 1B1,CA,lm19@gmail.example,+1-438-555-0100,CTR-1000103032,voyage,2025-03-31,,actif,399.99,mensuelle,carte,AG-PR-002,2025-03-16,2025-12-18,,,
principal,CLI-00103473,M.,Michel,Fortin,1941-05-04,M,fr,2272,rang,des Épinettes,,,Saint-Jérôme,QC,Québec,J7Y 8E7,CA,michel_fortin@yahoo.example,+1-367-555-0149,CTR-1000103473,vie,2024-06-25,,actif,3509.71,mensuelle,carte,AG-PR-003,2024-06-13,2025-08-19,,,
principal,CLI-00103752,Mme,Marguerite,Caron,1995-11-25,F,fr,6030,boulevard,des Érables,Est,469,Saguenay,QC,Québec,G7J 2Y7,CA,marguerite93@yahoo.example,+1-819-555-0150,CTR-1000103752,habitation,2019-12-26,2026-12-17,actif,1208.08,mensuelle,prélèvement,AG-PR-006,2019-12-03,2026-08-01,,,
principal,CLI-00104194,M.,Éric,Poirier,1939-12-06,M,fr,15,boulevard,du Boisé,,101,Saint-Jean-sur-Richelieu,QC,Québec,J3A 5L9,CA,ericpoirier@hotmail.example,+1-438-555-0196,CTR-1000104194,auto,2023-09-11,2027-08-31,actif,2060.68,annuelle,chèque,AG-PR-001,2023-08-26,2025-09-23,,,
principal,CLI-00104572,Mme,Mélanie,Garcia,1949-09-09,F,fr,5423,rue,des Mélèzes,Sud,,Trois-Rivières,QC,Québec,G8Z 1P0,CA,melanie_garcia@yahoo.example,+1-514-555-0193,CTR-1000104572,habitation,2023-01-12,,actif,2166.15,annuelle,virement,AG-PR-007,2023-01-11,2025-10-01,,,
principal,CLI-00104840,M.,Samuel,Leclerc,1940-12-16,M,fr,237,route,des Peupliers,,,Québec,QC,Québec,G1R 3L0,CA,samuelleclerc@hotmail.example,+1-579-555-0141,CTR-1000104840,auto,2017-05-06,2026-10-29,suspendu,427.82,annuelle,prélèvement,AG-PR-004,2017-04-17,2019-06-20,2019-02-06,10968.31,ouvert
principal,CLI-00104864,Mme,Mia,Johnson,1958-06-03,F,en,2182,Place,Cedar,,969,Saint John,NB,Nouveau-Brunswick,H9A 7H4,CA,johnson.mia@gmail.example,+1-506-555-0162,CTR-1000104864,habitation,2018-09-27,2027-06-28,actif,2476.97,mensuelle,chèque,AG-PR-003,2018-08-31,2023-02-17,2019-08-08,112084.39,fermé
principal,CLI-00105032,M.,Alexander,Zhang,1963-11-17,M,en,816,Street,Parkside,,,La Tuque,QC,Québec,G9X 6S7,CA,alexander482@gmail.example,+1-418-555-0161,CTR-1000105032,habitation,2023-08-22,2027-08-19,actif,803.01,mensuelle,chèque,AG-PR-008,2023-07-26,2024-03-06,2025-10-22,75306.82,fermé
principal,CLI-00105109,M.,Martin,Roy,2006-11-22,M,fr,8575,place,des Jardins,,,Gaspé,QC,Québec,G4X 9T7,CA,martin_roy@hotmail.example,+1-579-555-0189,CTR-1000105109,auto,2025-08-01,,actif,811.63,mensuelle,prélèvement,AG-PR-001,2025-07-04,2025-10-12,2026-05-02,21692.50,fermé
principal,CLI-00105401,M.,François,Poirier,1964-04-04,M,fr,8787,rue,des Peupliers,,826,Laval,QC,Québec,H7W  7P3,CA,francois_poirier@bell.example,+1-819-555-0123,CTR-1000105401,habitation,2017-06-24,2026-12-12,actif,1066.19,mensuelle,virement,AG-PR-005,2017-06-01,2022-11-09,,,
principal,CLI-00105571,M.,Alain,Lévesque,1960-11-07,M,fr,3928,rue,du Havre,,,Montréal,QC,Québec,H2X 9S9,CA,alain807@icloud.example,+1-514-555-0121,CTR-1000105571,auto,2021-08-08,2027-08-09,suspendu,1012.65,semestrielle,carte,AG-PR-002,2021-07-31,2024-12-11,2023-07-31,12516.70,fermé
principal,CLI-00106032,M.,John,Garcia,1957-12-23,M,en,8037,Place,Spring,,479,Surrey,BC,Colombie-Britannique,V3R 7J3,CA,jgarcia@gmail.example,+1-604-555-0107,CTR-1000106032,auto,2022-07-31,2027-07-11,actif,635.73,annuelle,prélèvement,AG-PR-004,2022-07-07,2025-11-03,2026-08-21,8956.04,fermé
principal,CLI-00106138,Mme,Catherine,Poulin,1996-04-28,F,fr,8329,chemin,des Tulipes,,,Mirabel,QC,Québec,J7N 6H7,CA,catherine.poulin@icloud.example,+1-468-555-0172,CTR-1000106138,habitation,2018-11-09,2026-12-30,actif,1723.24,annuelle,prélèvement,AG-PR-007,2018-10-17,2024-04-22,,,
principal,CLI-00106139,Mme,Louise,Roy,1979-02-07,F,fr,4936,route,des Prairies,Nord,,Shawinigan,QC,Québec,G9P 5R6,CA,louise590@outlook.example,+1-418-555-0129,CTR-1000106139,habitation,2019-10-28,2020-06-25,expiré,1117.15,mensuelle,prélèvement,AG-PR-003,2019-10-11,2021-09-06,,,
principal,CLI-00107050,M.,Jackson,Smith,1938-07-17,M,en,7142,Road,Maple,South,,Châteauguay,QC,Québec,J6J 6B4,CA,johnson6828@gmail.example,+1-581-555-0119,CTR-1000107050,vie,2017-09-29,2027-06-11,actif,3162.50,annuelle,prélèvement,AG-PR-004,2017-09-13,2020-06-28,,,
principal,CLI-00107372,Mme,Mia,O'Brien,1993-07-18,F,en,3321,Boulevard,Kingfisher,,955,Brossard,QC,Québec,J4W 4R2,CA,mia-obrien@icloud.example,+1-579-555-0104,CTR-1000107372,habitation,2025-01-23,2027-04-23,actif,885.32,mensuelle,prélèvement,AG-PR-001,2025-01-21,2026-08-22,2025-09-08,,en_cours
principal,CLI-00107549,M.,Alexis,Cloutier,1941-07-08,M,fr,3103,avenue,de la Colline,,463,Gatineau,QC,Québec,J8Y 6Y2,CA,ale749@gmail.example,+1-418-555-0150,CTR-1000107549,habitation,2021-08-25,2027-01-16,actif,2371.99,trimestrielle,virement,AG-PR-001,2021-08-16,2026-04-16,,,
principal,CLI-00107647,M.,Jean-Philippe,Tremblay,1973-03-20,M,fr,6683,chemin,des Pins,,311,Saguenay,QC,Québec,G7J 8C2,CA,jeanphilippe_tremblay@proton.example,+1-418-555-0153,CTR-1000107647,auto,2025-05-16,,suspendu,1667.05,trimestrielle,carte,AG-PR-005,2025-05-03,2026-05-12,2026-07-26,10597.27,ouvert
principal,CLI-00107648,M.,Gilles,Lachance,1973-11-18,M,fr,727,croissant,de la Clairière,,,Saguenay,QC,Québec,G7H 3A5,CA,gil54@outlook.example,+1-418-555-0147,CTR-1000107648,auto,2019-09-18,2027-08-06,actif,2233.39,annuelle,prélèvement,AG-PR-001,2019-08-23,2023-02-25,2020-10-06,5800.31,fermé
principal,CLI-00107852,M.,Daniel,Bélanger,2006-09-23,M,fr,3536,rue,des Lilas,,,Drummondville,QC,Québec,J2C 8S3,CA,danielbelanger@outlook.example,+1-263-555-0106,CTR-1000107852,habitation,2025-04-21,2027-09-07,actif,783.68,trimestrielle,prélèvement,AG-PR-001,2025-04-01,2025-12-26,,,
principal,CLI--00107966,M.,Joseph,Brown,1949-12-26,M,en,3533,Road,Oak,,,Toront  o,ON,Ontario,M4W 3N9,CA,simard.serge@gmail.example,+1-905-555-0150,CTR-1000107966,habitation,2020-04-20,2026-12-11,actif,1268.03,mensuelle,virement,AG-PR-005,2020-03-30,2022-01-18,,,
principal,CLI-00108463,M.,Claude,Morin,1996-10-29,M,fr,5680,terrasse,des Chênes,,,RRepentigny,QC,Québec,J6A 8B7,CA,cla876@icloud.example,+1-418-555-0131,CTR-1000108463,habitation,2025/05/12,2025-10-11,expiré,2326.01,trimestrielle,prélèvement,AG-PR-001,2025/05/08,2026-08-13,,,
principal,CLI-00108520,M.,Jean,Gagnon,2000-01-10,M,fr,5716,promenade,des Tulipes,,,Shawinigan,QC,Québec,G9N 6P6,CA,jean_gagnon@hotmail.example,+1-468-555-0163,CTR-1000108520,vie,2024-03-09,2026-11-18,actif,4311.11,annuelle,chèque,AG-PR-006,2024-02-27,2024-05-20,,,
principal,CLI-00108584,Mme,Chantal,Côté,1987-02-15,F,fr,4356,avenue,du Parc,,219,Gaspé,QC,Québec,G4X 8Z8,CA,chantal0368@hotmail.example,+1-418-555-0104,CTR--1000108584,habitation,2024-06-04,2027-02-09,actif,1011.55,mensuelle,prélèvement,AG-PR-001,2024-05-18,2024-12-18,,,
principal,CLI-00108738,Mme,Julie,St-Pierre,1998-06-04,F,fr,8497,chemin,du Parc,,,Beloeil,QC,Québec,J3G 3G4,CA,jul2144@icloud.example,+1-581-555-0156,CTR-1000108738,habitation,2022-04-27,2026-11-18,suspendu,3113.92,mensuelle,carte,AG-PR-003,2022-04-25,2025-04-17,,,
principal,CLI-00108850,Mme,Christine,Côté,2000-06-29,F,fr,7654,route,du Marais,Est,,Brossard,QC,Québec,J4Y 0G1,CA,chr97@proton.example,+1-450-555-0193,CTR-1000108850,auto,2022-06-06,2026-12-05,actif,1081.38,mensuelle,prélèvement,AG-PR-001,2022-05-17,2025-04-21,,,
principal,CLI-00108881,Mme,Isabella,Morin,1988-03-25,F,en,8873,Trail,Northgate,West,434,Calgary,AB,Alberta,T3A 6B7,CA,isa8474@icloud.example,+1-587-555-0178,CTR-1000108881,voyage,2023-11-12,2027-03-18,actif,414.77,mensuelle,prélèvement,AG-PR-007,2023-10-28,2024-05-31,,,
principal,CLI-00109095,Mme,Élise,Paquette,1984-11-06,F,fr,2637,boulevard,de la Colline,,35,Montréal,QC,Québec,H2X 9W6,CA,elise.paquette@rogers.example,+1-581-555-0190,CTR-1000109095,habitation,2023-07-24,,actif,2098.86,mensuelle,prélèvement,AG-PR-004,2023-07-16,2023-08-22,,,
principal,CLI-00109138,Mme,Émilie,Turcotte,2006-03-03,F,fr,5588,croissant,de la Colline,,113,Laval,QC,Québec,H7W 0S9,CA,emilie.turcotte@yahoo.example,+1  819-555-0103,CTR-1000109138,vie,2025-12-14,,actif,3613.30,mensuelle,carte,AG-PR-001,2025-11-27,2026-03-11,,,
principal,CLI-00109340,Mme,Émilie,Patel,1963-03-06,F,fr,8144,terrasse,du Lac,,,Terrebonne,QC,Québec,J6W 3B8,CA,patel.emilie@icloud.example,+1-263-555-0197,CTR-1000109340,habitation,2020-08-01,2027-07-10,actif,2210.22,annuelle,prélèvement,AG-PR-003,2020-07-14,2023-07-31,,,
principal,CLI-00109667,M.,Mateo,Johnson,1980-10-25,M,en,8960,Avenue,Spring,,,Gatineau,QC,Québec,J9A 0B7,CA,mateojohnson@hotmail.example,+1-438-555-0179,CTR-1000109667,voyage,2019-02-07,2027-03-04,actif,397.55,mensuelle,virement,AG-PR-005,2019-01-15,2020-01-31,,,
principal,CLI-00109707,Mme,Ellie,Lewis,1953-04-13,F,en,4702,Court,Greenfield,,,Waterloo,ON,Ontario,N2J 9R2,CA,elewis@bell.example,+1-416-555-0148,CTR-1000109707,auto,2020-02-08,2027-08-07,actif,1891.71,mensuelle,carte,AG-PR-004,2020-01-29,2020-03-02,,,
principal,CLI-00110058,M.,Joseph,Johnson,1962-07-15,M,en,8298,Boulevard,Cedar,,,Brossard,QC,Québec,J4X 8B3,CA,joseph57@gmail.example,+1-581-555-0177,CTR-1000110058,auto,2025-05-14,2026-11-28,actif,657.97,mensuelle,prélèvement,AG-PR-008,2025-04-17,2025-12-26,,,
principal,CLI-00110120,M.,Samuel,Gagné,1951-07-16,M,fr,2589,rue,des  Mélèzes,,,Blainville,QC,Québec,J7C 0P2,CA,sam8317@outlook.example,+1-514-555-0115,CTR-1000110120,vie,2020-01-16,2027-04-22,actif,3114.07,mensuelle,carte,AG-QC-005,2019-12-23,2023-12-11,,,
principal,CLI-00110162,Mme,Emma,Brown,1954-11-13,F,en,9144,Road,Fairview,,,Calgary,AB,Alberta,T3A 4L7,CA,emm733@gmail.example,+1-780-555-0182,CTR-1000110162,vie,2023-12-25,,actif,3020.24,mensuelle,prélèvement,AG-PR-002,2023-12-25,2025-09-17,,,
principal,CLI-00110169,M.,Gilles,Cormier,1982-08-17,M,fr,943,avenue,de l'École,,680,Longueuil,QC,Québec,J4K 8H2,CA,gilles_cormier@gmail.example,+1-819-555-0180,CTR-1000110169,voyage,2021-07-18,2027-01-09,actif,209.82,mensuelle,chèque,AG-PR-007,2021-06-29,2022-03-16,,,
principal,CLI-00110384,M.,Marc,Walker,1990-05-25,M,fr,4901,chemin,des Hirondelles,Ouest,,La Tuque,QC,Québec,G9X 8Z8,CA,mar11@gmail.example,+1-581-555-0111,CTR-1000110384,habitation,2020-05-15,,suspendu,1528.43,mensuelle,carte,AG-PR-002,2020-04-28,2023-06-03,,,
principal,CLI-00110742,Mme,Mélanie,St-Pierre,1942-08-25,F,fr,1234,rue,des Pins,,471,Sherbrooke,QC,Québec,J1H 6T9,CA,stpierre.melanie@icloud.example,+1-873-555-0196,CTR-1000110742,auto,2025-08-14,2027-06-03,actif,626.28,trimestrielle,carte,AG-PR-001,2025-08-04,2025-09-14,,,
principal,CLI-00110865,Mme,Mélanie,Grenier,1986-05-30,F,fr,1067,place,de l'Aube,,175,Granby,QC,Québec,J2H 0H5,CA,melaniegrenier@gmail.example,+1-819-555-0133,CTR-1000110865,habitation,2026-03-25,2027-07-28,actif,2330.21,mensuelle,prélèvement,AG-PR-002,2026-03-07,2026-06-18,,,
principal,CLI-00110921,M.,Nathan,Proulx,1945-04-18,M,fr,8888,chemin,du Moulin,,705,Montréal,QC,Québec,H1A 3H9,CA,np51@videotron.example,+1-819-555-0175,CTR-1000110921,auto,2019-01-12,2027-02-07,actif,924.19,mensuelle,prélèvement,AG-PR-005,2018-12-22,2024-07-27,,,
principal,CLI-00110964,M.,Mathieu,Paquette,1941-12-30,M,fr,9708,impasse,du Moulin,,,Laval,QC,Québec,H7W 6V1,CA,mathieu_paquette@proton.example,+1-450-555-0127,CTR-1000110964,auto,2020-04-25,2026-02-21,expiré,2103.24,mensuelle,prélèvement,AG-PR-002,2020-04-11,2021-11-10,,,
principal,CLI-00110967,Mme,Ava,Lewis,1999-06-21,F,en,7168,Lane,Bluebird,,679,Mississauga,ON,Ontario,L5B 3M4,CA,al3815@yahoo.example,+1-437-555-0133,CTR-1000110967,habitation,2024-10-05,2027-07-31,actif,1324.43,mensuelle,virement,AG-PR-003,2024-09-24,2025-07-23,2025-12-10,52335.44,fermé
principal,CLI--00111170,M.,Jacob,Khan,1982-01-01,M,fr,347,boulevard,des Prairies,,,Surrey,BC,Colombie-Britannique,V3R 0A3,CA,khan.jacob@outlook.example,+1-672-555-0145,CTR-1000111170,habitation,2022-09-29,2027-05-22,actif,1059.96,trimestrielle,prélèvement,AG-PR-002,2022-09-07,2025-08-29,,,
principal,CLI-00111443,M.,Asher,White,2006-01-15,M,en,6611,Road,Parkside,,,Halifax,NS,Nouvelle-Écosse,B3H 6Y6,CA,asher.white@gmail.example,+1-902-555-0178,CTR-1000111443,habitation,2025-08-07,2025-11-17,résilié,2025.83,mensuelle,prélèvement,AG-PR-004,2025-07-31,2025-12-03,,,
principal,CLI-00111464,M.,Robert,Landry,1950-06-24,M,fr,3111,boulevard,de la Rivière,,,Québec,QC,Québec,G2B 5T5,CA,rlandry@icloud.example,+1-263-555-0177,CTR-1000111464,voyage,2021-09-08,2027-03-03,actif,385.74,annuelle,chèque,AG-PR-008,2021-08-30,2022-06-16,,,
principal,CLI-00111627,M.,Maxime,Lopez,1944-10-03,M,fr,1504,côte,des Mélèzes,,,Longueuil,QC,Québec,J4H 5C5,ca,nhebert@gmail.example,+1-450-555-0164,CTR-1000111627,vie,2021-12-28,2027-08-26,actif,2497.04,mensuelle,prélèvement,AG-PR-001,2021-12-19,2022-12-29,,,
principal,CLI-00111850,Mme,Florence,karquis,1937-09-11,F,fr,7443,boulevard,de l'Aube,,,Lethbridge,AB,Alberta,T1J 4X9,CA,florence-marquis@yahoo.example,+1-587-555-0157,CTR-1000111850,auto,2025-09-30,2027-01-30,suspendu,1959.42,mensuelle,prelevement,AG-PR-006,2025-09-05,2025-09-11,2025-12-29,38873.21,rejeté
principal,CLI-00111906,Mme,Elizabeth,Kim,2001-07-06,F,en,7010,Court,Cedar,,69,Salaberry-de-Valleyfield,QC,Québec,J6S 5K4,CA,elizabeth_kim@icloud.example,+1-514-555-0172,CTR-1000111906,habitation,2020-04-03,2026-11-26,actif,649.31,mensuelle,carte,AG-PR-003,2020-03-13,2020-09-27,,,
principal,CLI-00112100,Mme,Amélie,Lévesque,1979-01-24,F,fr,2200,route,des Sommets,,668,Victoriaville,QC,Québec,G6P 6V4,CA,amelie620@proton.example,+1-581-555-0105,CTR-1000112100,voyage,2025-11-26,2027-08-12,actif,441.00,mensuelle,virement,AG-PR-007,2025-10-27,2026-08-17,,,
principal,CLI-00112809,M.,Mathieu,Thompson,1969-01-11,M,fr,5986,boulevard,des Pins,Sud,,Sherbrooke,QC,Québec,J1H 2M0,CA,thompson0129@gmail.example,+1-514-555-0173,CTR-1000112809,auto,2018-09-05,2027-07-02,actif,1109.64,annuelle,carte,AG-PR-002,2018-08-16,2021-10-26,,,
principal,CLI-00112892,Mme,Noémie,Wong,1958-05-24,F,fr,573,avenue,du Petit-Bois,,,Saguenay,QC,Québec,G7J 4T5,CA,noemie.wong@hotmail.example,+1-819-555-0105,CTR-1000112892,auto,2023-08-18,2026-11-24,suspendu,2014.81,mensuelle,prélèvement,AG-PR-001,2023-08-04,2026-05-27,,,
principal,CLI-00113007,Mme,Zoé,Ouellet,1952-04-04,F,fr,6100,boulevard,de la Rivière,Ouest,,Longueuil,QC,Québec,J4K 0X0,CA,zoe70@gmail.example,+1-354-555-0134,CTR-1000113007,voyage,2021-10-10,2027-05-31,actif,258.02,annuelle,prélèvement,AG-PR-001,2021-09-13,2025-10-17,,,
principal,CLI-00113250,Mme,Emma,Campbell,1995-09-04,F,en,4457,Trail,Hillcrest,West,882,Dollard-des-Ormeaux,QC,Québec,H9B 5W2,CA,emm58@icloud.example,+1-418-555-0112,CTR-1000113250,auto,2019-10-10,2027-05-13,actif,500.83,mensuelle,prélèvement,AG-PR-007,2019-09-16,2022-05-08,,,
principal,CLI-00113281,Mme,diane,ho,1980-06-12,F,fr,3673,chemin,des champs,,,trois-rivieres,QC,quebec,G9 5R1,CA,dho@videotron.example,+1-468-555-0110,CTR-100011328,voyage,2024-12-16,2025-02-10,expiré,136.45,mensuelle,prélèvement,AG-PR-008,2024-12-05,2026-03-14,,,
principal,CLI-00113409,Mme,Béatrice,Lapointe,1982-04-24,F,fr,4016,autoroute,du Belvédère,,,Trois-Rivières,QC,Québec,G8Z 5V4,CA,beatrice5112@hotmail.example,+1-450-555-0176,CTR-1000113409,habitation,2018-09-09,2027-06-22,actif,653.67,mensuelle,carte,AG-PR-001,2018-08-27,2021-03-03,,,
principal,CLI-00113528,M.,Denis,Tremblay,1977-12-03,M,fr,9636,avenue,des Érables,,,Longueuil,QC,Québec,J4K 7Y9,CA,denis277@gmail.example,+1-450-555-0149,CTR-1000113528,habitation,2025-03-15,2027-05-31,actif,665.04,mensuelle,prélèvement,AG-PR-001,2025-03-05,2025-12-11,,,
principal,CLI-00114135,Mme,Stéphanie,Pelletier,1971-02-24,F,fr,7583,avenue,des Trilliums,,,Montréal,QC,Québec,H4A 2Z8,CA,sp3017@outlook.example,+1-438-555-0182,CTR-1000114135,habitation,2018-10-28,2027-02-19,actif,1291.99,annuelle,prélèvement,AG-PR-005,2018-10-08,2021-11-21,,,
principal,CLI-00114465,Mme,Violet,Garcia,1944-07-14,F,en,8155,Street,Riverside,South,,Halifax,NS,Nouvelle-Écosse,B3H 9V1,CA,violet.garcia@outlook.example,+1-782-555-0190,CTR-1000114465,habitation,2018-04-19,2027-06-24,actif,1101.78,mensuelle,prélèvement,AG-PR-001,2018-04-15,2019-05-17,,,
principal,CLI-00114579,M.,Ryan,Young,1972-01-28,M,en,1412,Street,Brookside,West,63,Iqaluit,NU,Nunavut,X0A 2X6,CA,rya02@gmail.example,+1-867-555-0166,CTR-1000114579,auto,2026-05-21,2026-12-21,actif,1189.15,mensuelle,carte,AG-PR-002,2026-05-05,2026-05-11,,,
principal,CLI-00114884,Mme,Sarah-Maude,Pelletier,1985-12-22,F,fr,5051,terrasse,de l'Aube,,,Gatineau,QC,Québec,J8X 3J4,CA,pelletier.sarahmaude@videotron.example,+1-514-555-0141,CTR-1000114884,auto,2023-04-27,2027-07-01,actif,839.48,annuelle,prélèvement,AG-PR-004,2023-04-14,2023-09-16,,,
principal,CLI-00114915,Mme,Léa,Pelletier,1946-01-07,F,fr,5607,rue,des Cèdres,Ouest,,Vaudreuil-Dorion,QC,Québec,J7T 3W4,CA,leapelletier@gmail.example,+1-819-555-0154,CTR-1000114915,habitation,2018-10-10,2027-07-27,suspendu,2167.42,mensuelle,virement,AG-PR-001,2018-10-10,2025-05-23,,,
principal,CLI-00114981,Mme,Julie,Tremblay,1945-05-07,F,fr,9117,rue,du Moulin,,,Repentigny,QC,Québec,J6A 5Y3,CA,julie7193@gmail.example,+1-367-555-0199,CTR-1000114981,auto,2018-10-23,2027-04-11,actif,795.78,mensuelle,prélèvement,AG-PR-003,2018-09-24,2021-12-12,,,
principal,CLI-00115137,Mme,Sophie,Johnson,1951-09-05,F,fr,4237,boulevard,de la Clairière,,,Montréal,QC,Québec,H3G 4H8,CA,sop5190@outlook.example,+1-418-555-0156,CTR-1000115137,auto,2022-03-27,2025-09-24,résilié,1602.31,annuelle,prélèvement,AG-PR-005,2022-03-26,2024-12-04,2025-09-11,,rejeté
principal,CLI-00115358,M.,Daniel,Lévesque,1968-01-06,M,fr,1914,boulevard,des Trilliums,,,Québec,QC,Québec,G1R 1Y4,CA,daniellevesque@outlook.example,+1-418-555-0160,CTR-1000115358,voyage,2022-06-26,2026-12-02,actif,457.15,mensuelle,carte,AG-PR-003,2022-05-31,2025-08-06,,,
principal,CLI-00115573,Mme,Stéphanie,Cormier,1996-07-16,F,fr,9697,rue,des Trois-Lacs,,,Québec,QC,Québec,G1R 6V7,CA,stephanie.cormier@outlook.example,+1-873-555-0170,CTR-1000115573,habitation,2024-04-16,2025-02-24,résilié,719.93,annuelle,carte,AG-PR-004,2024-03-27,2026-03-01,,,
principal,CLI-00115732,Mme,Nathalie,Leblanc,1975-12-24,F,fr,3391,route,des Hirondelles,,677,Brossard,QC,Québec,J4X 0Z0,CA,nathalie_leblanc@yahoo.example,+1-581-555-0196,CTR-1000115732,auto,2026-04-11,2027-01-16,actif,569.57,mensuelle,carte,AG-PR-008,2026-04-01,2026-06-03,,,
principal,CLI-00115900,M.,Mathieu,Clark,1950-10-02,M,fr,2241,rue,des Prairies,,795,Laval,QC,Québec,H7W 6T9,CA,mat078@outlook.example,+1-514-555-0194,CTR-1000115900,auto,2017-03-20,2027-07-29,actif,1311.79,mensuelle,carte,AG-PR-003,2017-03-18,2026-06-15,2019-01-20,13639.89,en_cours
principal,CLI-00116266,M.,Léo,Ho,1975-01-26,M,fr,2275,rue,des Geais-Bleus,,,Gatineau,QC,Québec,J8X 3T6,CA,lh51@gmail.example,+1-514-555-0189,CTR-1000116266,habitation,2024-06-24,2027-07-03,actif,727.66,mensuelle,prélèvement,AG-PR-002,2024-06-23,2026-01-24,,,
principal,CLI-00116289,M.,François,Fortin,2003-05-30,M,fr,1776,avenue,des Chênes,,911,Montréal,QC,Québec,H3G 8V5,CA,fra786@gmail.example,+1-514-555-0116,CTR-1000116289,voyage,2025-05-20,2026-05-24,expiré,299.85,mensuelle,prélèvement,AG-PR-007,2025-05-13,2025-08-29,,,
principal,CLI-00116624,M.,Henry,Wilson,1996-03-06,M,en,9422,Street,Oak,,9,Sherbrooke,qc,Québec,R7A 5V4,CA,henry.wilson@bell.example,+1-418-555-0117,CTR-1000116624,auto,2025-12-14,2026-10-20,actif,1985.99,mensuelle,prélèvement,AG-PR-001,2025-11-15,2026-01-01,,,
principal,CLI-00116657,Mme,Josée,Plante,1983-11-18,F,fr,6595,rue,de la Rivière,,650,Sherbrooke,QC,Québec,J1K 3C7,CA,josee_plante@gmail.example,+1-514-555-0107,CTR-1000116657,vie,2018-10-28,2026-10-28,actif,2177.63,semestrielle,prélèvement,AG-PR-007,2018-10-08,2019-06-04,,,
principal,CLI-00116927,M.,Jean,Roy,1966-03-06,M,fr,8984,côte,des Bouleaux,,,Gatineau,QC,Quebec,J9A 4L4,CA,jean064@outlook.example,+1-819-555-0159,CTR-1000116927,auto,2026-05-10,2027-06-30,actif,588.85,trimestrielle,virement,AG-PR-001,2026-04-29,2026-05-13,,,
principal,CLI-00116956,Mme,Anne,Ziang,1987-02-28,F,fr,1810,chemin,dess Champs,,52,Québec,QC,Québec,G1R 6B4,CA,annezhang@gmail.example,+1-450-555-0169,CTR-1000116956,auto,2025-10-12,2027-06-05,actif,1865.39,mensuelle,prélèvement,AG-PR-008,2025-09-23,2026-08-12,,,
principal,CLI-00117112,M.,Luca,Thompson,1999-06-18,M,en,2293,Drive,Fairsiew,,,Regina,SK,Saskatchewan,S4P 4Y3,CA,luca842@gmail.example,+1-639-555-0156,CTR-1000117112,voyage,2018-07-23,2027-05-23,actif,293.11,trimestrielle,virement,AG-PR-001,2018-07-04,2022-08-11,,,
principal,CLI-00117133,M.,Owen,Poirier,1965-04-29,M,en,8428,Boulevard,Mountainview,,66,Joliette,QC,Québec,J6E  2W1,CA,owen269@gmail.example,+1-450-555-0114,CTR-1000117133,auto,2023-03-13,,actif,1214.06,annuelle,prélèvement,AG-PR-005,2023-03-08,2023-10-04,,,
principal,CLI-00117312,Mme,Diane,Landry,1946-12-01,F,fr,8172,avenue,des Vents,,346,Laval,QC,Québec,H7N 6K9,CA,diane.landry@outlook.example,+1-450-555-0112,CTR-1000117312,auto,2022-04-17,2024-06-03,expiré,1129.95,annuelle,prélèvement,AG-PR-001,2022-04-08,2026-02-18,,,
principal,CLI-00117339,M.,Michel,Bouchard,1979-10-09,M,fr,2611,rue,des Érables,,,Montréal,QC,Québec,H3G  1Y7,CA,mic4062@gmail.example,+1-418-555-0126,CTR-1000117339,auto,2018-10-07,2021-11-02,résilié,1666.12,mensuelle,carte,AG-PR-007,2018-09-13,2023-06-23,,,
principal,CLI-00117371,Mme,Louise,Tremblay,1968-06-01,F,fr,2806,terrasse,des Laurentides,,,Sherbrooke,QC,Québec,J1K 1R2,CA,louiset@yahoo.example,+1-468-555-0149,CTR-1000117371,vie,2026-06-20,2026-07-12,expiré,4317.89,trimestrielle,virement,AG-PR-006,2026-06-17,2026-08-30,,,
principal,CLI-00117510,M.,Hugo,Bélanger,1990-11-15,M,fr,5677,montée,de la Grande-Allée,,,Québec,QC,Québec,G1V 2T8,CA,hugo.belanger@videotron.example,+1-579-555-0195,CTR-1000117510,voyage,2025-07-23,2027-05-10,actif,283.26,mensuelle,prélèvement,AG-PR-005,2025-06-26,2026-04-21,,,
principal,CLI-00117613,Mme,Eleanor,Johnson,1963-02-10,F,en,8789,Street,Garden,East,,Laval,QC,Québec,H7N 2L5,CA,ele205@icloud.example,+1-438-555-0155,CTR-1000117613,habitation,2017-06-29,2025-11-28,résilié,1566.98,annuelle,prélèvement,AG-PR-004,2017-06-27,2024-06-22,,,
principal,CLI-00117750,Mme,Maude,Leblanc,1951-11-15,F,fr,6052,rue,des Épinettes,,587,Joliette,QC,Québec,J6E 3H4,CA,maude_leblanc@gmail.example,+1-579-555-0176,CTR-1000117750,voyage,2019-03-19,,actif,229.17,mensuelle,prélèvement,AG-PR-001,2019-03-15,2026-07-14,,,
principal,CLI-00118192,M.,Luc,Cloutier,1964-07-16,M,fr,3753,autoroute,des Hirondelles,,,Sainte-Julie,QC,Québec,J3E 5V3,CA,luc303@hotmail.example,+1-450-555-0105,CTR-1000118192,vie,2025-07-08,2027-01-29,actif,463.26,mensuelle,virement,AG-PR-001,2025-06-22,2025-09-17,,,
principal,CLI-00118253,M.,Jean,Tremblay,2006-05-14,M,fr,9192,boulevard,du Parc,,256,Baie-Comeau,QC,Québec,G5C 1J1,CA,jea55@gmail.example,+1-514-555-0112,CTR-1000118253,auto,2025-07-29,2026-05-29,résilié,2003.52,annuelle,prélèvement,AG-PR-006,2025-06-30,2026-02-13,,,
principal,CLI-00118311,M.,James,Anderson,2002-01-19,M,en,9284,Street,Highland,,323,Toronto,ON,Ontario,M4W 1N8,CA,jamesanderson@yahoo.example,+1-289-555-0161,CTR-1000118311,voyage,2022-07-28,2026-11-19,actif,679.27,mensuelle,chèque,AG-PR-006,2022-07-26,2024-10-24,,,
principal,CLI-00118546,Mme,Christine,Côté,1952-09-09,F,fr,1437,rang,du Rocher,Ouest,,Montréal,QC,Québec,H1A 6S6,CA,cc8639@outlook.example,+1-438-555-0100,CTR-1000118546,vie,2020-11-07,2027-08-29,actif,793.80,mensuelle,prélèvement,AG-PR-002,2020-10-23,2026-05-06,,,
principal,CLI-00118548,M.,Jacob,Gonzalez,2002-05-22,M,fr,6786,allée,des Épinettes,,,Trois-Rivières,QC,Québec,G8Z 3A3,CA,jacob_gonzalez@outlook.example,+1-418-555-0183,CTR-1000118548,habitation,2021-11-08,2027-02-20,actif,2388.30,mensuelle,prélèvement,AG-PR-006,2021-10-17,2023-02-21,,,
principal,CLI-00118703,Mme,Violet,Turner,1946-12-02,F,en,7945,Boulevard,Birch,,,Vaudreuil-Dorion,QC,Québec,J7V 9Y7,CA,violett@outlook.example,+1-514-555-0146,CTR-1000118703,auto,2021-07-28,,actif,642.23,mensuelle,virement,AG-PR-008,2021-07-23,2022-02-27,,,
principal,CLI-00118828,M.,Oliver,Turner,2001-06-28,M,en,7502,Parkway,Birch,West,,Winnipeg,MB,Manitoba,R3T 5G0,CA,turner.oliver@icloud.example,+1-204-555-0192,CTR-1000118828,vie,2023-08-16,2027-09-01,suspendu,1889.21,mensuelle,prélèvement,AG-PR-004,2023-08-13,2023-12-12,,,
principal,CLI-00119015,Mme,Gabrielle,Leclerc,1987-12-10,F,fr,7396,boulevard,du Parc,,,Saint-Hyacinthe,QC,Québec,J2S 3Y6,CA,gab9934@gmail.example,+1  514-555-0110,CTR-1000119015,habitation,2017-04-05,2025-12-11,résilié,904.12,mensuelle,virement,AG--PR-007,2017-03-31,2022-04-09,,,
principal,CLI-00119165,Mme,Rosalie,Lavoie,1960-04-14,F,fr,2558,rue,du Belvédère,,739,Montréal,QC,Québec,H4A 7J6,CA,lavoie265@gmail.example,+1-819-555-0171,CTR-1000119165,voyage,2019-05-01,2020-03-31,expiré,329.64,mensuelle,carte,AG-PR-006,2019-04-22,2019-07-17,,,
principal,CLI-00119347,M.,Daniel,Patel,1975-01-14,M,fr,9023,chemin,du Lac,,,Beloeil,QC,Québec,J3G 4A3,CA,dan52@gmail.example,+1-819-555-0191,CTR-1000119347,habitation,2023-04-28,2026-03-17,résilié,462.34,mensuelle,prélèvement,AG-PR-001,2023-04-02,2026-04-03,,,
principal,CLI-00119403,M.,Éric,Wright,1947-11-24,M,fr,5491,allée,des Geaais-Bleus,,795,Trois-Rivières,QC,Québec,G8Z 1V5,CA,eri3986@gmail.example,+1-450-555-0115,CTR-1000119403,habitation,2017-12-03,2026-12-12,actif,597.61,mensuelle,prélèvement,AG-ON-001,2017-12-01,2024-04-11,2020-12-01,,en_cours
principal,CLI-00119500,Mme,Émilie,Martel,1951-09-23,F,fr,4467,boulevard,des Mélèzes,,,Saguenay,QC,Québec,G7H 1P4,CA,emilie2432@gmail.example,+1-418-555-0120,CTR-1000119500,auto,2019-02-14,2027-06-27,actif,484.64,mensuelle,prélèvement,AG-PR-001,2019-01-31,2022-08-08,,,
principal,CLI-00119528,M.,Benjamin,King,1954-12-24,M,en,8814,Avenue,Orchard,,817,Toronto,ON,Ontario,M4W 4J0,CA,benjamin367@proton.example,+1-613-555-0175,CTR-1000119528,habitation,2019-09-17,2027-03-01,actif,1343.04,mensuelle,prélèvement,AG-PR-003,2019-08-24,2023-07-19,,,
principal,CLI-00121124,M.,Julian,Brown,1949-09-21,M,en,7190,Crescent,Kingfisher,North,616,Mississauga,ON,Ontario,L5B 6J0,CA,jb339@icloud.example,+1-382-555-0172,CTR-1000121124,auto,2021-02-23,,actif,455.00,semestrielle,prélèvement,AG-PR-004,2021-01-27,2023-08-02,,,
principal,CLI-00121403,Mme,Véronique,Roy,1947-08-01,F,fr,4315,boulevard,des Mélèzes,Est,272,Shawinigan,QC,Québec,G9P 4C9,CA,veronique24@gmail.example,+1-450-555-0151,CTR-1000121403,auto,2024-11-06,,actif,894.71,mensuelle,prélèvement,AG-PR-005,2024-10-15,2025-10-21,,,
principal,CLI-00121464,Mme,Mélanie,Turcotte,1990-01-28,F,fr,2576,avenue,du Boisé,,178,Blainville,QC,Québec,J7C 0R8,CA,mt1781@icloud.example,+1-418-555-0111,CTR-1000121464,auto,2017-02-19,2027-03-04,actif,764.79,mensuelle,prélèvement,AG-PR-001,2017-01-22,2023-10-18,,,
principal,CLI-00121582,Mme,Jade,Ouellet,1945-06-05,F,fr,3731,chemin,des Mélèzes,Nord,460,Montréal,QC,Québec,H3G 2L3,CA,ouellet.jade@hotmail.example,+1-514-555-0102,CTR-1000121582,auto,2016-12-13,,actif,1785.57,annuelle,carte,AG-PR-002,2016-12-01,2026-08-24,,,
principal,CLI-00121641,Mme,Gabrielle,Bélanger,1941-05-19,F,fr,5168,rue,des Geais-Bleus,,703,Gaspé,QC,Québec,G4X 6C0,CA,gabrielle_belanger@gmail.example,+1-263-555-0146,CTR-1000121641,habitation,2022-08-10,,actif,2459.64,mensuelle,prélèvement,AG-ON-004,2022-08-02,2025-02-09,,,
principal,CLI-00121678,M.,Jacob,Rahman,2002-04-17,M,fr,5474,avenue,des Pins,Nord,54,Châteauguay,QC,Québec,6K 0E0,CA,jacob1790@yahoo.example,+1-873-555-0136,CTR-1000121678,auto,2024-01-17,2027-03-31,suspendu,673.11,mensuelle,prélèvement,AG-PR-005,2023-12-24,2026-03-30,,,
principal,CLI-00121926,Mme,Penelope,Johnson,1986-12-23,F,en,6022,Road,Lakeshore,,,St. John's,NL,Terre-Neuve-et-Labrador,A1A 5T8,CA,johnson.penelope@outlook.example,+1-879-555-0114,CTR-1000121926,habitation,2019/07/31,2027-01-21,suspendu,3166.79,mensuelle,prélèvement,AG-PR-003,2019-07-05,2019-10-23,,,
principal,CLI-00000490,Mme,Catherine,aCron,1941-01-12,F,fr,7681,carré,du Marais,,474,La Tuque,QC,Québec,G9X 3N5,CA,catherine.caron@gmail.example,+1-450-555-0130,CTR-1000122209,habitation,2026-13-40,2027-06-17,actif,1561.43,trimestrielle,carte,AG-PR-007,2022-06-14,2026-05-28,,,
principal,CLI-00122370,Mme,Nicole,Fortin,1987-11-04,F,fr,9470,avenue,du Ruisseau,,,Montréal,QC,Québec,H3G 3T9,CA,nicole631@gmail.example,+1-450-555-0105,CTR-1000122370,auto,2021-07-04,2027-01-23,actif,481.41,annuelle,prelevement,AG-PR-001,2021-06-27,2026-03-28,2025-07-13,10457.67,en_cours
principal,CLI-00122718,M.,Benjamin,King,1986-01-18,M,en,5588,Court,Bluebird,,,Brossard,QC,Québec,J4W 8L3,CA,king.benjamin@gmail.example,+1-581-555-0133,CTR-1000122718,auto,2026-13-40,2026-11-15,actif,2161.59,mensuelle,prélèvement,AG-PR-003,2018-02-21,2026-01-22,,,
principal,CLI-00122867,Mme,Christine,Beaulieu,1983-05-29,F,fr,3203,rue,des Laurentides,,125,Sept-Îles,QC,Québec,G4R 7R5,CA,christine_beaulieu@outlook.example,+1-514-555-0188,CTR-1000122867,habitation,2019-10-01,2026-12-07,actif,2157.67,mensuelle,prélèvement,AG-PR-003,2019-09-17,2020-03-02,,,
principal,CLI-00123026,M.,André,Fortin,1961-08-22,M,fr,7780,boulevard,des Prairies,,231,Montréal,QC,Québec,H4A 4X3,CA,andre984@icloud.example,+1-873-555-0123,CTR-1000123026,auto,2017-06-03,2027-07-20,actif,505.36,mensuelle,prélèvement,AG-PR-001,2017-05-20,2022-12-07,,,
principal,CLI--00123143,M.,Louis-Philippe,Vachon,1978-02-22,M,fr,8946,croissant,du Marais,,,Montréal,QC,Québec,H1A 1R7,CA,louisphilippe_vachon@gmail.example,+1  581-555-0184,CTR-1000123143,auto,2016-09-28,2027-04-17,actif,1009.26,trimestrielle,carte,AG-PR-005,2016-09-03,2026-07-19,,,
principal,CLI-00123201,M.,Rémi,Roy,1965-12-04,M,fr,173,rue,des Laurentides,,,Québec,QC,Québec,G1V 1W7,CA,rem524@hotmail.example,+1-418-555-0135,CTR-1000123201,habitation,2022-01-05,2026-11-23,actif,1035.43,mensuelle,carte,AG-PR-007,2021-12-20,2022-12-07,,,
principal,CLI-00123205,Mme,Christine,Lavoie,1936-09-22,F,fr,1510,place,du Lac,,675,Blainville,QC,Québec,J7C 1L8,CA,christine245@proton.example,+1-418-555-0164,CTR-1000123205,auto,2025-08-12,2025-11-11,résilié,-419.20,mensuelle,virement,AG-PR-003,2025-07-26,2026-06-28,,,
principal,CLI-00123248,M.,Alexander,Walker,1948-11-14,M,en,5961,Trail,Southridge,,,Mississauga,ON,Ontario,L5B 5X1,CA,awalker@yahoo.example,+1-905-555-0182,CTR-1000123248,habitation,2025-01-05,2027-06-03,actif,2071.11,annuelle,virement,AG-PR-002,2025-01-01,2026-07-20,,,
principal,CLI-00123269,M.,Nicolas,Simard,1960-08-20,M,fr,5524,boulevard,des Laurentides,Ouest,666,Longueuil,QC,Québec,J4H 8N6,CA,ns2743@gmail.example,+1-514-555-0157,CTR-1000123269,auto,2018-02-01,2026-11-10,actif,753.23,mensuelle,virement,AG-PR-003,2018-01-07,2026-03-11,,,
principal,CLI-00123287,M.,Elias,Mitchell,1975-02-25,M,en,567,Court,Westwood,North,,Fredericton,NB,Nouveau-Brunswick,E3C 0K7,CA,eliasmitchell@gmail.example,+1-428-555-0152,CTR-1000123287,habitation,2025-04-09,2027-05-14,actif,2224.24,trimestrielle,prélèvement,AG-PR-005,2025-03-25,2025-07-01,,,
principal,CLI-00123314,M.,Daniel,Kim,1949-05-25,M,fr,5167,rue,du Versant,,,Saint-Jean-sur-Richelieu,QC,Québec,J3A 9W1,CA,daniel_kim@videotron.example,+1-514-555-0111,CTR-1000123314,voyage,2017-06-07,,actif,191.83,annuelle,prélèvement,AG-PR-001,2017-05-22,2023-04-17,,,
principal,CLI-00123403,M.,Olivier,Fortin,1962-12-02,M,fr,3621,route,des Érables,,648,Shawinigan,QC,Québec,G9T 2C0,CA,olivier2548@bell.example,+1-418-555-0186,CTR-1000123403,auto,2019-03-05,2025-01-11,expiré,900.77,annuelle,prélèvement,AG-PR-007,2019-02-17,2024-05-23,,,
principal,CLI-00124085,M.,Noah,Collins,2008-01-05,M,en,9619,Crescent,Cedar,,,Gatineau,QC,Québec,J8X  5W9,CA,noa545@yahoo.example,+1-418-555-0150,CTR-1000124085,habitation,2026-03-05,2027-07-26,actif,267.52,mensuelle,carte,AG-PR-008,2026-02-09,2026-09-16,,,
principal,CLI-00000579,Mme,Mélanie,Simard,1967-09-15,F,fr,6619,place,des Pionniers,,,Montréal,QC,Québec,H4A 9B5,CA,mel3977@gmail.example,+1-418-555-0139,CTR-1000124116,voyage,2019-12-06,2027-04-22,actif,460.95,mensuelle,prélèvement,AG-PR-007,2019-11-21,2024-06-26,,,
principal,CLI-00124218,Mme,Amelia,Taylor,1966-07-04,F,en,6983,Road,Birch,,,Toronto,ON,Ontario,M4W 2M1,CA,taylor932@outlook.example,+1-365-555-0199,CTR-1000124218,voyage,2020-04-09,2027-07-03,suspendu,243.14,trimestrielle,prélèvement,AG-PR-005,2020-03-14,2020-10-18,,,
principal,CLI-00124464,Mme,Maude,Gauthier,1973-06-09,F,fr,3259,rue,des Lilas,Est,131,Magog,QC,Québec,J1X 7G5,CA,gauthier092@videotron.example,+1-450-555-0184,CTR-1000124464,vie,2018-09-19,,actif,3795.24,mensuelle,prélèvement,AG-PR-002,2018-09-18,2021-03-21,,,
principal,CLI-00124571,M.,Jean,Bergeron,1986-11-24,M,fr,643,autoroute,du Ruisseau,,,Gatineau,QC,Québec,J8Y 6L5,CA,bergeron.jean@proton.example,+1-581-555-0141,CTR-1000124571,habitation,2021-02-20,,actif,1770.41,annuelle,prélèvement,AG-PR-001,2021-01-26,2025-11-19,,,
principal,CLI-00124872,M.,William,Baker,1982-12-12,M,fr,2047,rue,des Lilas,,,Gatineau,QC,Québec,J8Y 8V5,CA,williambaker@outlook.example,+1-418-555-0143,CTR-1000124872,auto,2020-02-13,2027-01-16,suspendu,980.02,mensuelle,carte,AG-PR-001,2020-01-25,2025-08-06,,,
principal,CLI-00125011,Mme,Valérie,Lapointe,1956-10-17,F,fr,8439,rang,des Érables,,,Alma,QC,Québec,G8E 1R6,CA,valerie_lapointe@hotmail.example,+1-581-555-0189,CTR-1000125011,auto,2025-11-15,2027-01-25,actif,1114.07,mensuelle,virement,AG-PR-002,2025-10-27,2026-08-20,,,
principal,CLI-00125062,Mme,Ava,Wright,1946-03-26,F,en,1554,Road,Valleyview,,,Calgary,AB,Alberta,T2P 0M5,CA,wright.ava@gmail.example,+1-403-555-0103,CTR-1000125062,auto,2026-04-01,2027-09-02,actif,1304.08,annuelle,prélèvement,AG-PR-004,2026-03-19,2026-05-19,2026-07-29,9845.02,en_cours
principal,CLI-00125226,Mme,Émilie,Patel,1942-10-06,F,fr,7576,boulevard,de la Rivière,,,Joliette,QC,Québec,J6E 5R1,CA,emilie.patel@gmail.example,+1-819-555-0118,CTR-100012522,vie,2025-12-16,2027-03-22,suspendu,1540.81,semestrielle,prélèvement,AG--PR-003,2025-11-26,2026-06-15,,,
principal,CLI-00125230,Mme,Christine,Poirier,1937-09-30,F,fr,5674,avenue,du Moulin,,791,Terrebonne,QC,Québec,J6X 2B6,CA,christinepoirier@hotmail  .example,+1-581-555-0175,CTR-1000125230,vie,2021-03-15,2021-02-06,résilié,2579.35,mensuelle,chèque,AG-PR-002,2021-01-15,2024-07-25,,,
principal,CLI-00125274,M.,Jean,Ahmed,2008-04-27,M,fr,3506,croissant,des Chênes,Est,,Victoriaville,QC,Québec,G6P 3N3,CA,jeanahmed@gmail.example,+1-873-555-0193,CTR-1000125274,auto,2026-08-13,2026-09-10,résilié,861.89,trimestrielle,prélèvement,AG-PR-004,2026-08-10,2026-09-14,,,
principal,CLI-00125385,M.,Robert,Lavoie,2006-12-27,M,fr,4914,boulevard,des Lilas,,554,Mirabel,QC,Québec,J7J 3Y9,CA,robert0803@outlook.example,+1-450-555-0126,CTR-1000125385,voyage,2025-04-06,2027-03-09,actif,445.77,trimestrielle,carte,AG-PR-001,2025-03-13,2026-05-15,2026-07-02,19931.65,en_cours
principal,CLI-00125622,Mme,Zoé,Poulin,1971-06-20,F,fr,1767,chemin,du Ruisseau,,,Vancouver,BC,Colombie-Britannique,V5K 8M8,CA,zoe_poulin@gmail.example,+1-250-555-0112,CTR-1000125622,habitation,2021-11-08,2027-08-31,actif,1228.10,annuelle,carte,AG-PR-001,2021-10-30,2021-11-13,,,
principal,CLI-00125678,Mme,Josée,Hébert,1992-01-09,F,fr,3808,route,des Épinettes,,,Ottawa,ON,Ontario,K1A 3Y2,CA,josee508@gmail.example,+1-226-555-0170,CTR-1000125678,voyage,2017-12-09,2027-07-16,actif,-98.24,mensuelle,prélèvement,AG-PR-003,2017-12-06,2019-08-08,,,
principal,CLI-00125707,M.,Denis,Vachon,1981-04-12,M,fr,1904,rue,du Parc,Ouest,923,Blainvville,QC,Québec,J7C  1V1,CA,denisvachon@gmail.example,+1-438-555-0177,CTR-1000125707,auto,2023-09-06,2024-05-09,expiré,1711.28,mensuelle,prélèvement,AG-PR-002,2023-09-01,2023-11-12,,,
principal,CLI-00125878,M.,Alexandre,Fournier,1955-01-27,M,fr,1523,terrasse,des Mélèzes,,,Fredericton,NB,Nouveau-Brunswick,E3C 7H3,CA,alexandrefournier@outlook.example,+1-506-555-0127,CTR-1000125878,vie,2025-10-21,2025-11-19,résilié,2187.64,mensuelle,virement,AG-PR-001,2025-10-17,2026-02-06,,,
principal,CLI-00126139,M.,Samuel,Chen,1961-11-03,M,fr,103,route,des Pins,,,Saint-Jean-sur-Richelieu,QC,Québec,J3A 8V8,CA,samuel.chen@hotmail.example,+1-418-555-0138,CTR-1000126139,auto,2020-01-02,2026-12-21,suspendu,666.15,mensuelle,prélèvement,AG-PR-008,2019-12-29,2021-12-18,2023-05-09,10690.35,fermé
principal,CLI-00126193,M.,Sébastien,Gagné,1947-09-07,M,fr,6243,avenue,de l'Aube,Est,61,Saint-Jérôme,QC,Québec,J7Y 7K5,CA,sebastien-gagne@gmail.example,+1-514-555-0134,CTR-1000126193,habitation,2018-11-03,2027-04-04,actif,2199.52,trimestrielle,prélèvement,AG-PR-001,2018-10-26,2024-04-19,,,
principal,CLI-00126218,Mme,Léa,Gagnon,1970-05-15,F,fr,392,avenue,des Champs,,,Drummondville,QC,Québec,J2B 5G6,CA,gagnon5690@gmail.example,+1-873-555-0158,CTR-1000126218,auto,2022-02-06,2026-10-19,actif,439.37,mensuelle,prélèvement,AG-PR-005,2022-01-10,2022-04-04,,,
principal,CLI-00126235,Mme,Gabrielle,Zhao,1967-03-25,F,fr,9627,boulevard,de l'Aube,,,Brossard,QC,Québec,J4Y 5M7,CA,gzhao@yahoo.example,+1-450-555-0132,CTR-1000126235,auto,2023-01-30,,actif,452.66,mensuelle,prelevement,AG-PR-001,2023-01-22,2026-01-25,2025-06-22,34066.96,ouvert
principal,CLI-00126441,Mme,Violet,Hernandez,2008-05-26,F,en,3370,Drive,Sunset,South,,London,ON,Ontario,N6A 8N7,CA,violet.hernandez@bell.example,+1-249-555-0104,CTR-1000126441,habitation,2026-07-27,2026-09-03,résilié,1205.95,mensuelle,prélèvement,AG-PR-002,2026-06-27,2026-08-23,,,
principal,CLI-00126703,M.,Ethan,Young,2006-12-09,M,en,2697,Avenue,Spring,,904,Winnipeg,MB,Manitoba,R3C 0W3,CA,eth481@hotmail.example,+1-204-555-0189,CTR-1000126703,vie,2026-01-26,,actif,1881.22,mensuelle,virement,AG-PR-005,2026-01-26,2026-03-17,,,
principal,CLI-00126859,Mme,Sylvie,Leblanc,1989-12-15,F,fr,5071,place,des Pionniers,,,Blainville,QC,Québec,J7C 0S2,CA,sylvie126@videotron.example,+1-354-555-0105,CTR-1000126859,auto,2017-12-27,,actif,1077.85,mensuelle,virement,AG-PR-004,2017-12-25,2022-09-07,,,
principal,CLI-00126886,M.,Samuel,Ouellet,1974-10-28,M,en,8759,Place,Pine,,,Toronto,ON,Ontario,M6G 9L5,CA,samuel_ouellet@icloud.example,+1-807-555-0131,CTR-1000126886,auto,2018-07-12,2027-08-10,actif,1229.15,mensuelle,prélèvement,AG-PR-006,2018-07-03,2021-03-01,,,
principal,CLI-0012694,Mme,Nathalie,Hernandez,1969-03-17,F,fr,6466,impasse,des Cascades,,138,Drummondville,QC,Québec,J2C 6N8,CA,nathalie.hernandez@outlook.example,+1-579-555-0133,CTR-1000126949,vie,2023-01-25,2027-01-16,actif,2614.36,mensuelle,prélèvement,AG-PR-001,2023-01-16,2025-12-29,,,
principal,CLI-00126978,Mme,Olivia,Johnson,1994-07-12,F,en,8823,Parkway,Mountainview,,614,Ottawa,ON,Ontario,K2P 5P1,CA,oli99@hotmail.example,+1-519-555-0188,CTR-1000126978,habitation,2022-11-13,2027-01-21,actif,2284.99,mensuelle,prélèvement,AG-PR-002,2022-11-09,2025-07-31,,,
principal,CLI-00126979,Mme,Anne,Lewis,1948-01-09,F,fr,6795,boulevard,des Mélèzes,,609,Laval,QC,Québec,H7N 8P9,CA,anne_lewis@hotmail.example,+1-873-555-0121,CTR-1000126979,vie,2020-05-07,2027-03-31,actif,2830.72,mensuelle,virement,AG-PR-002,2020-04-10,2022-10-06,,,
principal,CLI-00127232,M.,Marc,Boucher,2004-11-26,M,fr,159,avenue,de la Clairière,,,Québec,QC,Québec,G1V 0Z8,CA,boucher.marc@gmail.example,+1-418-555-0136,CTR-1000127232,vie,2026-06-01,2026-12-08,actif,2275.38,annuelle,virement,AG-PR-006,2026-05-13,2026-08-09,,,
principal,CLI-00127236,Mme,Sylvie,Campbell,2003-04-17,F,fr,1021,route,du Belvédère,,367,Longueuil,QC,Québec,J4H 4L7,CA,sylviecampbell@outlook.example,+1-579-555-0157,CTR-1000127236,voyage,2023-06-12,,actif,373.79,annuelle,prélèvement,AG-PR-007,2023-06-05,2025-01-03,,,
principal,CLI-00127439,Mme,Mélanie,Poirier,1970-02-28,F,fr,7561,boulevard,des Hirondelles,,,Montréal,QC,Québec,H1A 5J3,CA,poirier142@gmail.example,+1-438-555-0199,CTR-1000127439,habitation,2016-10-18,2027-07-27,actif,1738.90,annuelle,prélèvement,AG-PR-003,2016-10-01,2026-06-01,2024-06-20,56888.50,fermé
principal,CLI-00127478,Mme,Nathalie,Turcotte,2005-09-22,F,fr,6873,boulevard,des Sommets,,,Terrebonne,QC,Québec,J6X 5M7,CA,nathalie_turcotte@gmail.example,+1-263-555-0135,CTR-1000127478,auto,2024-08-13,2027-04-28,actif,1947.51,mensuelle,prélèvement,AG-PR-002,2024-07-21,2026-04-19,,,
principal,CLI-00128298,M.,François,Roy,1990-09-24,M,fr,6558,rue,du Ruisseau,,,Montréal,QC,Québec,H1A 0B2,CA,fra9681@yahoo.example,+1-450-555-0109,CTR-1000128298,auto,2024-03-23,2027-09-09,actif,724.74,mensuelle,prélèvement,AG-PR-003,2024-03-20,2026-03-03,,,
principal,CLI-00129118,M.,Samuel,Lewis,1950-08-28,M,en,8692,Boulevard,Brookside,,680,Québec,QC,Québec,G1R 9Z2,CA,samuel.lewis@outlook.example,+1-438-555-0133,CTR-1000129118,auto,2018-07-07,2018-11-28,expiré,745.60,semestrielle,prélèvement,AG-PR-001,2018-06-14,2021-06-01,2018-08-30,28795.52,fermé
principal,CLI-00129567,Mme,Sophia,Thompson,1956-10-18,F,en,7789,Avenue,Clearwater,,,Edmonton,AB,Alberta,T6G 7B9,CA,thompson.sophia@icloud.example,+1-780-555-0140,CTR-1000129567,habitation,2021-04-02,2026-11-03,actif,1067.44,annuelle,prelevement,AG-PR-005,2021-03-15,2022-07-17,2023-03-05,46552.87,fermé
principal,CLI-00129572,M.,André,Gonzalez,1947-08-31,M,fr,8270,rue,des Pins,,794,Mirabel,QC,Québec,J7N 8E8,CA,andre54@bell.example,+1  819-555-0193,CTR-1000129572,auto,2025-02-01,2027-03-09,actif,822.97,mensuelle,prélèvement,AG-PR-001,2025-01-06,2026-03-13,,,
principal,CLI-00130314,Mme,Louise,Paquette,2001-06-03,F,fr,3233,rue,de la Pinède,Est,,Sept-Îles,QC,Québec,G4R 4V4,CA,louise-paquette@outlook.example,+1-438-555-0133,CTR-1000130314,habitation,2022-07-05,2027-03-31,actif,1865.66,mensuelle,prélèvement,AG-PR-001,2022-06-23,2026-04-06,,,
principal,CLI-00130425,M.,Lucas,Anderson,1986-04-28,M,en,9194,Parkway,Bluebird,,,Hamilton,ON,Ontario,L8P 1R1,CA,anderson20@gmail.example,+1-519-555-0118,CTR-1000130425,auto,2025-08-15,2027-04-28,actif,1762.46,mensuelle,prélèvement,AG-PR-001,2025-07-24,2026-02-05,2025-08-31,15690.46,fermé
principal,CLI-00130436,M.,Michael,Smith,1993-10-28,M,en,4862,Lane,Forest,,,Montréal,QC,Québec,H4A 7Z8,CA,smith.michael@icloud.example,+1-514-555-0113,CTR-1000130436,auto,2022-11-10,2027-05-27,actif,269.02,mensuelle,carte,AG-PR-008,2022-10-17,2023-02-20,,,
principal,CLI-00130589,M.,Étienne,eLblanc,1985-11-22,M,en,3124,Court,Northgate,,593,Québec,QC,Québec,G1V 3A6,CA,wcox@icloud.exampl e,+1-418-555-0194,CTR-1000130589,auto,2026-12-27,2022-05-12,actif,1506.65,annuelle,prélèvement,AG-PR-001,2022-04-15,2024-01-19,2023-08-11,,en_cours
principal,CLI-00130706,Mme,Chantal,Ali,1951-04-04,F,fr,8987,allée,des Bouleaux,,485,Sherbrooke,QC,Québec,J1H 3L0,CA,chantal1694@gmail.example,+1-438-555-0108,CTR-1000130706,auto,2025-03-07,2027-04-07,actif,506.06,mensuelle,carte,AG-PR-004,2025-02-26,2026-07-30,,,
principal,CLI-00130788,Mme,Eleanor,Patel,1956-03-15,F,en,2536,Crescent,Maple,,,Toronto,ON,Ontario,M6G 3E2,CA,ele43@outlook.example,+1-742-555-0102,CTR-1000130788,auto,2017-06-25,2026-02-25,expiré,237.35,annuelle,carte,AG-PR-003,2017-06-22,2022-03-20,2019-08-13,36161.88,en_cours
principal,CLI-00130945,M.,Sébastien,Lavoie,1937-05-05,M,fr,3123,allée,des Champs,,,Québec,QC,Québec,G2B 3N4,CA,sebastien-lavoie@gmail.example,+1-354-555-0177,CTR-1000130945,auto,2020-08-30,,actif,544.29,mensuelle,carte,AG-PR-002,2020-08-09,2021-04-27,,,
principal,CLI-00131238,Mme,Sylvie,Pelletier,1966-12-28,F,fr,8949,boulevard,du Marais,,,Victoriaville,ON,Ontario,G6R 6W9,CA,sylvie38@yahoo.example,+1-450-555-0103,CTR-1000131238,auto,2020-02-24,2020-10-21,expiré,841.65,annuelle,carte,AG-PR-003,2020-02-13,2026-04-05,2020-07-21,26257.25,fermé
principal,CLI-00131257,Mme,Sophie,Hébert,2002-02-05,F,fr,4432,montée,des Trois-Lacs,,,Longueuil,QC,Québec,J4K 8C3,CA,hebert002@outlook.example,+1-418-555-0103,CTR-1000131257,auto,2021-05-04,2022-06-10,expiré,997.94,mensuelle,virement,AG-PR-002,2021-04-18,2025-04-12,,,
principal,CLI-00131433,M.,Rémi,Poulin,2001-02-28,M,fr,4450,terrasse,de la Rivière,Ouest,180,Longueuil,QC,Québec,J4K 6A5,CA,poulin1117@outlook.example,+1-819-555-0170,CTR-1000131433,auto,2022-12-13,2027-07-13,actif,813.99,annuelle,prélèvement,AG-PR-001,2022-12-06,2026-08-16,,,
principal,CLI-00131506,M.,Robert,Morin,1960-05-06,M,fr,2860,rue,des Vents,,,Rouyn-Noranda,QC,Québec,J9Y 7R5,CA,robert13@proton.example,+1-819-555-0153,CTR-1000131506,vie,2024-07-15,2027-02-09,actif,1082.30,mensuelle,virement,AG-PR-005,2024-06-21,2025-04-08,,,
principal,CLI-00131664,M.,William,Roy,1970-02-16,M,fr,1781,rue,des Hirondelles,,318,Sherbrooke,QC,Québec,J1K 3P5,CA,william154@yahoo.example,+1-450-555-0124,CTR-1000131664,auto,2026-06-17,2027-07-10,actif,1889.49,mensuelle,prélèvement,AG-PR-002,2026-05-30,2026-07-15,,,
principal,CLI-00131673,Mme,Chantal,Beaulieu,1983-03-26,F,fr,7936,rue,des Sommets,,413,Laval,QC,Québec,H7W 4S8,CA,beaulieu81@gmail.example,+1-819-555-0168,CTR-1000131673,auto,2027-03-24,2023-09-24,actif,1819.04,mensuelle,prélèvement,AG-PR-006,2023-09-21,2026-05-29,,,
principal,CLI-00131983,Mme,Sophie,Silva,1946-11-06,F,fr,2297,impasse,des Frênes,Sud,404,Montréal,QC,Québec,H2X 2X8,CA,silva45@gmail.example,+1-418-555-0166,CTR-1000131983,vie,2021-04-24,,actif,3625.94,mensuelle,prélèvement,AG-PR-007,2021-03-27,2022-11-24,,,
principal,CLI-00132001,M.,Martin,Pelletier,1942-03-04,M,fr,7385,montée,des Mélèzes,,150,Saint-Jean-sur-Richelieu,QC,Québec,J3A 9Y9,CA,martin-pelletier@outlook.example,+1-514-555-0121,CTR-1000132001,auto,2017-04-07,2027-01-24,actif,1668.15,mensuelle,prélèvement,AG-PR-001,2017-03-15,2021-11-30,2024-04-04,0.00,fermé
principal,CLI-00132180,M.,Nicolas,Lessard,1990-07-30,M,fr,5771,avenue,des Hirondelles,,,Québec,QC,Québec,G1V 8Y3,CA,nicolas_lessard@yahoo.example,+1-579-555-0168,CTR-1000132180,auto,2023-01-20,2026-12-31,actif,2445.18,mensuelle,prélèvement,AG-PR-002,2022-12-27,2024-11-18,,,
principal,CLI-00132510,M.,Oliver,White,1950-03-28,M,en,211,Street,Westwood,,,Laval,QC,Québec,H7N 1L3,CA,oliverwhite@rogers.example,+1-581-555-0116,CTR-1000132510,vie,2017-03-31,2026-11-28,actif,2808.36,trimestrielle,carte,AG-PR-001,2017-03-13,2022-08-18,,,
principal,CLI-00132704,Mme,Maude,Roy,1938-10-13,F,fr,3597,rang,des Hirondelles,Sud,737,Granby,QC,Québec,J2G 1G6,CA,mauderoy@videotron.example,+1-873-555-0138,CTR-1000132704,auto,2025-12-26,2026-11-08,actif,1220.04,mensuelle,chèque,AG-PR-008,2025-11-26,2026-06-18,2026-06-16,21783.57,en_cours
principal,CLI-00132797,M.,Olivier,Singh,2003-01-06,M,fr,1699,impasse,des Pionniers,,,Granby,QC,Québec,J2G 5C7,CA,olivier_singh@gmail.example,+1-819-555-0119,CTR-1000132797,habitation,2025-06-15,2026-08-21,expiré,852.02,trimestrielle,prélèvement,AG-PR-001,2025-05-22,2025-06-28,,,
principal,CLI-00132803,Mme,Marie-Ève,Cloutier,2002-03-13,F,fr,7567,terrasse,du Belvédère,,,Longueuil,QC,Québec,J4K 8P8,CA,marieevecloutier@gmail.example,+1-514-555-0155,CTR-1000132803,auto,2022-01-05,2027-07-05,actif,1376.59,mensuelle,carte,AG-PR-001,2021-12-23,2022-08-21,2024-05-22,24486.55,fermé
principal,CLI-00132901,Mme,Véronique,Green,1989-12-27,F,fr,6688,rue,des Peupliers,,,Montréal,QC,Québec,H4A 5H1,CA,green84@gmail.example,+1-438-555-0198,CTR-1000132901,habitation,2017-01-22,,actif,1595.09,mensuelle,prelevement,AG-PR-008,2016-12-26,2023-01-28,,,
principal,CLI-00133165,Mme,Anne,Patel,1980-09-01,F,fr,838,rue,de l'Aube,,,Saint-Jean-sur-Richelieu,QC,Québec,J3A 7H7,CA,ap949@hotmail.example,+1-514-555-0101,CTR-1000133165,auto,2026-06-05,2026-07-12,expiré,1851.64,semestrielle,carte,AG-PR-001,2026-05-09,2026-09-09,,,
principal,CLI-00133207,Mme,Lily,Johnson,1970-01-29,F,en,4435,Avenue,Maple,West,,Saint-Jérôme,QC,Québec,J7Y 4V6,CA,lilyjohnson@bell.example,+1-514-555-0103,CTR-1000133207,auto,2017-11-22,2027-05-10,actif,687.95,mensuelle,prélèvement,AG-PR-001,2017-10-26,2024-05-31,2023-04-06,23057.80,fermé
principal,CLI-00133345,M.,William,Hébert,1993-03-01,M,fr,226,chemin,des Mélèzes,,,Lévis,QC,Québec,G6W 7C9,CA,wil4919@yahoo.example,+1-514-555-0198,CTR-1000133345,habitation,2018-03-10,2027-05-09,actif,2200.42,annuelle,virement,AG-PR-002,2018-02-10,2026-08-09,2024-09-17,62452.13,fermé
principal,CLI-00133436,Mme,Mélanie,L  eblanc,1991-07-06,F,fr,5880,place,du Ruisseau,Ouest,,Saguenay,QC,Québec,G7J 1R8,CA,melanieleblanc@hotmail.example,+1-263-555-0184,CTR-1000133436,auto,2024-11-02,2027-02-22,actif,1883.19,mensuelle,prélèvement,AG-PR-003,2024-11-01,2024-11-18,,,
principal,CLI-00133913,Mme,Sopha,Johnson,1988-05-15,F,en,7471,Boulevard,Faivriew,West,,Iqaluit,NU,Nunavut,X0A 0S3,CA,sophiaj@gmail.example,+1-867-555-0124,CTR-1000133913,habitation,2019-06-15,2027-02-05,actif,1322.12,semestrielle,carte,AG-PR-004,2019-05-18,2026-05-27,,,
principal,CLI-00133955,M.,Luc,Tremblay,1950-01-08,M,fr,7627,boulevard,de la Pinède,,,Montréal,QC,Québec,H3G 8M2,CA,luctremblay@rogers.example,+1-819-555-0158,CTR-100013395,vie,2024-01-03,,actif,1875.86,mensuelle,prélèvement,AG-PR-001,2023-12-18,2025-10-19,,,
principal,CLI-00134130,Mme,Océane,Fournier,1979-05-13,F,fr,5716,croissant,du Havre,,,Québec,QC,Québec,G1R 0A5,CA,oce12@gmail.example,+1-873-555-0193,CTR-1000134130,habitation,2017-04-15,,suspendu,786.90,mensuelle,prélèvement,AG-PR-005,2017-04-12,2018-01-01,,,
principal,CLI-00134185,Mme,Amélie,Ali,1953-09-08,F,fr,126,avenue,du Marais,,426,Laval,QC,Québec,H7N 0H1,CA,aali@outlook.example,+1-418-555-0175,CTR-1000134185,voyage,2017-11-06,2027-06-04,actif,272.54,annuelle,carte,AG-PR-001,2017-11-02,2022-12-18,,,
principal,CLI-00134208,Mme,Marie,Tremblay,1945-03-06,F,fr,6866,rang,de la Rivière,,,Lévis,QC,Québec,G6W 7G0,CA,mar4785@gmail.example,+1-514-555-0158,CTR-1000134208,habitation,2017-02-23,2027-07-29,suspendu,735.57,annuelle,virement,AG-PR-006,2017-02-20,2022-04-13,2022-10-04,51599.97,ouvert
principal,CLI-00134689,M.,Jacob,Hébert,1951-06-06,M,fr,3462,rue,du Ruisseau,,885,Shawinigan,QC,Québec,G9N 4P9,CA,jacob.hebert@hotmail.example,+1-514-555-0172,CTR-1000134689,auto,2024-08-02,2027-05-09,actif,1134.00,trimestrielle,prélèvement,AG-PR-001,2024-07-04,2025-07-29,2024-10-06,,en_cours
principal,CLI-00134830,Mme,Anne-Marie,Fortin,1941-12-04,F,fr,7515,boulevard,des Laurentides,,394,Montréal,QC,Québec,H1A 0T7,CA,annemarie_fortin@bell.example,+1-450-555-0119,CTR-1000134830,voyage,2024-09-04,,actif,148.95,mensuelle,prélèvement,AG-PR-001,2024-08-10,2025-05-14,,,
principal,CLI-00134964,Mme,Sylvie,Morin,1958-02-26,F,fr,284,terrasse,du Boisé,,,Montréal,QC,Québec,H1A 7L9,CA,morin.sylvie@gmail.example,+1-873-555-0125,CTR-1000134964,auto,2017-05-16,2026-12-10,actif,425.67,mensuelle,prélèvement,AG-PR-002,2017-05-05,2026-08-07,,,
principal,CLI-00135045,Mme,Gianna,Evans,1973-01-24,F,en,1981,Boulevard,Southridge,,912,Dollard-des-Ormeaux,QC,Québec,H9A 7M2,CA,gianna_evans@icloud.example,+1-873-555-0120,CTR-1000135045,habitation,2023-02-27,2023-11-22,expiré,830.21,mensuelle,carte,AG-PR-003,2023-01-29,2025-09-22,,,
principal,CLI-00135185,M.,Alain,Roy,1991-07-14,M,fr,3202,terrasse,des Tulipes,,,Montréal,QC,Québec,H4A 1K6,CA,roy331@gmail.example,+1-819-555-0154,CTR-1000135185,auto,2026-05-06,2027-05-20,actif,1667.45,annuelle,prélèvement,AG-PR-005,2026-04-23,2026-08-19,,,
principal,CLI-00135211,M.,Claude,Roy,1995-05-30,M,fr,70,rue,du Domaine,Nord,877,Saint-Jean-sur-Richelieu,QC,Québec,J3A 9L2,CA,cla55@outlook.example,+1-579-555-0166,CTR-1000135211,habitation,2017-03-15,2023-04-08,expiré,2003.78,semestrielle,prélèvement,AG-PR-001,2017-02-13,2017-05-10,,,
principal,CLI-00135322,M.,Éric,Lee,2001-09-15,M,fr,334,terrasse,des Pionniers,Sud,923,Québec,QC,Québec,G1R 4R2,CA,lee.eric@icloud.example,+1-579-555-0193,CTR-1000135322,auto,2021-05-24,2027-04-19,actif,1328.82,mensuelle,virement,AG-PR-002,2021-04-29,2025-12-04,2023-05-03,14354.08,rejeté
principal,CLI-00135394,Mme,Caroline,Pelletier,2006-08-09,F,fr,1550,rue,des Frênes,,700,Laval,QC,Québec,H7W 4G7,CA,caroline-pelletier@gmail.example,+1-514-555-0123,CTR-1000135394,habitation,2025-10-10,,actif,1014.10,trimestrielle,carte,AG-PR-005,2025-09-12,2026-09-12,2026-03-12,126607.38,en_cours
principal,CLI-00135586,Mme,Nicole,Lapointe,1938-02-25,F,fr,1141,boulevard,de l'Église,Est,,Terrebonne,QC,Québec,J6W 5N5,CA,nlapointe@icloud.example,+1-450-555-0133,CTR-1000135586,auto,2021-12-07,,actif,947.47,trimestrielle,prélèvement,AG-PR-008,2021-11-11,2023-06-06,,,
principal,CLI-00135694,Mme,Rosalie,Plante,1973-06-12,F,fr,6430,boulevard,de la Vallée,,,Mirabel,QC,Québec,J7 4B4,CA,rosalie_plante@outlook.example,+1-438-555-0186,CTR-1000135694,habitation,2019-12-25,2026-12-10,actif,1785.57,annuelle,virement,AG-PR-003,2019-11-27,2023-11-14,,,
principal,CLI-00135752,Mme,Charlotte,Gauthier,1981-01-14,F,fr,3560,chemin,du Boisé,Ouest,,Trois-Rivières,QC,Québec,G8Z 1M5,CA,charlottegauthier@yahoo.example,+1-514-555-0148,CTR-1000135752,auto,2019-03-04,2027-01-07,actif,2362.62,mensuelle,virement,AG-PR-002,2019-02-25,2021-09-14,2021-05-30,19188.43,fermé
principal,CLI-00136279,M.,Philippe,Nadeau,1973-07-27,M,fr,2198,rang,des Sommets,Nord,336,Saguenay,QC,Québec,G7H 7P3,CA,philippe851@gmail.example,+1-438-555-0152,CTR-1000136279,habitation,2023-03-16,2027-07-01,actif,1827.66,mensuelle,carte,AG-PR-004,2023-02-16,2023-05-19,,,
principal,CLI-00136329,Mme,Louise,Bouchard,1974-02-11,F,fr,8773,rue,du Ruisseau,,285,Trois-Rivières,QC,Québec,G9A 8T9,CA,louise_bouchard@icloud.example,+1-418-555-0168,CTR-1000136329,vie,2021-08-15,2027-04-15,actif,3941.59,mensuelle,chèque,AG-PR-006,2021-08-14,2022-01-29,,,
principal,CLI-00136338,M.,André,Ouellet,1942-10-31,M,fr,9119,avenue,de la Clairière,Sud,,Rouyn-Noranda,QC,Québec,J9Y 7W3,CA,andre87@hotmail.example,+1-873-555-0129,CTR-1000136338,habitation,2021-08-17,2026-08-27,expiré,2610.45,trimestrielle,carte,AG-PR-001,2021-08-03,2023-09-14,,,
principal,CLI-00136453,Mme,Sofia,Johnson,1971-07-21,F,en,3727,Street,Mountainview,,,Saguenay,QC,Québec,G7J 2H9,CA,sofiaj@icloud.example,+1-263-555-0166,CTR-1000136453,habitation,2020-10-31,,actif,3113.20,mensuelle,carte,AG-PR-004,2020-10-23,2022-02-04,,,
principal,CLI-00136873,M.,Benjamin,White,1954-10-26,M,en,9953,Street,Oak,,,Toronto,ON,Ontario,M5V 7L0,CA,benjamin241@outlook.example,+1-705-555-0125,CTR-1000136873,auto,2018-10-21,,actif,823.09,annuelle,carte,AG-PR-003,2018-09-30,2020-03-29,,,
principal,CLI--00136985,Mme,Josée,Mitchell,1957-03-21,F,fr,7959,carré,des Pins,,3,Longueuil,QC,Québec,J4H 8E4,CA,clara.fortin@proton.example,+1-514-555-0182,CTR-1000136985,habitation,2020-05-15,,actif,1554.96,mensuelle,prélèvement,AG-PR-002,2020-04-30,2021-03-21,,,
principal,CLI-00136989,M.,Gabriel,Fortin,1982-11-27,M,fr,7744,rang,des Mélèzes,Est,604,Longueuil,QC,Québec,J4H 3L2,CA,gabriel59@icloud.example,+1  514-555-0138,CTR-1000136989,auto,2017-08-25,,actif,1451.73,mensuelle,prélèvement,AG-PR-003,2017-08-14,2018-05-15,,,
principal,CLI-00137067,M.,Gilles,Lavoie,1980-02-08,M,fr,6536,rue,des Mélèzes,,,Gatineau,QC,Québec,J8Y 9P2,CA,gilles5366@gmail.example,+1-367-555-0166,CTR-1000137067,habitation,2024-01-26,2027-04-12,actif,3178.06,mensuelle,prélèvement,AG-PR-007,2024-01-09,2026-07-19,2024-11-27,64451.14,en_cours
principal,CLI-00137083,M.,Robert,Poulin,1980-11-19,M,fr,3674,rue,des Frênes,,,Drummondville,QC,Québec,J2E 1R6,CA,catherinesimard@gmail.example,+1-819-555-0130,CTR-1000137083,habitation,2019-11-30,2026-10-17,actif,739.46,trimestrielle,prélèvement,AG-PR-003,2019-11-13,2023-11-25,2022-11-21,67170.91,fermé
principal,CLI-00137180,M.,Claude,Leblanc,1997-09-10,M,fr,7166,chemin,des Sommets,,,Mirabel,QC,Québec,J7J 0Y9,CA,claude699@bell.example,+1-468-555-0163,CTR-1000137180,auto,2021-11-19,2027-08-26,actif,690.32,annuelle,carte,AG-PR-004,2021-11-10,2023-01-17,,,
principal,CLI-00137525,M.,Hugo,Plante,1979-05-22,M,fr,8642,place,des Pionniers,,778,Sherbrooke,QC,Québec,J1H 4C8,CA,hplante@gmail.example,+1-354-555-0197,CTR-1000137525,auto,2019-02-01,2021-07-27,expiré,1365.48,mensuelle,carte,AG-PR-005,2019-01-25,2021-06-25,,,
principal,CLI-00138032,Mme,Hazel,Campbell,1963-11-11,F,en,6919,Place,Cedar,East,,Prince George,BC,Colombie-Britannique,V2L 9T6,CA,hazel.campbell@icloud.example,+1-604-555-0153,CTR-1000138032,habitation,2018-12-02,2027-06-07,actif,2144.55,mensuelle,prélèvement,AG-PR-006,2018-11-12,2024-04-12,,,
principal,CLI-00138048,M.,Jacques,Turcotte,1951-12-17,M,fr,5282,croissant,du Lac,Est,532,Alma,QC,Québec,G8B 1S7,CA,turcotte.jacques@gmail.example,+1-579-555-0123,CTR-1000138048,vie,2018-10-04,2024-11-18,expiré,2989.54,mensuelle,prélèvement,AG-PR-006,2018-09-13,2022-04-27,,,
principal,CLI-00138673,M.,André,Gauthier,1936-10-03,M,fr,3238,rue,des Lilas,,,Rimouski,QC,Québec,G5L 8A3,CA,andre_gauthier@icloud.example,+1-514-555-0196,CTR-1000138673,auto,2022-07-06,2027-07-12,actif,1857.11,mensuelle,carte,AG-PR-001,2022-06-17,2023-02-28,2025-05-25,12598.10,ouvert
principal,CLI-00138686,Mme,Marie-Ève,Beaulieu,2008-07-12,F,fr,5171,chemin,du Lac,,,Longueuil,QC,Québec,J4K 1Z8,CA,marieeve594@gmail.example,+1-263-555-0177,CTR-1000138686,vie,2026-09-15,2027-01-03,actif,583.11,mensuelle,prélèvement,AG-PR-003,2026-09-04,2026-09-14,,,
principal,CLI-00138711,M.,Olivier,Lopez,11-02-1944,M,fr,2066,chemin,du Parc,Est,,Québec,QC,Québec,G1R  7R2,CA,olivier821@yahoo.example,+1-579-555-0135,CTR-1000138711,habitation,06-12-2018,06-05-2027,actif,2046.56,mensuelle,virement,AG-PR-005,05-23-2018,03-11-2020,,,
principal,CLI-00000974,Mme,Béatrice,Poirier,1965-10-13,F,fr,6655,rue,du Ruisseau,,295,Granby,QC,Québec,J2J 2W7,CA,beatrice_poirier@yahoo.example,+1-418-555-0157,CTR-1000138836,auto,2018-12-28,2027-07-27,actif,700.98,mensuelle,prélèvement,AG-PR-001,2018-12-22,2023-09-27,,,
principal,CLI--00139003,M.,William,Michaud,1938-04-25,M,fr,9506,rue,dys Tulipes,Nord,,Québec,QC,Québec,G1R 3E6,CA,wil5203@yahoo.example,+1-418-555-0111,CTR-1000139003,habitation,2020-08-15,,actif,-2070.09,annuelle,prélèvement,AG-PR-001,2020-07-28,2026-08-04,,,
principal,CLI-00139301,M.,Jack,Morgan,1991-06-09,M,en,889,Crescent,Riverside,,331,Kelowna,BC,Colombie-Britannique,V1Y 2M5,CA,jackm@gmail.example,+1-672-555-0166,CTR-1000139301,voyage,2022-09-08,2027-06-15,actif,515.93,annuelle,carte,AG-PR-007,2022-08-21,2022-11-02,,,
principal,CLI-00139389,M.,Lucas,Carter,1942-05-11,M,en,3389,Street,Birch,,,Brampton,ON,Ontario,L6X 0L4,CA,lcarter@icloud.example,+1-705-555-0159,CTR-1000139389,auto,2023-08-07,,actif,648.98,mensuelle,prélèvement,AG-PR-006,2023-07-11,2024-08-01,2023-12-12,48146.16,en_cours
principal,CLI-00139462,M.,Léo,Gagnon,1938-01-13,M,fr,805,chemin,du Plateau,,,Val-d'Or,QC,Québec,J9P 1A5,CA,leo_gagnon@gmail.example,+1-354-555-0144,CTR-1000139462,voyage,2025-12-17,2026-12-27,actif,542.98,mensuelle,carte,AG-PR-006,2025-11-23,2026-06-27,,,
principal,CLI-00139710,M.,Serge,Parent,1984-11-28,M,fr,5972,autoroute,des Bouleaux,,131,Montréal,QC,Québec,H4A 4L8,CA,ser1043@hotmail.example,+1-418-555-0157,CTR-1000139710,habitation,2022-03-06,,suspendu,1681.45,mensuelle,carte,AG-PR-006,2022-02-13,2023-09-13,,,
principal,CLI-00140118,M.,Theodore,Scott,1974-12-24,M,en,4715,Road,Riverside,,455,Charlottetown,PE,Île-du-Prince-Édouard,C1A 7Y9,CA,theodorescott@icloud.example,+1-902-555-0168,CTR-1000140118,auto,2020-09-09,,actif,1686.23,mensuelle,prélèvement,AG-PR-001,2020-08-23,2023-09-02,2022-05-28,8640.61,en_cours
principal,CLI-00140220,Mme,Florence,Bouchard,1983-04-22,F,fr,3114,impasse,des Laurentides,,875,Gatineau,QC,Québec,J8Y 0R8,CA,florence-bouchard@icloud.example,+1-581-555-0108,CTR-1000140220,auto,2017-08-28,2023-10-09,expiré,729.75,semestrielle,carte,AG-PR-002,2017-08-23,2024-01-29,,,
principal,CLI-00140308,M.,Éric,Boucher,1942-05-27,M,fr,2892,avenue,de la Falaise,,,Ottawa,ON,Ontario,K2P 4W8,CA,eric531@gmail.example,+1-613-555-0106,CTR-1000140308,habitation,2023-02-07,2027-05-03,actif,1018.45,trimestrielle,carte,AG-PR-003,2023-01-20,2025-03-06,,,
principal,CLI-00140380,Mme,Mia,Patel,1996-06-25,F,en,675,Street,Northgate,,605,Vancouver,BC,Colombie-Britannique,V6B 1X6,CA,mia_patel@yahoo.example,+1-236-555-0143,CTR-1000140380,auto,2019-04-01,2027-07-07,actif,796.30,mensuelle,prélèvement,AG-PR-008,2019-04-01,2022-05-27,,,
principal,CLI-00140536,Mme,Julie,Girard,1957-09-30,F,fr,832,rue,des Frênes,,,Longueuil,QC,Québec,J4H 6H6,CA,girard18@hotmail.example,+1-514-555-0116,CTR-1000140536,vie,2022-07-15,2026-12-26,actif,1298.64,semestrielle,carte,AG-PR-003,2022-07-12,2024-02-21,,,
principal,CLI-00140715,M.,Benjamin,Bouchard,1986-04-29,M,en,3836,Boulevard,Spring,,224,Calgary,AB,Alberta,T2P 9S1,CA,benjaminbouchard@gmail.example,+1-780-555-0136,CTR-1000140715,vie,2022-01-07,2027-07-16,actif,2609.58,mensuelle,virement,AG-PR-004,2021-12-25,2023-11-03,,,
principal,CLI-00141047,M.,Gilles,Caron,1975-02-13,M,fr,6756,rue,des Laurentides,Nord,,Moncton,NB,Nouveau-Brunswick,E1A 6R1,CA,gillesc@icloud.example,+1-428-555-0133,CTR-1000141047,habitation,2020-06-17,2020-07-26,expiré,2596.99,mensuelle,virement,AG-PR-002,2020-05-22,2023-08-28,,,
principal,CLI-00141576,M.,Levi,Thompson,1981-04-20,M,en,4423,Drive,Sunset,,,Terrebonne,QC,Québec,J6W 7C5,CA,thompson.levi@hotmail.example,+1-579-555-0100,CTR-1000141576,habitation,2022-07-10,2027-03-05,actif,2556.06,mensuelle,prélèvement,AG-PR-001,2022-06-19,2026-07-02,,,
principal,CLI-00141745,M.,Alexandre,Gagné,1998-04-02,M,fr,8332,avenue,de la Colline,,,Gatineau,QC,Québec,J8Y 8B8,CA,ale802@gmail.example,+1-579-555-0138,CTR-1000141745,voyage,2018-06-21,2026-11-03,actif,332.77,trimestrielle,prélèvement,AG-PR-001,2018-06-11,2021-01-18,,,
principal,CLI-00141933,Mme,Nova,Lapointe,1961-01-18,F,en,1734,Boulevard,Cedar,,464,Brampton,ON,Ontario,L6X 51,CA,nova_lapointe@hotmail.example,+1-416-555-0138,CTR-1000141933,auto,2018-06-26,2020-02-12,expiré,873.67,mensuelle,prélèvement,AG-PR-008,2018-06-10,2021-01-09,,,
principal,CLI-00142030,M.,Jean-Philippe,Leblanc,1996-12-06,M,fr,8409,place,du Rocher,,,Trois-Rivières,QC,Québec,G8Z 7T1,CA,jeanphilippe076@hotmail.example,+1-418-555-0166,CTR-1000142030,auto,2016-12-07,2025-07-17,résilié,1552.03,mensuelle,virement,AG-PR-004,2016-11-20,2020-01-22,,,
principal,CLI-00142348,Mme,Lucie,Pereira,1995-04-05,F,fr,4492,rue,des Pionniers,Ouest,846,Alma,QC,Québec,G8E 2L8,CA,lucie.pereira@icloud.example,+1-514-555-0191,CTR-1000142348,habitation,2021-12-08,2027-05-02,actif,784.65,mensuelle,virement,AG-PR-001,2021-11-27,2025-02-08,2026-02-06,59578.93,fermé
principal,CLI-00142512,M.,William,Yamamoto,1949-02-17,M,fr,4909,montée,du Boisé,,,Rivière-du-Loup,QC,Québec,G5R 1H6,CA,william.yamamoto@hotmail.example,+1-819-555-0190,CTR-1000142512,voyage,2020-10-01,2026-10-30,actif,199.43,mensuelle,prélèvement,AG-PR-006,2020-09-20,2021-04-16,,,
principal,CLI-00142583,M.,Lucas,Johnson,1964-04-09,M,en,9641,Trail,Garden,,,Calgary,AB,Alberta,T2P 3Z7,CA,lucas7042@outlook.example,+1-825-555-0102,CTR-1000142583,habitation,2019-02-05,,suspendu,1538.78,mensuelle,carte,AG-PR-005,2019-01-29,2021-09-08,,,
principal,CLI-00142728,M.,Martin,Landry,1965-09-02,M,fr,5768,rue,des Bouleaux,,,Montréal,QC,Québec,H1A 4P0,CA,martinl@icloud.example,+1-873-555-0112,CTR-1000142728,voyage,2020-05-20,2027-02-14,actif,313.15,mensuelle,prélèvement,AG-PR-004,2020-04-21,2025-01-22,,,
principal,CLI-00142831,M.,Jean-Philippe,Lavoie,1979-12-15,M,fr,2765,croissant,des Bouleaux,,,Laval,QC,Québec,H7N 2L0,CA,jea604@gmail.example,+1-579-555-0141,CTR-1000142831,auto,2025-06-23,2027-01-29,actif,2277.30,trimestrielle,virement,AG-PR-001,2025-05-26,2026-06-28,,,
principal,CLI-00143527,Mme,Aria,Johnson,1975-09-15,F,en,855,Avenue,Bluebird,,730,Sydney,NS,Nouvelle-Écosse,B1S 7Y6,CA,ariaj@videotron.example,+1-902-555-0181,CTR-1000143527,auto,2017-11-19,2027-08-01,actif,441.19,mensuelle,carte,AG-PR-003,2017-10-28,2025-09-16,2020-10-26,15672.44,fermé
principal,CLI-00144205,M.,Lucas,Johnson,1968-09-26,M,en,1584,Street,Market,,,Montréal,QC,Québec,H4A 1L8,CA,lucasj@gmail.example,+1-263-555-0176,CTR-1000144205,auto,2025-06-24,2026-04-03,expiré,913.61,annuelle,chèque,AG-PR-002,2025-06-14,2025-12-25,,,
principal,CLI-00144298,M.,Félix,Beaulieu,1964-05-31,M,fr,993,boulevard,de l'Aube,Ouest,,Québec,QC,Québec,G1V 0W5,CA,beaulieu2674@yahoo.example,+1-418-555-0153,CTR-1000144298,auto,2025-03-24,2027-05-27,actif,427.34,mensuelle,carte,AG-PR-002,2025-03-17,2026-05-24,,,
principal,CLI-00144313,M.,Luc,Gagnon,1952-03-06,M,fr,4219,avenue,des Frênes,,,Lévis,QC,Québec,G6V 8T8,CA,luc.gagnon@rogers.example,+1-418-555-0180,CTR-1000144313,auto,2022-10-22,2024-12-04,expiré,1569.50,mensuelle,virement,AG-PR-008,2022-09-24,2024-12-11,2023-05-07,13731.08,fermé
principal,CLI-00144376,M.,Mathieu,Lévesque,2002-06-28,M,fr,6886,avenue,des Chênes,,,Terrebonne,QC,Québec,J6W 8Y8,CA,levesque.mathieu@hotmail.example,+1-418-555-0106,CTR-1000144376,auto,2026-03-16,2027-08-02,actif,768.95,mensuelle,carte,AG-PR-007,2026-03-05,2026-05-22,,,
principal,CLI-00144404,Mme,Émilie,Dubé,2008-07-18,F,fr,6307,rue,de l'Aube,Nord,804,Granby,QC,Québec,J2J 7T6,CA,emilie.dube@bell.example,+1-579-555-0150,CTR-1000144404,auto,2026-08-03,2026-08-24,résilié,1791.56,annuelle,prélèvement,AG-PR-008,2026-07-29,2026-08-11,,,
principal,CLI-00144468,Mme,Elizabeth,Mitchell,1945-10-04,F,en,3038,Circle,Hillcrest,,,Hamilton,ON,Ontario,L8S 1J1,CA,eli3168@proton.example,+1-905-555-0171,CTR-1000144468,auto,2025-01-15,2026-06-21,expiré,527.01,annuelle,prélèvement,AG-PR-001,2024-12-19,2025-07-07,2025-02-17,15973.52,en_cours
principal,CLI-00144628,Mme,Alice,Gagnon,1983-09-24,F,fr,7569,avenue,des Mélèzes,,76,Montréal,QC,Québec,G5C 3B9,CA,ali6934@gmail.example,+1-579-555-0181,CTR-1000144628,habitation,2019-12-06,,actif,1793.55,mensuelle,carte,AG-PR-008,2019-12-01,2021-08-05,,,
principal,CLI-00144865,Mme,Isabella,Green,1981-10-05,F,en,9232,Place,Birch,,,Longueuil,QC,Québec,J4H 2B2,CA,isabella.green@outlook.example,+1-579-555-0136,CTR-100014486,habitation,2017-01-19,2027-04-16,actif,2929.61,mensuelle,carte,AG-PR-002,2016-12-30,2022-05-05,,,
principal,CLI-00145216,Mme,Marguerite,Choi,1978-11-27,F,fr,2066,chemin,du Havre,,,Joliette,QC,Québec,J6E 7V1,CA,choi760@yahoo.example,+1-579-555-0104,CTR-1000145216,auto,2018-06-18,2018-07-04,résilié,829.64,mensuelle,carte,AG-PR-003,2018-06-14,2020-01-13,2018-06-23,14520.69,ouvert
principal,CLI-00145599,Mme,Ellie,Cook,2005-09-30,F,en,5035,Boulevard,Sunset,,842,Winnipeg,MB,Manitoba,R3T 2V8,CA,ecook@icloud.example,+1-204-555-0134,CTR-1000145599,vie,2024-12-12,,actif,2211.15,mensuelle,prélèvement,AG-PR-005,2024-11-24,2026-01-01,,,
principal,CLI-00146023,Mme,Louise,Le,1947-12-02,F,fr,696,rue,des Ormes,Est,,Gatineau,QC,Québec,J8X 5Z6,CA,lou3304@gmail.example,+1-438-555-0147,CTR-1000146023,habitation,2019-07-24,2027-08-20,actif,1448.08,mensuelle,carte,AG-PR-001,2019-07-18,2021-09-29,,,
principal,CLI-00146087,Mme,Amelia,Bergeron,1951-07-16,F,en,4240,Street,Riverside,,,Montréal,QC,Québec,H2X 0R0,CA,amelia_bergeron@hotmail.example,+1-514-555-0166,CTR-1000146087,voyage,2022-12-29,2025-08-20,résilié,97.48,trimestrielle,prélèvement,AG-PR-001,2022-12-04,2025-09-18,,,
principal,CLI-00146198,M.,Jean,Caron,1943-02-12,M,fr,9510,rue,des Cascades,Ouest,,Drummondville,QC,Québec,J2B 1L9,CA,jc454@gmail.example,+1-873-555-0145,CTR-1000146198,voyage,2025-02-12,,actif,501.47,trimestrielle,prélèvement,AG-PR-001,2025-01-29,2025-06-13,,,
principal,CLI-00146642,M.,Serge,Khan,1952-05-26,M,fr,4284,rue,du Parc,,,Saint-Jean-sur-Richelieu,QC,Québec,J3A 3B9,CA,khan.serge@icloud.example,+1-418-555-0128,CTR-1000146642,habitation,2022-05-11,2026-12-30,actif,1552.21,mensuelle,prélèvement,AG-PR-002,2022-04-23,2023-07-22,,,
principal,CLI-00146826,M.,Owen,Murphy,1948-08-29,M,en,7724,Circle,Pine,West,683,Victoria,BC,Colombie-Britannique,V8V 1G2,CA,owen.murphy@hotmail.example,+1-604-555-0118,CTR-1000146826,habitation,2020-04-01,2026-03-12,expiré,1758.05,mensuelle,prélèvement,AG-PR-004,2020-03-18,2020-07-25,,,
principal,CLI-00146852,Mme,Nathalie,Côté,1977-06-29,F,fr,7020,montée,des Mélèzes,Ouest,,Shawinigan,QC,Québec,G9P 8G7,CA,nathalie677@hotmail.example,+1-514-555-0196,CTR-1000146852,voyage,2017-06-01,2027-01-09,actif,376.77,trimestrielle,virement,AG-PR-006,2017-05-07,2018-02-14,,,
principal,CLI-00146915,M.,Theodore,Smith,2002-05-15,M,en,1637,Boulevard,Kingfisher,,,Vancouver,BC,Colombie-Britannique,V5K 2E0,CA,theodore_smith@hotmail.example,+1-604-555-0123,CTR-1000146915,auto,2020-06-23,2026-12-10,actif,1594.31,trimestrielle,virement,AG-PR-008,2020-05-25,2024-12-24,,,
principal,CLI-00146969,M.,,ôCté,1946-03-04,M,en,6432,Avenue,Highland,North,,Montréal,qc,Québec,H4A 7H6,CA,scote@videotron.example,+1-418-555-0115,CTR-1000146969,voyage,2021-11-01,2027-01-13,actif,266.66,mensuelle,virement,AG-PR-002,2021-10-02,2021-11-26,,,
principal,CLI-00147102,M.,Daniel,Choi,1956-02-14,M,en,3918,Boulevard,Lakeshore,,49,Val-d'Or,QC,Québec,J9P 1L5,CA,daniel.choi@gmail.example,+1-438-555-0120,CTR-1000147102,voyage,2024-05-19,2027-06-14,actif,533.51,trimestrielle,virement,AG-PR-003,2024-05-07,2024-11-11,,,
principal,CLI-00147228,Mme,Ava,Rossi,1998-11-19,F,en,5295,Avenue,Southridge,,,Prince George,BC,Colombie-Britannique,V2N 0V2,CA,ava5368@gmail.example,+1-604-555-0136,CTR-1000147228,auto,2017-02-14,2024-12-17,expiré,767.31,trimestrielle,chèque,AG-PR-001,2017-01-23,2020-01-21,,,
principal,CLI-00147234,M.,Elijah,Dubé,1969-02-19,M,en,5774,Street,Cedar,West,,Trois-Rivières,QC,Québec,G9A 8H6,CA,edube@gmail.example,+1-450-555-0112,CTR-1000147234,habitation,2022-01-25,,actif,1938.77,semestrielle,prélèvement,AG-PR-002,2022-01-21,2025-05-31,2022-07-24,77016.37,fermé
principal,CLI-00147247,Mme,Olivia,Clark,1970-09-01,F,en,6631,Street,Meadow,,426,Kelowna,BC,Colombie-Britannique,V1Y 9X9,CA,olivia9186@hotmail.example,+1-604-555-0161,CTR-1000147247,vie,2017-08-17,2026-12-29,actif,560.35,trimestrielle,prélèvement,AG-PR-004,2017-07-25,2025-11-06,,,
principal,CLI-00147410,M.,Robert,Tremblay,1958-11-19,M,fr,4426,place,des Vents,,,Rimouski,QC,Québec,G5N 9L7,CA,robert6997@gmail.example,+1-819-555-0187,CTR-1000147410,habitation,2019-08-25,2026-12-16,actif,2937.56,mensuelle,prélèvement,AG-PR-003,2019-08-10,2022-11-27,,,
principal,CLI-00000094,Mme,Stéphanie,Bergeron,1980-11-14,F,fr,9675,rue,des Tulipes,,770,Repentigny,QC,Québec,J6A 0B8,CA,sb3846@gmail.example,+1-873-555-0137,CTR-1000147533,auto,2017-07-04,2027-04-14,actif,431.44,mensuelle,virement,AG-PR-002,2017-06-18,2025-10-22,,,
principal,CLI-00147581,Mme,Valérie,Hall,1984-04-06,F,fr,3881,avenue,du Lac,,,Saguenay,QC,Québec,G7J 8K5,CA,valerie_hall@gmail.example,+1-418-555-0140,CTR-1000147581,auto,2021-07-23,2027-02-28,actif,1745.14,annuelle,carte,AG-PR-001,2021-07-04,2025-05-20,,,
principal,CLI-00147582,M.,James,Walker,1953-09-12,M,en,7297,Parkway,Redwood,,,Dollard-des-Ormeaux,QC,Québec,H9G 2X1,CA,jw77@gmail.example,+1-873-555-0113,CTR-1000147582,voyage,2021-08-11,2026-12-10,actif,493.65,mensuelle,carte,AG-PR-006,2021-07-20,2023-07-05,,,
principal,CLI-00147852,Mme,Charlotte,Gauthier,1985-05-17,F,fr,3585,chemin,du Parc,,,Laval,QC,Québec,H7N 0S5,CA,gauthier2678@gmail.example,+1-581-555-0138,CTR-1000147852,vie,2021-10-29,,actif,4010.10,mensuelle,prélèvement,AG-PR-001,2021-10-21,2023-09-19,,,
principal,CLI-00147877,M.,Denis,Ouellet,1966-01-12,M,fr,8667,place,des Mélèzes,,784,Montréal,QC,Québec,H2X 0N7,CA,denis.ouellet@proton.example,+1-354-555-0116,CTR-1000147877,auto,2019-10-07,2026-02-06,expiré,351.34,annuelle,prélèvement,AG-PR-001,2019-09-24,2021-09-29,,,
principal,CLI-00147964,Mme,Nora,Thompson,1976-09-05,F,en,906,Street,La keview,,,Lethbridge,AB,Alberta,X0A 9A0,CA,nora.thompson@hotmail.example,+1-587-555-0178,CTR-1000147964,auto,2025-12-13,2027-04-01,actif,-752.21,mensuelle,carte,AG-PR-007,2025-11-28,2026-04-28,,,
principal,CLI-00148242,Mme,Sarah-Maude,Roy,2005-03-14,F,fr,8097,place,des Hirondelles,,,Lévis,QC,Québec,G6W 9X9,CA,sarahmauder@bell.example,+1-514-555-0168,CTR-1000148242,habitation,2024-10-23,2026-04-13,résilié,2641.55,mensuelle,prélèvement,AG-PR-002,2024-10-23,2026-08-18,,,
principal,CLI-00148377,Mme,Josée,Côté,1971-07-20,F,fr,1769,avenue,des Sapins,,95,Drummondville,QC,Québec,J2C 6K4,CA,jos7682@outlook.example,+1-819-555-0187,CTR-1000148377,habitation,2026-07-17,2026-08-18,expiré,2320.52,annuelle,carte,AG-PR-008,2026-06-29,2026-08-23,2026-08-18,97105.04,en_cours
principal,CLI-00148579,M.,Sebastian,Patel,1940-02-17,M,en,6004,Street,Mouuntainview,,,Shawinigan,QC,Québec,G9P 7Z1,CA,seb125@outlook.example,+1-438-555-0164,CTR-1000148579,habitation,2023-08-20,2027-05-23,actif,950.82,mensuelle,virement,AG-PR-006,2023-07-24,2025-01-20,,,
principal,CLI-00149027,M.,Alain,Lapointe,1938-01-02,M,fr,8147,boulevard,de la Colline,Nord,,Montréal,QC,Québec,H3G 8S3,CA,al38@yahoo.example,+1-418-555-0115,CTR-1000149027,auto,2017-04-17,2026-12-16,actif,1822.02,semestrielle,prélèvement,AG-PR-006,2017-03-28,2025-04-11,,,
principal,CLI-00149079,Mme,Jade,Gagnon,1971-02-05,F,fr,8333,route,de la Colline,,,Gatineau,QC,Québec,J9A 7T1,CA,jade747@hotmail.example,+1-819-555-0143,CTR-1000149079,habitation,2016-11-25,2023-05-06,résilié,671.11,semestrielle,prélèvement,AG-PR-001,2016-11-18,2025-12-17,,,
principal,CLI-00149481,Mme,Grace,Ali,1992-09-20,F,en,4436,Drive,Hillcrest,,,Winnipeg,MB,Manitoba,R3C 5V5,CA,graceali@icloud.example,+1-204-555-0157,CTR-1000149481,auto,2026-04-19,2027-06-13,actif,1935.44,mensuelle,prélèvement,AG-PR-006,2026-04-17,2026-08-14,2026-05-15,12707.72,fermé
principal,CLI-00149757,M.,Éric,Girard,1996-10-30,M,fr,5024,impasse,du Ruisseau,,,Sainte-Julie,QC,Québec,J3E 0B0,CA,eri02@hotmail.example,+1  873-555-0182,CTR-1000149757,voyage,2017-05-01,,actif,217.13,mensuelle,prélèvement,AG-PR-001,2017-04-08,2019-12-06,,,
principal,CLI-00000012,M.,Nathan,Cormier,1937-10-24,M,fr,8988,terrasse,du aLc,,,Saint-Jean-sur-Richelieu,QC,Québec,J3A 5M1,CA,nathan.cormier@yahoo.example,+1-418-555-0102,CTR-1000150440,auto,2025-12-08,2027-06-11,actif,2120.03,mensuelle,prélèvement,AG-PR-006,2025-12-06,2026-05-23,,,
principal,CLI-00150530,Mme,Caroline,Leblanc,1948-09-24,F,fr,9312,rang,des Trilliums,,,Laval,QC,Québec,H7W 0S5,CA,leblanc15@hotmail.example,+1-418-555-0116,,voyage,2026-03-30,2027-02-01,actif,324.75,mensuelle,chèque,AG-PR-001,2026/03/11,2026-06-21,,,
principal,CLI-00150688,M.,Gilles,Leclerc,1964-02-08,M,fr,7204,boulevard,des Lilas,Ouest,664,Sorel-Tracy,QC,Québec,J3P 8M6,CA,leclerc2513@gmail.example,+1-418-555-0194,CTR-1000150688,auto,2025-08-24,2027-01-25,actif,858.20,annuelle,prélèvement,AG-PR-004,2025-08-21,2026-01-09,,,
principal,CLI-00150761,M.,Julie,Cox,1953-12-28,M,en,8002,Boulevard,Kingfisher,,,Brampton,ON,Ontario,P3A 2A1,CA,cox123@hotmail.example,+1  416-555-0113,CTR-1000150761,habitation,2019-01-16,2023-09-22,résilié,2346.52,mensuelle,prélèvement,AG-PR-005,2019-01-04,2020-07-04,,,
principal,CLI-00150821,M.,André,Leblanc,1981-05-10,M,fr,380,avenue,du Ruisseau,Ouest,9,Sherbrooke,QC,Québec,J1H 0N2,CA,and11@hotmail.example,+1-263-555-0131,CTR-1000150821,auto,2018-02-15,2027-07-24,actif,957.48,annuelle,prélèvement,AG-PR-003,2018-01-26,2018-09-07,2021-08-04,5716.07,ouvert
principal,CLI-00151569,M.,Jackson,Zhao,1969-04-08,M,en,9527,Road,Hillcrest,,,Brossard,QC,Québec,J4Y 6A3,CA,jackson-zhao@gmail.example,+1-438-555-0166,CTR-1000151569,auto,2020-05-24,2023-09-05,expiré,1393.62,annuelle,carte,AG-PR-007,2020-05-16,2024-10-23,,,
principal,CLI-00152049,M.,Ethan,Taylor,1954-02-28,M,en,3495,Circle,Mountainview,,,Hamilton,ON,Ontario,L8P 5H0,CA,ethan9290@hotmail.example,+1-416-555-0192,CTR-1000152049,habitation,2018-08-16,2024-07-14,résilié,906.24,trimestrielle,prélèvement,AG-PR-006,2018-08-10,2022-07-31,,,
principal,CLI-00152077,M.,William,Thibault,1945-03-18,M,fr,8069,rue,de la Colline,,,Saint-Jean-sur-Richelieu,QC,Québec,J3B 9T5,CA,william.thibault@rogers.example,+1-579-555-0135,CTR-1000152077,auto,2017-09-22,2026-12-23,actif,1424.88,mensuelle,virement,AG-PR-002,2017-08-30,2022-02-13,,,
principal,CLI-00152631,Mme,Isabelle,St-Pierre,1952-06-06,F,fr,125,chemin,de l'École,,,Montréal,QC,Québec,H4A 7G3,CA,isa9593@gmail.example,+1-418-555-0170,CTR-1000152631,voyage,2023-02-04,2027-07-01,actif,432.75,mensuelle,prélèvement,AG-PR-001,2023-01-13,2025-03-23,,,
principal,CLI-00152645,Mme,Zoe,Smith,1988-07-16,F,en,287,Drive,Maple,,,Victoria,BC,Colombie-Britannique,V8W 4W8,CA,zoe50@hotmail.example,+1-236-555-0118,CTR-1000152645,voyage,2021-12-30,2027-04-15,actif,460.78,mensuelle,prélèvement,AG-PR-004,2021-12-03,2023-05-28,,,
principal,CLI-00152698,M.,Michael,Johnson,1969-03-11,M,en,7094,Street,Parkside,South,,Victoriaville,QC,Québec,G6P 3A9,CA,michaelj@gmail.example,+1-354-555-0189,CTR-1000152698,habitation,2018-07-17,,actif,1052.02,mensuelle,virement,AG-PR-005,2018-07-05,2026-06-26,,,
principal,CLI-00152784,Mme,Laurence,Roy,2006-10-28,F,fr,2150,croissant,de la Clairière,,437,Lévis,QC,Québec,G6V 6K6,CA,laurenceroy@bell.example,+1-263-555-0180,CTR-1000152784,voyage,2026-07-20,2026-11-01,actif,334.50,mensuelle,prélèvement,AG-PR-002,2026-07-11,2026-07-31,,,
principal,CLI-00152888,M.,Thomas,Paquette,1963-07-19,M,fr,3213,terrasse,des Tulipes,,634,Lévis,QC,Québec,G6V 0Y4,CA,thomaspaquette@bell.example,+1-819-555-0175,CTR-1000152888,habitation,2020-06-13,2026-01-16,expiré,1304.51,annuelle,prélèvement,AG-PR-005,2020-05-15,2023-10-22,,,
principal,CLI-00153115,M.,Daniel,Campbell,1964-11-27,M,en,813,Terrace,Westwood,,,Whitehorse,YT,Yukon,Y1A 4G0,CA,daniel56@videotron.example,+1-867-555-0129,CTR-1000153115,habitation,2017-02-28,,actif,2548.13,mensuelle,prélèvement,AG-PR-001,2017-02-10,2022-05-28,,,
principal,CLI-00153578,Mme,Amelia,Evans,1954-04-18,F,en,2630,Boulevard,Market,,40,Calgary,AB,Alberta,T2P 5H2,CA,amelia.evans@outlook.example,+1-403-555-0144,CTR-1000153578,habitation,2016-11-19,2027-06-02,suspendu,2476.42,mensuelle,prélèvement,AG-PR-001,2016-11-06,2018-08-31,,,
principal,CLI-00153624,M.,Levi,Wu,1980-03-15,M,en,2025,Circle,Valleyview,,,Fredericton,NB,Nouveau-Brunswick,E3B 2C1,CA,leviwu@hotmail.example,+1-506-555-0114,CTR-1000153624,auto,2025-09-03,2027-01-24,actif,1994.92,annuelle,prélèvement,AG-PR-004,2025-08-25,2026-02-16,,,
principal,CLI-00153630,M.,Stéphane,Bailey,1964-11-17,M,fr,1165,route,de la Falaise,,,Terrebonne,QC,Québec,J6W 5X4,CA,stephane.bailey@outlook.example,+1-450-555-0172,CTR-1000153630,voyage,2025-05-15,2027-03-09,actif,393.89,mensuelle,prélèvement,AG-PR-003,2025-05-15,2026-08-29,,,
principal,CLI-00153642,Mme,Luna,Hall,1999-12-09,F,en,7599,Avenue,Riverside,East,171,London,ON,Ontario,N6G 3A7,CA,lh1250@gmail.example,+1-416-555-0125,CTR-1000153642,vie,2019-09-17,2027-03-01,actif,1950.75,mensuelle,prélèvement,AG-PR-003,2019-08-19,2023-04-01,,,
principal,CLI-00154009,M.,Denis,Proulx,1939-03-16,M,fr,8541,terrasse,des Cascades,Est,,Lévis,QC,Québec,G6V 0Z2,CA,denisproulx@icloud.example,+1-873-555-0106,CTR-1000154009,auto,2018-03-08,2026-11-16,actif,700.05,mensuelle,virement,AG-PR-007,2018-02-22,2023-10-04,,,
principal,CLI-00154436,Mme,Julie,Beaulieu,1981-04-22,F,fr,1952,rang,des Sommets,,452,Trois-Rivières,QC,Québec,G9A 6Z0,CA,julie754@icloud.example,+1-873-555-0189,CTR-1000154436,auto,2016-10-19,2027-05-25,actif,1150.89,mensuelle,prélèvement,AG-PR-001,2016-10-06,2020-06-25,,,
principal,CLI-00154586,Mme,Stéphanie,Ouellet,1987-02-20,F,fr,8537,avenue,des Mélèzes,,,Gatineau,QC,Québec,J8X 4X2,CA,ouellet7869@gmail.example,+1-819-555-0185,CTR-1000154586,habitation,2020-01-22,2023-10-30,résilié,2265.71,mensuelle,prélèvement,AG-PR-004,2020-01-07,2023-06-02,,,
principal,CLI-00154838,Mme,Nova,Brown,1981-06-05,F,en,940,Avenue,Sunset,,348,Winnipeg,MB,Manitoba,R3T 7P8,CA,nova_brown@icloud.example,+1-431-555-0157,CTR-1000154838,habitation,2018-10-28,2027-01-23,actif,1161.48,mensuelle,virement,AG-PR-001,2018-10-15,2019-04-10,,,
principal,CLI-00155122,M.,Daniel,Hal,1967-12-15,M,en,3325,Court,Fornst,,,Gatineau,QC,Québec,J8Y 6M0,CA,daniel_hall@icloud.example,+1-819-555-0102,CTR-1000155122,voyage,2023-04-13,2027-04-20,actif_X,144.84,mensuelle,carte,AG-PR-004,2023-04-10,2023-09-21,,,
principal,CLI-00155305,Mme,Elizabeth,Li,1983-06-25,F,en,9973,Parkway,Parkside,,,Regina,SK,Saskatchewan,S4S 9V2,CA,elizabeth-li@proton.example,+1-474-555-0111,CTR-1000155305,auto,2024-02-18,2027-05-31,actif,1204.89,mensuelle,prélèvement,AG-PR-006,2024-02-11,2025-09-28,,,
principal,CLI-00155383,Mme,Emma,Brown,1993-02-28,F,en,2670,Street,Sunset,,757,Brossard,QC,Québec,J4W 9Z0,CA,emmabrown@outlook.example,+1-579-555-0104,CTR-1000155383,habitation,2024-02-28,2027-05-03,actif,1610.60,mensuelle,carte,AG-PR-002,2024-02-15,2025-11-02,,,
principal,CLI-00155397,M.,Marc,Chen,1982-06-07,M,fr,5457,route,des Bouleaux,Est,897,Sherbrooke,QC,Québec,J1H 5Z6,CA,marc.chen@yahoo.example,+1-514-555-0133,CTR-1000155397,habitation,2018-12-18,2026-12-29,actif,1986.10,annuelle,carte,AG-PR-007,2018-12-02,2022-05-08,,,
principal,CLI-00155401,Mme,Julie,Gagné,1963-04-18,F,fr,3175,boulevard,des Laurentides,,,Laval,QC,Québec,H7N 2X4,CA,jul33@hotmail.example,+1-418-555-0112,CTR-1000155401,auto,2017-06-24,2024-02-20,expiré,2008.83,mensuelle,prélèvement,AG-PR-001,2017-06-20,2024-04-09,,,
principal,CLI-00156217,M.,Samuel,Nguyen,1989-10-14,M,fr,2113,chemin,des Pins,Ouest,,Saguenay,QC,Québec,G7H 4A4,CA,samuelnguyen@yahoo.example,+1-450-555-0122,CTR-1000156217,auto,2017-10-02,2027-05-07,actif,990.55,mensuelle,prélèvement,AG-PR-002,2017-09-30,2017-12-17,,,
principal,CLI-00156676,M.,Maxime,Martel,1997-12-10,M,fr,9069,chemin,du Marais,,,Longueuil,QC,Québec,J4K 9R8,CA,maxime_martel@outlook.example,+1-450-555-0108,CTR-1000156676,habitation,2025-11-30,2026-10-28,actif,711.08,mensuelle,carte,AG-PR-001,2025-11-12,2026-09-07,,,
principal,CLI-00156817,Mme,Nathalie,Gagnon,1964-04-03,F,fr,155,chemin,du Belvédère,,,Brossard,QC,Québec,J4W 6B8,CA,nathalie1018@gmail.example,+1-514-555-0162,CTR-1000156817,vie,2020-08-30,2026-12-22,actif,1563.61,mensuelle,prélèvement,AG-PR-003,2020-08-18,2023-12-14,,,
principal,CLI-00157012,Mme,Isabelle,Lapointe,1993-03-27,F,fr,2559,chemin,du Havre,,860,Laval,QC,Québec,H7N 6X0,CA,isabelle-lapointe@hotmail.example,+1-514-555-0183,CTR-1000157012,voyage,2026-07-14,2026-11-08,actif,529.58,mensuelle,carte,AG-PR-001,2026-06-17,2026-08-21,,,
principal,CLI-00157343,Mme,Isabelle,Ouellet,1942-02-06,F,fr,2844,impasse,des Geais-Bleus,,,Montréal,QC,Québec,H4A 9J2,CA,isabelle.ouellet@bell.example,+1-819-555-0175,CTR-1000157343,voyage,2022-09-20,2024-11-05,expiré,65.91,mensuelle,chèque,AG-PR-007,2022-09-13,2024-06-20,,,
principal,CLI-00157388,M.,Robert,Cloutier,1967-04-24,M,fr,2154,boulevard,de l'Aube,,,Sherbrooke,QC,Québec,J1H 2J1,CA,rc715@gmail.example,+1-819-555-0165,CTR-1000157388,habitation,2021-12-24,,actif,2533.03,annuelle,prélèvement,AG-PR-002,2021-12-23,2024-08-01,,,
principal,CLI-00157997,Mme,Nicole,Morin,1957-09-28,F,fr,7251,boulevard,du Versant,Ouest,416,Longueuil,QC,Québec,J4K 4H3,CA,nicole_morin@bell.example,+1-581-555-0162,CTR-1000157997,voyage,2026-02-16,2027-09-09,actif,171.26,mensuelle,prélèvement,AG-PR-004,2026-01-28,2026-08-14,,,
principal,CLI-00158016,Mme,Veronique,Girard,1998-09-15,F,fr,2572,rue,du Belvédère,,,Saguenay,QC,Québec,G7H 7H8,CA,vgirard@yahoo.example,+1-418-555-0135,CTR-1000158016,,2020-09-25,2027-02-18,suspendu,1019.89,annuelle,carte,AG-PR-006,2020-09-07,2026-02-04,,,
principal,CLI-00158098,Mme,Alice,Thibault,1999-03-19,F,fr,5937,boulevard,du Lac,,,Alma,QC,Québec,G8C 9H6,CA,thibault.alice@gmail.example,+1-367-555-0167,CTR-1000158098,auto,2017-10-23,2027-07-23,actif,1532.96,mensuelle,prélèvement,AG-PR-003,2017-09-30,2018-03-26,,,
principal,CLI-00158140,Mme,Emily,Taylor,1971-12-25,F,en,7499,Avenue,Bluebird,,,Saint John,NB,Nouveau-Brunswick,E2L 3T6,CA,emily367@outlook.example,+1-428-555-0174,CTR-1000158140,vie,2023-05-27,,actif,218.35,mensuelle,prélèvement,AG-PR-004,2023-05-14,2025-01-31,,,
principal,CLI-00158207,M.,Daniel,Bergeron,1996-05-19,M,fr,4262,rang,du Rocher,,,Gatineau,QC,Québec,J8X 8W7,CA,bergeron065@gmail.example,+1-450-555-0124,CTR-1000158207,auto,2020-01-13,2026-12-30,suspendu,310.36,mensuelle,carte,AG-PR-001,2020-01-10,2022-05-15,,,
principal,CLI-00158251,M.,Luca,Smith,1979-06-13,M,en,6917,Street,Pine,South,629,Toronto,ON,Ontario,M5V 8K9,CA,luca-smith@yahoo.example,+1-249-555-0140,CTR-1000158251,voyage,2020-12-11,2027-06-28,actif,302.50,mensuelle,carte,AG-PR-003,2020-11-13,2024-02-12,,,
principal,CLI-00158290,M.,Patrick,Lavoie,1991-12-12,M,fr,1130,rue,des Laurentides,Nord,,Terrebonne,QC,Québec,J6W 7A3,CA,patricklavoie@videotron.example,+1-450-555-0150,CTR-1000158290,vie,2020-10-06,2027-06-26,actif,3349.45,mensuelle,prélèvement,AG-PR-001,2020-09-25,2025-03-11,2022-11-02,100676.43,rejeté
principal,CLI-00158305,Mme,Louise,Ouellet,1968-01-17,F,fr,3603,boulevard,du Marais,,736,Saint-Hyacinthe,QC,Québec,J2T 6G3,CA,ouellet.louise@hotmail.example,+1-450-555-0115,CTR-1000158305,auto,2018-08-04,2027-09-08,actif,761.58,mensuelle,prélèvement,AG-PR-004,2018-08-04,2023-04-04,,,
principal,CLI-00158496,Mme,Diane,Tremblay,1985-06-26,F,fr,5310,avenue,du Petit-Bois,,,Drummondville,QC,Québec,J2C 8W4,CA,diane6184@gmail.example,+1-263-555-0164,CTR-1000158496,habitation,2021-01-24,2021-04-30,expiré,1683.13,mensuelle,prélèvement,AG-PR-001,2021-01-14,2026-09-07,,,
principal,CLI-00158579,Mme,Nicole,Gagnon,1938-04-04,F,fr,1099,boulevard,des Tulipes,,921,Montréal,QC,Québec,H2X 4B8,CA,gagnon.nicole@hotmail.example,+1-438-555-0169,CTR-1000158579,habitation,2026-05-02,2027-08-14,actif,1180.24,mensuelle,prélèvement,AG-PR-002,2026-04-09,2026-08-08,,,
principal,CLI-00158609,Mme,Nova,Lopez,1996-04-22,F,en,3637,Boulevard,Sunset,,418,Québec,QC,Québec,G1R 4H3,CA,novalopez@gmail.example,+1-468-555-0124,CTR-1000158609,auto,2025-12-29,,actif,247.15,annuelle,prélèvement,AG-PR-003,2025-12-22,2026-03-02,,,
principal,CLI-00158833,Mme,Amelia,Roberts,1973-05-07,F,en,8426,Way,Railway,,,Victoria,BC,Colombie-Britannique,V8V 3M7,CA,amelia638@gmail.example,+1-236-555-0175,CTR-1000158833,habitation,2021-07-22,2026-11-16,suspendu,1288.25,mensuelle,virement,AG-PR-007,2021-07-16,2023-01-01,,,
principal,CLI-00158909,Mme,Camila,Carter,1994-08-21,F,en,9163,Street,Riverside,,,Moncton,NB,Nouveau-Brunswick,E1A 5A2,CA,ccarter@gmail.example,+1-506-555-0127,CTR-1000158909,auto,2024-06-17,2026-01-30,expiré,1777.14,mensuelle,virement,AG-PR-001,2024-06-09,2025-04-26,2024-07-10,9497.88,en_cours
principal,CLI-00159058,M.,Antoine,Desjardins,1973-12-17,M,fr,1263,rue,des Pionniers,Ouest,,Montréal,QC,Québec,H2X 0V7,CA,antoine.desjardins@hotmail.example,+1-438-555-0153,CTR-1000159058,vie,2026-05-20,2027-01-26,actif,1196.86,mensuelle,prélèvement,AG-PR-005,2026-04-23,2026-08-17,,,
principal,CLI-00159244,M.,Marc,Boucher,2006-07-16,M,fr,6866,chemin,des Cèdres,Nord,,Longueuil,QC,Québec,J4H 5Z6,CA,marcboucher@yahoo.example,+1-468-555-0111,CTR-1000159244,habitation,2025-10-02,2026-01-05,résilié,1624.26,mensuelle,carte,AG-PR-005,2025-09-22,2025-12-06,,,
principal,CLI-00159287,Mme,Mia,Kim,1981-01-02,F,en,9014,Road,Bluebird,South,,Toronto,ON,Ontario,M6G 1T5,CA,mia.kim@gmail.example,+1-613-555-0127,CTR-1000159287,vie,2019-07-15,,actif,1419.17,mensuelle,prélèvement,AG-PR-002,2019-07-08,2025-12-26,,,
principal,CLI-00159288,M.,Patrick,Lee,1977-08-14,M,fr,4026,boulevard,des Geais-Bleus,,,Montréal,QC,Québec,H4A 5K8,CA,pat57@hotmail.example,+1-418-555-0117,CTR-1000159288,auto,2025-05-03,2026-11-15,actif,1329.05,annuelle,virement,AG-PR-004,2025-04-06,2025-05-19,,,
principal,CLI-00159408,M.,Asher,Mitchell,1951-03-07,M,en,4073,Avenue,Brookside,,874,Laval,QC,Québec,H7W 2R8,CA,asher21@outlook.example,+1-354-555-0104,CTR-1000159408,habitation,2023-05-04,2026-11-26,actif,786.05,semestrielle,virement,AG-PR-006,2023-04-09,2025-06-27,,,
principal,CLI-00159447,M.,Louis,Marquis,2002-04-01,M,fr,594,boulevard,des Hirondelles,Sud,850,Montréal,QC,Québec,H2X 1J8,CA,lm0386@outlook.example,+1-873-555-0198,CTR-1000159447,vie,2024-06-21,2027-06-25,actif,435.84,annuelle,carte,AG-PR-005,2024-05-22,2025-03-23,,,
principal,CLI-00159589,Mme,Madison,Wright,1975-10-09,F,en,3505,Street,Harbour,,,Sorel-Tracy,QC,Québec,3R 3R3,CA,madison.wright@gmail.example,+1-418-555-0154,CTR-1000159589,vie,2024-12-13,,actif,-1226.13,semestrielle,prélèvement,AG-PR-004,2024-11-23,2026-06-02,,,
principal,CLI-00159916,Mme,Eleanor,Smith,1946-12-17,F,en,9792,Crescent,Parkside,South,,Victoria,BC,Colombie-Britannique,V8W 0R8,CA,eleanor119@hotmail.example,+1-236-555-0107,CTR-1000159916,auto,2020-07-22,2027-04-29,suspendu,734.21,trimestrielle,prélèvement,AG-PR-002,2020-06-23,2023-09-02,2022-06-08,38905.27,fermé
principal,CLI-00159933,Mme,Stéphanie,Fortin,1960-12-12,F,fr,2303,allée,du Boisé,,,La  Tuque,QC,Québec,G9X 1M6,CA,stephanie6520@gmail.example,+1-450-555-0149,CTR-1000159933,vie,2025-03-23,2027-01-10,actif,934.05,trimestrielle,carte,AG-PR-003,2025-03-23,2025-06-15,,,
principal,CLI-00160701,M.,Patrick,Fortin,1947-06-14,M,fr,7436,rue,des Cèdres,,,Mirabel,QC,Québec,J7N 1L5,CA,fortin7708@icloud.example,+1-873-555-0102,CTR-1000160701,voyage,2022-02-28,2024-04-21,résilié,335.31,annuelle,chèque,AG-PR-001,2022-01-31,2025-02-12,,,
principal,CLI-00160891,M.,Marc,Beaulieu,1953-07-09,M,fr,4936,rue,de l'École,,,Laval,QC,Québec,H7W 0X9,CA,beaulieu62@hotmail.example,+1-873-555-0110,CTR-1000160891,vie,2022-03-11,,actif,2967.39,annuelle,prélèvement,AG-PR-003,2022-03-10,2023-04-29,,,
principal,CLI-00161081,M.,Louis,Garcia,1947-04-21,M,fr,1960,rue,des Saules,,,Repentigny,QC,Québec,J5Y 3S9,CA,louis552@videotron.example,+1-418-555-0189,CTR-1000161081,voyage,2018-09-18,2022-08-20,expiré,306.73,mensuelle,chèque,AG-PR-005,2018-08-29,2024-07-03,,,
principal,CLI-00161281,Mme,Maude,Scott,1990-04-27,F,fr,7201,place,du Parc,,,Québec,QC,Québec,G1V 5Y9,CA,maude-scott@gmail.example,+1-438-555-0132,CTR-1000161281,auto,2017-04-10,2026-11-16,actif,841.01,mensuelle,prélèvement,AG-PR-003,2017-04-04,2025-01-14,,,
principal,CLI-00161552,M.,Marc,Tran,1962-12-08,M,fr,8301,rang,des Cèdres,,,Québec,QC,Québec,G1R 6C1,CA,marctran@yahoo.example,+1-450-555-0121,CTR-1000161552,auto,2025-04-23,2025-06-01,résilié,2115.63,mensuelle,prélèvement,AG-PR-002,2025-04-11,2026-08-19,,,
principal,CLI-00001000,M.,Thomas,Gagné,1998-01-01,M,fr,7679,rue,des Cèdres,,232,Joliette,QC,Québec,J6E 1N9,CA,thomas98@icloud.example,+1-819-555-0185,CTR-1000161698,voyage,2024-03-23,2027-07-27,suspendu,155.64,mensuelle,prélèvement,AG-PR-005,2024-03-21,2025-04-11,,,
principal,CLI-00161969,M.,Antoine,Wilson,2008-05-10,M,fr,8222,rue,des Peupliers,,890,Laval,QC,Québec,H7W 6T6,CA,antoine.lavoie@proton.example,+1-514-555-0105,CTR-1000161969,auto,2026-05-26,2026-11-12,actif,551.44,mensuelle,carte,AG-PR-001,2026-05-19,2026-07-11,,,
principal,CLI-00162216,M.,Isabelle,aPquette,1987-06-30,M,fr,2061,rang,des Vents,,,Sept-Îles,QC,Québec,G4R 5H5,CA,isa8933@yahoo.example,+1-263-555-0101,CTR-1000162216,habitation,2016-09-22,2027-02-28,actif,1028.95,mensuelle,carte,AG-PR-004,2016-09-11,2021-04-27,,,
principal,CLI-00162225,Mme,Florence,St-Pierre,1954-06-18,F,fr,8220,chemin,de la Côte-Verte,,,Rimouski,QC,Québec,G5L 0R6,CA,florence.stpierre@hotmail.example,+1-468-555-0112,CTR-1000162225,auto,2017-08-11,2027-06-30,actif,553.91,annuelle,prélèvement,AG-PR-001,2017-08-07,2022-04-23,,,
principal,CLI-00162280,Mme,Ava,O'Brien,2001-10-23,F,en,5564,Crescent,Willow,,,Edmonton,AB,Alberta,T6G 0H0,CA,ao1504@yahoo.example,+1-780-555-0199,CTR-1000162280,auto,2023-12-28,2027-07-03,actif,1624.10,annuelle,prélèvement,AG-PR-002,2023-12-03,2025-06-30,,,
principal,CLI-00162384,Mme,Mélanie,Poirier,1951-07-03,F,fr,2700,avenue,des Geais-Bleus,Sud,,Val-d'Or,QC,Québec,J9P 3H0,CA,poirier23@gmail.example,+1-450-555-0142,CTR-1000162384,habitation,2022-06-11,,actif,1306.46,annuelle,prélèvement,AG-PR-001,2022-05-27,2026-02-17,,,
principal,CLI-0016243,M.,Émile,Dubé,1945-09-23,M,fr,9315,autoroute,de la Falaise,,,Québec,QC,Québec,G2B 9E0,CA,dube900@gmail.example,+1-367-555-0174,CTR-1000162439,habitation,2021-01-09,2025-11-22,expiré,716.20,mensuelle,chèque,AG-PR-006,2020-12-26,2025-09-17,,,
principal,CLI-00162450,Mme,Florence,Bergeron,2007-11-26,F,fr,3384,avenue,de la Clairière,,,Brandon,MB,Manitoba,R7A 4G1,CA,fb58@outlook.example,+1-204-555-0126,CTR-1000162450,voyage,2025-12-27,2026-11-15,actif,87.87,semestrielle,carte,AG-PR-002,2025-12-13,2026-04-26,,,
principal,CLI-00162687,M.,Serge,Ahmed,1987-06-22,M,fr,821,route,des Cascades,,679,Montréal,QC,Québec,H1A 6A6,CA,serge_ahmed@yahoo.example,+1-367-555-0100,CTR-1000162687,habitation,2021-09-18,,actif,937.73,mensuelle,prélèvement,AG-PR-008,2021-08-26,2025-03-24,,,
principal,CLI-00162926,M.,Mateo,Walker,1955-02-24,M,en,9352,Street,Market,,,Red Deer,AB,Alberta,T4N 6R1,CA,mw7630@hotmail.example,+1-780-555-0111,CTR-1000162926,voyage,2025-10-09,2027-07-04,actif,382.20,mensuelle,chèque,AG-PR-002,2025-09-13,2025-10-29,,,
principal,CLI-00163146,M.,Nathan,Poirier,1984-01-19,M,fr,759,rue,des Érables,,,Repentigny,QC,Quebec,J6A 5H4,CA,nathanp@bell.example,+1-819-555-0118,CTR-1000163146,auto,2018-03-20,,actif,1291.72,mensuelle,prélèvement,AG-PR-005,2018-03-19,2024-09-07,,,
principal,CLI-00164211,M.,Mateo,Brown,1978-05-14,M,en,4745,Road,Maple,East,597,Dollard-des-Ormeaux,QC,Québec,H9G 4K6,CA,mateo_brown@icloud.example,+1-418-555-0177,CTR-1000164211,vie,2017-07-06,2026-12-29,actif,3076.56,mensuelle,carte,AG-PR-005,2017-06-29,2020-06-28,,,
principal,CLI-00164481,Mme,Amélie,Caron,1956-12-21,F,fr,5039,rue,du Ruisseau,Sud,377,Saint-Hyacinthe,QC,Québec,J2T  2H0,CA,ame209@icloud.example,+1  873-555-0121,CTR-1000164481,auto,2023-01-03,2027-04-20,actif,1627.80,mensuelle,prélèvement,AG-PR-003,2022-12-20,2025-10-03,,,
principal,CLI-00164689,Mme,Chantal,Boucher,1956-08-18,F,fr,2322,impasse,des Érables,,,Québec,QC,Québec,G1R 1L5,CA,cb100@gmail.example,+1-581-555-0199,CTR-1000164689,habitation,2023-08-10,2026-12-18,actif,1758.91,annuelle,prélèvement,AG-PR-001,2023-07-27,2025-02-18,2024-08-07,37049.14,fermé
principal,CLI-00164828,Mme,Amelia,Moyris,1982-11-10,F,en,5681,Street,Birch,,122,Saint-Hyacinthe,QC,Québec,J2S 7P1,CA,ameliamorris@gmail.example,+1-450-555-0102,CTR-1000164828,habitation,2026-13-40,2026-07-28,expiré,2197.64,annuelle,carte,AG-PR-007,2024-12-03,2026-09-11,,,
principal,CLI-00165199,M.,Lucas,Taylor,1968-06-18,M,en,149,Crescent,Eastwood,,,Repentigny,QC,Québec,J5Y 0H9,CA,lt1224@gmail.example,+1-418-555-0162,CTR-1000165199,auto,2024-07-06,2027-06-04,actif,1585.78,trimestrielle,virement,AG-PR-006,2024-06-19,2024-09-15,,,
principal,CLI-00165228,M.,Henry,Bailey,2002-07-27,M,en,4556,Avenue,Stonebridge,,437,Shawinigan,QC,Québec,G9N 0V5,CA,henrybailey@icloud.example,+1-450-555-0149,CTR-1000165228,auto,2026-01-04,2027-02-23,actif,533.88,annuelle,virement,AG-PR-004,2025-12-25,2026-06-13,,,
principal,CLI-00165788,M.,Daniel,Hall,1955-04-13,M,en,7486,Trail,Forest,,199,Rouyn-Noranda,QC,Québec,J9X 8H9,CA,dhall@yahoo.example,+1-819-555-0105,CTR-1000165788,habitation,2025-06-18,2026-11-14,actif,1018.84,mensuelle,prélèvement,AG-PR-001,2025-05-29,2025-07-18,2026-08-06,45853.32,ouvert
principal,CLI-00165827,M.,Liam,Turner,1953-08-07,M,en,4338,Lane,Maple,,887,Shawinigan,QC,Québec,G9N 2G9,CA,turner.liam@gmail.example,+1-418-555-0138,CTR-1000165827,voyage,2019-03-06,2027-06-17,actif,207.69,annuelle,virement,AG-PR-006,2019-02-04,2020-01-04,,,
principal,CLI-00165906,M.,Michel,Gagnon,1966-06-05,M,fr,2003,impasse,des Érables,Ouest,,Saguenay,QC,Québec,G7J 1C1,CA,michel_gagnon@yahoo.example,+1-418-555-0150,CTR-1000165906,auto,2023-02-15,2025-03-11,expiré,1222.18,mensuelle,virement,AG-PR-005,2023-02-15,2023-06-15,,,
principal,CLI-00165949,M.,Étienne,Bouchard,1998-12-26,M,fr,8728,avenue,des Vents,Nord,,Châteauguay,QC,Québec,J6K 7W4,CA,etienne9607@icloud.example,+1-450-555-0104,CTR-1000165949,voyage,2025-06-15,2025-06-26,résilié,233.64,mensuelle,prélèvement,AG-PR-002,2025-06-04,2026-05-23,,,
principal,CLI-00166681,M.,Rémi,Young,1955-11-14,M,fr,5784,avenue,des Hirondelles,,,Gaspé,QC,Québec,G4X 1M7,CA,remi_young@gmail.example,+1-450-555-0189,CTR-1000166681,auto,2020-04-17,2027-03-09,actif,885.08,annuelle,carte,AG-PR-005,2020-03-26,2024-10-15,,,
principal,CLI-00167070,M.,Louis-Philippe,Lessard,1979-11-03,M,fr,1134,boulevard,des Lilas,Est,225,Montréal,QC,Québec,H3G 4N8,CA,lessard.louisphilippe@gmail.example,+1-514-555-0133,CTR-1000167070,auto,2019-11-12,,actif,508.23,semestrielle,prélèvement,AG-PR-001,2019-10-17,2026-02-17,,,
principal,CLI-00167400,M.,Alain,Girard,1996-12-17,M,fr,8175,promenade,du Havre,,,Lévis,QC,Québec,G6V 5K3,CA,girard540@outlook.example,+1-514-555-0180,CTR-1000167400,auto,2020-01-18,2027-05-05,actif,874.03,annuelle,carte,AG-PR-002,2020-01-11,2020-10-23,,,
principal,CLI-00167408,Mme,Maude,Girard,1938-09-13,F,fr,5248,côte,des Prairies,,,Val-d'Or,QC,Québec,J9P 8G2,CA,mg641@outlook.example,+1-418-555-0105,CTR-1000167408,habitation,2020-06-22,2026-11-07,actif,706.14,annuelle,prélèvement,AG-PR-004,2020-06-13,2021-10-26,,,
principal,CLI-00167994,Mme,Chantal,Lopez,1961-05-07,F,fr,7821,boulevard,du Moulin,Ouest,302,Laval,QC,Québec,H7W 9S7,CA,chantal.lopez@icloud.example,+1-873-555-0145,CTR-1000167994,habitation,2021-01-19,2027-05-05,actif,851.82,mensuelle,virement,AG-PR-002,2021-01-03,2023-09-04,2025-12-31,124217.81,fermé
principal,CLI-00168095,Mme,Diane,Tremblay,1982-03-22,F,fr,4704,avenue,des Peupliers,,,Saint-Jérôme,QC,Québec,J7Y 7H1,CA,tremblay62@gmail.example,+1-450-555-0151,CTR-1000168095,auto,2018-09-29,2026-11-05,actif,620.72,mensuelle,virement,AG-PR-002,2018-09-01,2020-08-28,2023-10-21,,en_cours
principal,CLI-00168284,M.,Louis-Philippe,Mohammed,1967-11-29,M,fr,9242,montée,des Bouleaux,Ouest,816,Montréal,QC,Québec,H1A 2P5,CA,lou05@icloud.example,+1-579-555-0187,CTR-1000168284,auto,2021-11-26,2026-10-16,actif,1111.41,mensuelle,prélèvement,AG-PR-002,2021-11-25,2024-04-15,,,
principal,CLI-00168414,Mme,Madison,Wang,1966-07-17,F,en,5075,Crescent,Rosewood,,,Winnipeg,MB,Manitoba,R3C 5J6,CA,madisonwang@gmail.example,+1-431-555-0115,CTR-1000168414,auto,2026-05-02,2027-06-28,actif,737.71,mensuelle,prélèvement,AG-PR-002,2026-04-25,2026-07-15,2026-05-09,23658.24,fermé
principal,CLI-00168572,Mme,Ava,Cox,1990-04-05,F,en,6694,Boulevard,Willow,West,570,Dollard-des-Ormeaux,QC,Québec,H9A 9H5,CA,ac21@icloud.example,+1-263-555-0109,CTR-1000168572,habitation,2016-12-08,2027-06-20,actif,1663.86,mensuelle,carte,AG-PR-001,2016-11-27,2022-03-29,,,
principal,CLI-00168672,Mme,Camille,Taylor,1967-01-22,F,fr,8503,boulevard,de l'Aube,,,Drummondville,QC,Québec,J2C 8T5,CA,camilletaylor@videotron.example,+1-514-555-0170,CTR-1000168672,voyage,2018-01-31,2021-09-15,expiré,112.04,mensuelle,prélèvement,AG-PR-001,2018-01-01,2020-12-30,,,
principal,CLI-00168698,M.,Alexandre,Beaulieu,1987-12-21,M,fr,593,côte,du Belvédère,,345,Lévis,QC,Québec,G6V 8K5,CA,alexandre_beaulieu@yahoo.example,+1-579-555-0141,CTR-1000168698,auto,2022-01-11,2027-02-17,actif,489.60,annuelle,carte,AG-PR-001,2021-12-25,2022-12-17,,,
principal,CLI-00168722,M.,Olivier,Renaud,1985-12-11,M,fr,4064,boulevard,du Vieux-Pont,,,Ottawa,ON,Ontario,K1P 7R0,CA,olivier-renaud@gmail.example,+1-249-555-0177,CTR-1000168722,vie,2019-10-13,2027-09-14,actif,542.25,mensuelle,prélèvement,AG-PR-001,2019-09-30,2023-07-09,,,
principal,CLI-00168893,M.,Pierre-Luc,Caron,1978-12-21,M,fr,2570,rang,du Ruisseau,Nord,156,La Tuqse,QC,Québec,G9X 8Z7,CA,pierreluc134@gmail.example,+1-263-555-0172,CTR-1000168893,voyage,2021-01-07,2027-02-17,actif,387.18,annuelle,carte,AG-PR-001,2020-12-11,2023-09-17,,,
principal,CLI-00169243,Mme,Stéphanie,Dubé,1987-12-26,F,fr,7951,rang,du Marché,Ouest,,oJliette,QC,Québec,J6E 7V5,CA,stephanie345@gmail.example,+1-819-555-0182,CTR-1000169243,auto,2026-08-07,,actif,478.98,mensuelle,prélèvement,AG-PR-004,2026-07-29,2026-08-31,,,
principal,CLI-00169304,M.,Claude,Gagnon,1988-09-19,M,fr,6745,place,des Bouleaux,,920,Montréal,QC,Québec,H4A 5E8,CA,claude51@yahoo.example,+1-514-555-0149,CTR-1000169304,habitation,2023-04-13,,actif,1089.53,mensuelle,prélèvement,AG-PR-005,2023-03-31,2023-09-12,,,
principal,CLI-00169636,M.,Martin,Morin,1949-03-11,M,fr,4040,rue,des Pins,,,Victoriaville,QC,Québec,G6S 6B9,CA,morin85@videotron.example,+1-514-555-0186,CTR-1000169636,voyage,2017-08-27,2027-01-11,actif,245.18,annuelle,prélèvement,AG-PR-001,2017-08-16,2022-01-18,,,
principal,CLI-00170284,Mme,Alice,Côté,1995-09-24,F,fr,1340,croissant,de l'Anse,Nord,,Rimouski,QC,Québec,G5M  5M4,CA,alicecote@outlook.example,+1-819-555-0133,CTR-1000170284,auto,2020-06-14,,suspendu,1130.87,mensuelle,prélèvement,AG-PR-006,2020-05-31,2023-02-07,,,
principal,CLI-00170355,M.,Xavier,Scott,1996-01-20,M,fr,9983,rue,des Cèdres,,,Trois-Rivières,QC,Québec,G8Z 9J8,CA,xavierscott@icloud.example,+1-354-555-0163,CTR-1000170355,habitation,2022-06-18,2025-11-27,expiré,594.96,mensuelle,prélèvement,AG-PR-001,2022-06-07,2026-06-11,,,
principal,CLI-00170507,M.,André,Wu,1937-06-01,M,fr,1138,chemin,des Pins,Est,,Beloeil,QC,Québec,J3G 6B0,CA,andre_wu@outlook.example,+1-581-555-0111,CTR-1000170507,vie,2024-05-14,2027-07-07,actif,2544.56,annuelle,chèque,AG-PR-008,2024-05-07,2026-08-27,,,
principal,CLI-00170510,M.,Hugo,Bergeron,1971-02-22,M,fr,9505,terrasse,des Laurentides,,,Gatineau,QC,Québec,J9A 7S9,CA,bergeron.hugo@outlook.example,+1-450-555-0130,CTR-1000170510,habitation,2023-03-12,2026-11-05,actif,1255.11,semestrielle,prélèvement,AG-PR-001,2023-02-13,2026-05-04,2024-11-26,,en_cours
principal,CLI-00170766,Mme,Amélie,Paquette,1989-02-28,F,fr,2302,place,des Geais-Bleus,,,Québec,QC,Québec,G1V 6Y1,CA,paquette443@gmail.example,+1-514-555-0114,CTR-1000170766,vie,2019-09-12,2027-07-22,actif,1098.90,annuelle,carte,AG-PR-001,2019-08-17,2022-05-16,,,
principal,CLI-00170981,M.,Nathan,Fernandes,2002-08-30,M,en,2910,Avenue,Highland,West,936,Alma,QC,Québec,G8C 4W6,CA,nfernandes@hotmail.example,+1-819-555-0195,CTR-1000170981,auto,2026-03-24,2026-06-01,expiré,400.24,trimestrielle,prélèvement,AG-PR-001,2026-03-11,2026-09-05,2026-03-29,17846.94,en_cours
principal,CLI-00171352,M.,Sébastien,Lévesque,1939-09-10,M,fr,8081,impasse,des Cascades,,,La Tuque,QC,Québec,G9X 3X7,CA,sebastien_levesque@outlook.example,+1-418-555-0192,CTR-1000171352,habitation,2019-08-07,2025-08-03,expiré,1840.60,mensuelle,virement,AG-PR-005,2019-08-01,2026-06-12,,,
principal,CLI-00171562,M.,Jack,Young,2005-07-27,M,en,6864,Road,Silverwood,,767,Ottawa,ON,Ontario,K1A 1T1,CA,jackyoung@gmail.example,+1-382-555-0138,CTR-1000171562,auto,2025-03-05,2025-06-06,résilié,968.15,annuelle,prélèvement,AG-PR-005,2025-02-24,2025-06-05,,,
principal,CLI-00171675,Mme,Diane,Pelletier,1967-01-05,F,fr,5488,route,des Deux-Rivières,,331,Québec,QC,Québec,G1V 3L3,CA,dia1406@outlook.example,+1-438-555-0122,CTR-1000171675,voyage,2016-10-11,2017-05-20,expiré,182.57,mensuelle,carte,AG-PR-002,2016-09-14,2026-06-21,,,
principal,CLI-00172189,Mme,Catherine,Ouellet,1948-05-01,F,fr,8809,rue,des Pionniers,,,Brossard,QC,Québec,J4X 1T6,CA,catherine9988@gmail.example,+1-418-555-0190,CTR-1000172189,vie,2018-11-13,2027-01-05,actif,2462.17,annuelle,prélèvement,AG-PR-002,2018-11-02,2022-10-01,,,
principal,CLI-00172459,Mme,Chantal,Lachance,1969-12-11,F,fr,7676,boulevard,des Mélèzes,,,Repentigny,QC,Québec,J6A 4H1,CA,chantal649@gmail.example,+1-418-555-0192,CTR-1000172459,habitation,2021-03-18,2024-04-02,résilié,881.53,annuelle,carte,AG-PR-005,2021-03-17,2021-12-09,2023-10-29,24273.12,fermé
principal,CLI-00173038,Mme,Chantal,Bouchard,1965-10-17,F,fr,7058,terrasse,des Érables,Ouest,,Saint-Jean-sur-Richelieu,QC,Québec,J3B 3W9,CA,chantal0824@outlook.example,+1-579-555-0105,CTR-1000173038,auto,2022-08-21,2026-10-28,actif,1722.12,trimestrielle,virement,AG-PR-002,2022-08-09,2025-04-30,2025-01-21,7365.53,en_cours
principal,CLI-00173297,M.,Martin,Gagnon,2002-09-04,M,fr,3988,côte,du Marais,,,Mascouche,QC,Québec,J7K 3E8,CA,martin842@outlook.example,+1-450-555-0179,CTR-1000173297,vie,2023-06-06,2027-02-14,actif,928.01,trimestrielle,carte,AG-PR-005,2023-05-11,2025-11-09,,,
principal,CLI-00173416,Mme,Lily,Smith,1953-09-17,F,en,9295,Street,Kingfisher,,,Vancouver,BC,Colombie-Britannique,V6B 9V8,CA,lil4224@hotmail.example,+1-236-555-0154,CTR-1000173416,habitation,2024-11-22,2026-11-25,actif,2071.55,mensuelle,carte,AG-ON-001,2024-10-28,2025-07-11,,,
principal,CLI-00173563,M.,Henry,Johnson,1973-09-21,M,en,766,Boulevard,Valleyview,,,Moncton,NB,Nouveau-Brunswick,E1A 2B6,CA,henry.johnson@yahoo.example,+1-506-555-0145,CTR-1000173563,auto,2023-06-22,2026-12-28,actif,1290.95,mensuelle,virement,AG-PR-002,2023-06-01,2024-08-03,,,
principal,CLI-00174202,Mme,Valrie,Dubé,1959/12/10,F,fr,5873,rang,du Boisé,,206,Salaberry-de-Valleyfield,QC,Québec,J6T 2P2,CA,val20@hotmail.example,+1-873-555-0142,CTR-1000174202,vie,2024-08-06,2027-02-13,actif,3479.35,mensuelle,carte,AG-PR-001,2024-07-27,2025-03-01,,,fermé
principal,CLI-00174331,Mme,uSzanne,Gagné,1987-05-25,F,fr,2856,croissant,des Érables,,504,oMntréal,QC,Québec,H4A 2H4,CA,suzanne.gagne@yahoo.example,+1  514-555-0187,CTR-1000174331,habitation,2023-01-08,2027-04-04,actif,990.87,mensuelle,carte,AG-PR-003,2022-12-18,2024-12-18,,,
principal,CLI-00174352,M.,Caleb,Taylor,1978-02-27,M,en,3385,Street,Fairview,,,Longueuil,QC,Québec,J4H 9C2,CA,caleb_taylor@gmail.example,+1-468-555-0135,CTR-1000174352,auto,2021-03-21,2026-10-26,actif,854.66,mensuelle,carte,AG-PR-002,2021-02-25,2024-03-12,,,
principal,CLI-00174548,Mme,Marie,Lévesque,2005-03-08,F,fr,5925,boulevard,du Boisé,Nord,,Québec,QC,Québec,G1R 7P5,CA,ml999@bell.example,+1-819-555-0181,CTR-1000174548,auto,2024-02-19,2026-08-10,expiré,249.36,mensuelle,prélèvement,AG-PR-007,2024-01-30,2026-02-21,2026-07-07,18285.72,en_cours
principal,CLI-00174591,M.,Xavier,Côté,1947-02-13,M,fr,4972,boulevard,des Champs,,83,Longueuil,QC,Québec,J4K 0K1,CA,xavier81@bell.example,+1-263-555-0132,CTR-1000174591,auto,2019-09-18,2025-07-19,résilié,349.03,mensuelle,carte,AG-PR-003,2019-09-16,2021-11-11,2022-09-03,13975.27,fermé
principal,CLI-00174867,Mme,Charlotte,Morin,1978-12-05,F,fr,8456,rue,des Bouleaux,Nord,,Montréal,QC,Québec,H2X 0R2,CA,charlotte1167@hotmail.example,+1-579-555-0171,CTR-1000174867,habitation,2024-04-29,2025-12-24,expiré,1797.37,mensuelle,carte,AG-PR-002,2024-04-28,2025-10-07,,,
principal,CLI-00175038,Mme,Florence,Poirier,1948-03-24,F,fr,4364,boulevard,des Épinettes,,754,Montréal,QC,Québec,H1A 8K6,CA,flo926@outlook.example,+1-468-555-0144,CTR-1000175038,auto,2020-09-16,2027-04-08,actif,1049.35,mensuelle,prélèvement,AG-PR-001,2020-08-29,2025-01-22,,,
principal,CLI-00175895,M.,Alain,Wilson,1994-08-09,M,fr,5941,rue,des Champs,,,Sherbrooke,QC,Québec,J1H 2B1,CA,alainwilson@outlook.example,+1-468-555-0142,CTR-1000175895,voyage,2025-01-09,2025-12-31,expiré,375.50,mensuelle,prélèvement,AG-PR-004,2024-12-26,2025-10-26,,,
principal,CLI-00176057,M.,Robert,Renaud,1948-09-10,M,fr,1658,route,du Boisé,,,Shawinigan,QC,Québec,G9N 9G3,CA,rr81@icloud.example,+1-418-555-0150,CTR-1000176057,auto,2017-07-15,2027-05-09,actif,642.07,mensuelle,prélèvement,AG-PR-001,2017-06-20,2024-09-06,,,
principal,CLI-00176164,Mme,Christine,Gauthier,1966-02-23,F,fr,1653,avenue,du Parc,,,Montréal,QC,Québec,H4A 6C7,CA,cg0498@outlook.example,+1-514-555-0187,CTR-1000176164,voyage,2023-12-15,2024-11-15,expiré,71.67,mensuelle,carte,AG-PR-002,2023-11-17,2026-03-04,,,
principal,CLI-00176196,Mme,Marguerite,Boucher,1966-07-28,F,fr,6957,rue,des Vents,,,Saint-Hyacinthe,QC,Québec,J2S 4V0,CA,boucher.marguerite@gmail.example,+1-354-555-0127,CTR-1000176196,vie,2022-07-07,,actif,4161.73,annuelle,prélèvement,AG-PR-002,2022-07-07,2025-08-07,,,
principal,CLI-00176218,Mme,Isabelle,Young,1996-08-20,F,fr,739,chemin,des Mélèzes,,,Terrebonne,QC,Québec,J6W 1Y4,CA,isabelle2492@bell.example,+1-263-555-0136,CTR-1000176218,auto,2019-03-18,2027-09-05,actif,1539.72,semestrielle,carte,AG-PR-002,2019-02-23,2021-12-17,,,
principal,CLI-00176305,M.,Oliver,Mitchell,1941-12-08,M,en,1034,Court,Birch,,724,London,ON,Ontario,N6G 5J0,CA,oli87@icloud.example,+1-807-555-0134,CTR-1000176305,auto,2020-09-03,2027-03-13,suspendu,242.78,mensuelle,virement,AG-PR-005,2020-08-30,2025-10-08,,,
principal,CLI-00176939,Mme,Maude,St-Pierre,1965-10-16,F,fr,2505,chemin,de la Rivière,Sud,,Saint-Jean-sur-Richelieu,QC,Québec,J3B 8M3,CA,ms837@outlook.example,+1-450-555-0163,CTR-1000176939,auto,2024-11-03,2027-01-09,actif,1252.10,mensuelle,prélèvement,AG-PR-006,2024-11-01,2026-01-02,,,
principal,CLI-00177240,M.,Alexandre,Patel,1959-12-04,M,fr,5982,chemin,des Geais-Bleus,,,Sherbrooke,QC,Québec,J1K  5Y3,CA,alexandre262@gmail.example,+1-418-555-0173,CTR-1000177240,habitation,2017-07-13,,actif,2163.38,mensuelle,virement,AG-PR-002,2017-07-04,2024-07-13,,,
principal,CLI-00177262,Mme,Alice,Wu,1944-11-26,F,fr,909,rue,de la Traverse,Sud,637,Montréal,QC,Québec,H3G 5M3,CA,alice00@gmail.example,+1-873-555-0179,CTR-1000177262,auto,2019-01-01,2019-10-21,expiré,1317.36,mensuelle,prélèvement,AG-PR-001,2018-12-31,2025-06-16,,,
principal,CLI-00177514,Mme,Marie,Leblanc,1967-06-24,F,fr,3039,rang,des Bouleaux,,529,Beloeil,QC,Québec,J3G 9V7,CA,ml714@yahoo.example,+1-579-555-0151,CTR-1000177514,habitation,2020-07-05,,actif,1724.20,mensuelle,prélèvement,AG-PR-006,2020-07-02,2021-05-05,,,
principal,CLI-00177549,M.,Olivier,Lee,2003-01-22,M,fr,7006,rang,de la Pinède,,,Repentigny,QC,Québec,J5Y  9J0,CA,olivier4898@hotmail.example,+1-873-555-0110,CTR-1000177549,habitation,2021-07-01,2027-03-24,actif,1472.02,mensuelle,prélèvement,AG-PR-005,2021-06-15,2025-03-29,,,
principal,CLI-00177701,M.,Henry,Nguyen,2001-10-16,M,en,7086,Street,Parkside,,,Brossard,QC,Québec,J4W 6T2,CA,nguyen6718@gmail.example,+1-579-555-0179,CTR-1000177701,habitation,2020-10-19,2027-07-14,actif,783.97,mensuelle,prélèvement,AG-PR-002,2020-10-01,2022-12-06,,,
principal,CLI-00177773,M.,Denis,Girard,1973-09-21,M,fr,101,rang,des Peupliers,,,Sherbrooke,QC,Québec,J1H 0H7,CA,denis_girard@icloud.example,+1-819-555-0128,CTR-1000177773,auto,2018-05-06,2024-05-08,expiré,824.25,mensuelle,carte,AG-PR-008,2018-04-14,2020-12-16,,,
principal,CLI-00178064,Mme,Manno,O  uellet,1960-04-20,F,fr,1716,impasse,des Bouleaux,,,Saint-Hyacinthe,QC,Québec,J2S 8P4,CA,ouellet681@icloud.example,+1-873-555-0126,CTR-1000178064,auto,2022-08-27,2027-07-23,actif,1043.04,mensuelle,prélèvement,AG-PR-002,2022-08-23,2026-08-11,,,
principal,CLI-00178385,Mme,Charlotte,Garcia,1970-03-26,F,en,1322,Trail,Willow,East,,Brossard,QC,Québec,J4X 2K6,CA,charlotte17@hotmail.example,+1-581-555-0138,CTR-1000178385,auto,2019-04-19,,actif,2033.67,mensuelle,carte,AG-PR-002,2019-03-20,2019-12-27,,,
principal,CLI-00178437,Mme,Élise,Boucher,1947-11-02,F,fr,9270,place,des Pionniers,,,Beloeil,QC,Québec,J3G 3Z7,CA,eliseboucher@yahoo.example,+1-873-555-0126,CTR-1000178437,habitation,2020-12-07,2026-10-19,actif,2952.70,mensuelle,virement,AG-PR-004,2020-11-22,2025-12-01,,,
principal,CLI-00178586,M.,Félix,Nadeau,1981-11-22,M,fr,3891,carré,des Geais-Bleus,,488,Joliette,QC,Québec,J6E 3L1,CA,felixnadeau@gmail.example,+1-579-555-0163,CTR-1000178586,voyage,2024-02-11,2027-08-25,actif,480.00,mensuelle,carte,AG-PR-001,2024-01-12,2025-08-14,,,
principal,CLI-00178591,Mme,Sophie,Boucher,2005-12-17,F,fr,7793,rue,de la Falaise,Ouest,,Trois-Rivières,QC,Québec,G9A 4A1,CA,sop38@yahoo.example,+1-579-555-0118,CTR-1000178591,vie,2024-08-13,2027-07-11,actif,1913.55,mensuelle,prélèvement,AG-PR-001,2024-07-21,2024-12-24,,,
principal,CLI-00179607,Mme,Gianna,Anderson,1995-02-26,F,en,6360,Boulevard,Maple,North,,Winnipeg,MB,Manitoba,R3C 6L4,CA,giannaanderson@gmail.example,+1-431-555-0147,CTR-1000179607,auto,2021-04-11,2027-02-18,actif,442.92,mensuelle,carte,AG-PR-001,2021-03-17,2024-01-29,2026-07-16,,en_cours
principal,CLI-00179694,Mme,Sophie,Gauthier,2006-06-15,F,fr,499,chemin,des Mélèzes,,,Sorel-Tracy,QC,Québec,J3P 6J5,CA,sop166@outlook.example,+1-819-555-0113,CTR-1000179694,vie,2024-09-13,2026-12-06,actif,1901.53,mensuelle,prélèvement,AG-PR-003,2026-13-40,2025-01-01,,,
principal,CLI--00179800,M.,Jean-Philippe,Pelletier,1993-11-18,M,fr,6568,boulevard,de la Clairière,,,Shawinigan,QC,Québec,G9P  2B5,CA,jeanphilippepelletier@gmail.example,+1-418-555-0197,CTR-1000179800,habitation,2026-13-40,2027-08-28,actif,1221.27,trimestrielle,carte,AG-PR-001,2024-06-04,2024-09-16,,,
principal,CLI-00179812,M.,Noah,Smith,1994-05-14,M,en,4973,Road,Cedar,,,Toronto,ON,Ontario,M6G 6K8,CA,noah0093@bell.example,+1-416-555-0155,CTR-1000179812,voyage,2020-10-15,,actif,327.80,trimestrielle,carte,AG--PR-002,2020-10-02,2021-01-12,,,
principal,CLI-00180254,Mme,Stéphanie,Lefebvre,1986-07-01,F,fr,1454,terrasse,des Champs,,,Sherbrooke,QC,Québec,J1H 9X5,CA,stephanielefebvre@hotmail.example,+1-450-555-0114,CTR-1000180254,vie,2021-11-09,2024-02-23,expiré,1954.88,mensuelle,prélèvement,AG-PR-003,2021-10-30,2024-05-17,,,
principal,CLI-00180413,M.,Michel,Morin,1997-01-29,M,fr,1844,montée,du Belvédère,,898,Laval,QC,Québec,7N 1L5,CA,michelmorin@videotron.example,+1-873-555-0188,CTR-1000180413,auto,2020-08-28,,actif,970.94,mensuelle,prélèvement,AG-PR-005,2020-08-08,2020-12-06,,,
principal,CLI-00180430,Mme,Catherine,Martel,1939-06-02,F,fr,8729,croissant,des Chênes,,544,Sherbrooke,QC,Québec,J1K 5B7,CA,catherinemartel@outlook.example,+1-450-555-0181,CTR-1000180430,vie,2017-11-21,2027-08-03,actif,1223.54,mensuelle,virement,AG-PR-001,2017-11-05,2020-01-18,,,
principal,CLI-00180524,Mme,Véronique,Cloutier,1952-09-08,F,fr,2168,rang,de l'Aube,,,Laval,QC,Québec,H7N 5Z9,CA,cloutier115@gmail.example,+1-514-555-0189,CTR-1000180524,voyage,2025-01-14,2027-02-02,actif,119.94,mensuelle,prélèvement,AG-PR-007,2024-12-19,2025-03-21,2025-11-06,3521.23,rejeté
principal,CLI-00180550,M.,,Tremblay,1938-07-28,M,fr,4755,place,des Érables,,,Shawinigan,QC,Québec,G9N  6N4,CA,tremblay2529@proton.example,+1-367-555-0114,CTR-100018055,voyage,2016-10-04,2026-12-26,actif,396.54,annuelle,prélèvement,AG-PR-008,2016-09-07,2023-08-05,,,
principal,CLI-00180668,Mme,Sophie,Wong,2007-03-19,F,fr,559,avenue,du Boisé,,,Blainville,QC,Québec,J7B 4J8,CA,sophie61@outlook.example,+1-418-555-0169,CTR-1000180668,auto,2025-04-26,2026-05-28,expiré,2189.67,mensuelle,prélèvement,AG-PR-002,2025-04-20,2026-06-22,,,
principal,CLI-00180759,M.,Henry,Campbell,1966-10-07,M,en,3557,Avenue,Forest,North,,Shawinigan,QC,Québec,G9N 9Z7,CA,henry532@hotmail.example,+1-581-555-0193,CTR-1000180759,vie,2024-09-10,2027-06-11,actif,1165.59,mensuelle,prélèvement,AG-PR-005,2024-08-22,2025-06-26,,,
principal,CLI-00180845,M.,Ezra,Young,1987-04-28,M,en,756,Road,Willow,East,,Edmonton,AB,Alberta,T5J 4Z3,CA,ezr285@outlook.example,+1-780-555-0146,CTR-1000180845,vie,2024-11-20,,actif,-3097.96,mensuelle,carte,AG-PR-001,2024-11-12,2025-12-02,,,
principal,CLI-00180853,Mme,Nicole,Caron,1960-02-02,F,fr,2978,chemin,de l'École,,,Saint-Jérôme,QC,Québec,J7Y 2H6,CA,nc6837@rogers.example,+1-514-555-0144,CTR-1000180853,habitation,2019-11-13,2027-09-02,actif,3025.45,annuelle,prélèvement,AG-PR-001,2019-10-18,2020-10-16,,,
principal,CLI-00181264,M.,Sébastien,Tran,2004-08-13,M,fr,2766,avenue,de la Rivière,Sud,,Alma,QC,Québec,G8B 6Y0,CA,stran@icloud.example,+1-367-555-0165,CTR-1000181264,habitation,2022-12-10,2026-08-24,expiré,2338.07,annuelle,prélèvement,AG-PR-002,2022-12-09,2024-11-08,,,
principal,CLI-00181265,Mme,Penelope,Clark,1975-03-31,F,en,587,Street,Parkside,,,Red Deer,AB,Alberta,T4R 3T6,CA,penelope141@hotmail.example,+1  587-555-0153,CTR-1000181265,auto,2017-08-30,2027-02-28,actif,684.49,mensuelle,prélèvement,AG-PR-007,2017-08-28,2025-07-21,,,
principal,CLI-00181511,M.,Sébastien,Gagnon,1981-09-04,M,fr,8621,rue,des Pins,,,Montréal,QC,Québec,H1A 9X3,CA,gagnon105@videotron.example,+1-873-555-0144,CTR-1000181511,auto,2020-01-04,2027-06-19,suspendu,738.43,trimestrielle,prélèvement,AG-PR-001,2020-01-02,2022-01-20,2026-01-12,44235.11,fermé
principal,CLI-00181674,Mme,Monique,Fortin,1952-11-01,F,fr,6957,route,du Belvédère,,,Saint-Jérôme,QC,Québec,J7Y 7M8,CA,monique09@gmail.example,+1-450-555-0134,CTR-1000181674,auto,2024-01-13,2027-07-26,actif,1299.10,mensuelle,prélèvement,AG-PR-005,2023-12-28,2025-02-16,,,
principal,CLI-00181723,M.,Theodore,Brown,1958-02-19,M,en,4408,Road,Cedar,North,225,Hamilton,ON,Ontario,L8P 1N4,CA,theodore-brown@gmail.example,+1-289-555-0190,CTR-1000181723,habitation,2024-07-02,2026-09-09,résilié,1095.87,annuelle,carte,AG-PR-004,2024-06-28,2026-09-11,,,
principal,CLI-00181821,M.,Ethan,Lewis,1974-02-15,M,en,1601,Road,Church,East,,Sherbrooke,QC,Québec,J1K 3J1,CA,ethan6145@icloud.example,+1-514-555-0110,CTR-1000181821,vie,2017-09-10,2023-09-07,expiré,713.08,mensuelle,prélèvement,AG-PR-003,2017-08-17,2024-07-14,,,
principal,CLI-00181882,Mme,Elizabeth,Clark,1944-01-18,F,en,9470,Highway,Bluebird,,,Drummondville,QC,Québec,J2E 0E6,CA,eli1531@hotmail.example,+1-418-555-0160,CTR-1000181882,auto,2020-05-23,2027-03-30,actif,1019.34,trimestrielle,prélèvement,AG-PR-003,2020-05-05,2023-11-21,2021-04-06,13414.77,ouvert
principal,CLI-00181940,Mme,Sylvie,Paquette,1966-10-01,F,fr,9929,avenue,de la Rivière,Ouest,,Montréal,QC,Québec,H4A 9R6,CA,sylvie_paquette@bell.example,+1-450-555-0191,CTR-1000181940,auto,2020-07-30,2020-12-25,résilié,409.85,mensuelle,prélèvement,AG-PR-002,2020-07-28,2022-02-03,,,
principal,CLI-00182003,Mme,Isabelle,Poulin,2001-02-07,F,fr,3772,chemin,des Pionniers,,,Repentigny,QC,Québec,J6A 3R1,CA,poulin760@gmail.example,+1-514-555-0172,CTR-1000182003,auto,2023-10-30,2024-04-13,expiré,1638.99,mensuelle,prélèvement,AG-PR-003,2023-10-29,2025-04-18,2023-11-28,28136.29,fermé
principal,CLI-00182036,M.,Pierre,Lapointe,1983-09-28,M,fr,3389,avenue,des Bouleaux,,,Québec,QC,Québec,G1V 4N6,CA,pierre507@hotmail.example,+1-819-555-0161,CTR-1000182036,habitation,2022-01-22,2027-08-09,actif,1156.51,annuelle,prélèvement,AG-PR-005,2022-01-02,2022-03-26,,,
principal,CLI-00182096,M.,Émile,Côté,1971-06-16,M,fr,8990,rang,des Érables,,,Montréal,QC,Québec,H3 6C7,CA,emi72@hotmail.example,+1-819-555-0186,CTR-1000182096,habitation_X,2026-08-29,,actif,2253.65,mensuelle,prélèvement,AG-PR-005,2026-08-02,2026-08-16,,,
principal,CLI-00182270,M.,Philippe,Roy,1949-02-12,M,fr,1367,rue,des Pionniers,,,Laval,QC,Québec,H7W 9M0,CA,phi9641@gmail.example,+1-418-555-0161,CTR-1000182270,habitation,2017-02-27,2027-05-19,actif,1484.60,mensuelle,prélèvement,AG-PR-001,2017-02-18,2017-03-28,,,
principal,CLI-00183055,Mme,Clara,Morin,1948-11-12,F,fr,9400,rue,du Moulin,Nord,,Sherbrooke,QC,Québec,J1H 4S8,CA,clara671@outlook.example,+1-367-555-0125,CTR-1000183055,habitation,2025-08-24,,actif,2761.04,mensuelle,carte,AG-PR-004,2025-07-25,2026-03-05,,,
principal,CLI-00183102,M.,Léo,Gagné,1987-04-03,M,fr,4185,rue,des Ormes,Est,,Terrebonne,QC,Québec,J6W 7S5,CA,gagne244@hotmail.example,+1-581-555-0150,CTR-1000183102,auto,2026-02-28,2027-07-28,actif,1646.17,mensuelle,carte,AG-PR-002,2026-02-03,2026-07-20,,,
principal,CLI-00183191,Mme,Sarah-Maude,Khan,1957-01-01,F,fr,1770,avenue,du Versant,,638,Montréal,QC,Québec,H3G 4Z5,CA,sarahmaude.khan@icloud.example,+1-418-555-0121,CTR-1000183191,auto,2020-04-02,2021-03-31,expiré,2065.29,trimestrielle,prélèvement,AG-PR-002,2020-03-23,2024-09-27,2020-05-10,,rejeté
principal,CLI-00183273,Mme,Eleanor,Savaard,1996-12-24,F,en,9236,Court,Meadow,,682,Calgary,AB,Alberta,T3A 4N3,CA,ele738@gmail.example,+1-825-555-0171,CTR-1000183273,habitation,2023-05-31,2026-10-20,actif,1035.71,mensuelle,prélèvement,AG-PR-001,2023-05-06,2026-09-16,,,
principal,CLI-00183282,Mme,Stéphanie,Tremblay,1977-01-05,F,fr,5005,terrasse,du Belvédère,,,Blainville,QC,Québec,J7C 4E8,CA,ste639@gmail.example,+1-514-555-0192,CTR-1000183282,habitation,2019-05-10,2025-05-16,résilié,1333.11,annuelle,prélèvement,AG-PR-007,2019-05-01,2019-07-24,,,
principal,CLI-00183289,Mme,Catherine,Dubé,1993-01-29,F,fr,6561,place,de la Colline,,182,Hamilton,ON,Ontario,L8S 6B2,CA,catherine14@hotmail.example,+1-437-555-0126,CTR-1000183289,auto,2024-06-07,2027-08-23,actif,595.21,mensuelle,virement,AG-PR-001,2024-05-17,2025-05-02,,,
principal,CLI-00183660,M.,Sébastien,Lavoie,1996-10-02,M,fr,6336,place,des Frênes,,409,Gaitneau,QC,Québec,J8Y 2P0,CA,sebastien261@gmail.example,+1-819-555-0185,CTR-1000183660,auto,2025-08-27,2027-01-13,actif,1679.76,mensuelle,virement,AG-PR-005,2025-08-14,2026-02-24,,,
principal,CLI-00183973,Mme,Diane,Gauthier,2006-06-05,F,fr,1470,route,de la Clairière,,,Laval,QC,Québec,H7W 4K1,CA,gauthier0286@gmail.example,+1-367-555-0159,CTR-1000183973,vie,2025-06-04,2027-06-21,actif,1381.37,mensuelle,prélèvement,AG-PR-003,2025-05-19,2026-05-17,,,
principal,CLI-00184043,M.,William,Gagné,1965-01-04,M,fr,6058,terrasse,des Cascades,Ouest,379,Mirabel,QC,Québec,J7N 0R2,CA,williamgagne@hotmail.example,+1-819-555-0121,CTR-1000184043,auto,2023-05-20,2027-08-27,actif,1400.88,annuelle,prélèvement,AG-PR-003,2023-04-29,2024-08-30,,,
principal,CLI-00184314,Mme,Amélie,Bergeron,1968/12/04,F,fr,1232,montée,des Pionniers,,,Sept-Îles,QC,Québec,G4R 4Z7,CA,amelie-bergeron@hotmail.example,+1-819-555-0131,CTR-1000184314,auto,2018-11-25,2027-09-05,actif,2011.85,mensuelle,carte,AG-PR-004,2018-11-05,2020-04-02,,,
principal,CLI-00184914,Mme,Sophie,Campbell,2000-02-22,F,fr,2770,impasse,du Havre,Sud,,Sherbrooke,QC,Québec,1K 1T8,CA,campbell680@gmail.example,+1-367-555-0172,CTR-1000184914,habitation,2021-01-07,2023-03-19,résilié,1227.70,mensuelle,prélèvement,AG-PR-007,2020-12-26,2025-02-25,,,
principal,CLI-00184930,M.,Jacques,Roy,1992-09-28,M,fr,7523,chemin,des Trilliums,,,Shawinigan,QC,Québec,G9N 5V8,CA,roy2926@yahoo.example,+1-581-555-0179,CTR-1000184930,habitation,2022-07-14,2026-11-27,actif,1676.58,mensuelle,chèque,AG-PR-005,2022-06-20,2024-01-20,,,
principal,CLI-00185096,Mme,Mila,Roberts,1997-06-20,F,en,8018,Street,Oak,,,Hamilton,ON,Ontario,L8P 6N9,CA,mila.roberts@outlook.example,+1-807-555-0166,CTR-1000185096,habitation,2019-11-09,2026-11-23,actif,2155.09,mensuelle,prélèvement,AG-PR-003,2019-10-25,2024-11-25,,,
principal,CLI-00185264,Mme,Willow,Lavoie,1950-07-09,F,en,1777,Drive,School,,,Brossard,QC,Québec,J4Y 4A3,CA,willow.lavoie@outlook.example,+1-514-555-0164,CTR-1000185264,voyage,2020-02-12,2021-08-27,expiré,422.87,mensuelle,prélèvement,AG-PR-005,2020-02-06,2024-08-20,2020-05-19,6722.10,ouvert
principal,CLI-00185301,Mme,Julie,Cloutier,1976-12-04,F,fr,6921,avenue,du Parc,,,Magog,QC,Québec,J1X 5J3,CA,jul23@hotmail.example,+1-579-555-0130,CTR-1000185301,habitation,2021-06-08,2027-08-25,actif,1976.29,annuelle,carte,AG-PR-002,2021-05-26,2025-12-22,,,
principal,CLI-00185447,Mme,Luna,Garcia,1957-09-24,F,en,4774,Highway,Mill,,224,Vancouver,AB,Alberta,V5K 4K2,CA,luna.garcia@icloud.example,+1-250-555-0193,CTR-1000185447,auto,2020-04-29,2027-05-15,actif,593.05,trimestrielle,virement,AG-PR-002,2020-04-28,2025/04/15,,,
principal,CLI-00185541,Mme,Diane,Bélanger,2003-02-04,F,fr,1976,allée,des Saules,Sud,677,Repentigny,QC,Québec,J6A 8E9,CA,dia79@hotmail.example,+1-581-555-0113,CTR-1000185541,habitation,2022-11-02,2027-01-08,actif,1827.42,mensuelle,carte,AG-PR-001,2022-10-14,2025-05-22,2023-05-21,,ouvert
principal,CLI-00185609,M.,Étienne,Caron,1972-09-15,M,fr,2052,croissant,du Vieux-Pont,,,Repentigny,QC,Québec,J6A 0K0,CA,etienne074@gmail.example,+1-450-555-0123,CTR-1000185609,habitation,2017-08-17,2025-04-29,expiré,394.70,mensuelle,carte,AG-PR-001,2017-07-31,2021-01-11,,,
principal,CLI-00185670,Mme,Emma,Hall,1960-04-22,F,en,2410,Road,Greenfield,,256,London,ON,Ontario,N6A 5W6,CA,hall.emma@hotmail.example,+1-705-555-0134,CTR-1000185670,voyage,2016-10-22,2027-03-10,actif,162.51,mensuelle,prélèvement,AG-PR-006,2016-10-20,2018-03-06,,,
principal,CLI-00185716,M.,Léo,Paquette,1943-06-21,M,fr,3510,avenue,des Champs,Ouest,131,Longueuil,QC,Québec,J4H 1G5,CA,leo_paquette@gmail.example,+1-263-555-0154,CTR-1000185716,voyage,2020-04-13,2026-10-27,suspendu,521.80,mensuelle,virement,AG-PR-002,2020-03-20,2021-10-10,,,
principal,CLI-00000414,M.,Antoine,Gagnon,1946-09-27,M,fr,2769,boulevard,du Lac,,,Québec,QC,Québec,G2B 0B8,CA,gagnon737@outlook.example,+1-418-555-0191,CTR-1000185737,voyage,2021-08-25,2027-05-27,actif,118.04,mensuelle,carte,AG-PR-001,2021-08-05,2026-06-14,,,
principal,CLI-00185827,M.,Ezra,Phillips,2008-05-10,M,en,1854,Way,Forrest,South,,Prince George,BC,Colombie-Britannique,V2L 8R8,CA,ezra.phillips@gmail.example,+1-236-555-0137,CTR-1000185827,vie,2026-09-13,2027-06-01,actif,1173.18,mensuelle,prélèvement,AG-PR-002,2026-09-07,2026-09-14,,,
principal,CLI-00185906,M.,Denis,Simard,1950-10-30,M,fr,6340,boulevard,des Vents,,,Saint-Jean-sur-Richelieu,QC,Québec,J3A 6C5,CA,simard.denis@gmail.example,+1-450-555-0164,CTR-1000185906,auto,2023-07-31,2027-05-26,actif,1199.42,mensuelle,chèque,AG-PR-002,2023-07-14,2024-07-26,,,
principal,CLI-00185931,Mme,Mélanie,Ouellet,1939-11-09,F,fr,6576,rue,des Vents,Ouest,,Montréal,QC,Québec,H4A 7J8,CA,melanie.ouellet@videotron.example,+1-418-555-0142,CTR-1000185931,vie,2017-07-19,2027-04-11,actif,1971.11,mensuelle,prélèvement,AG-PR-001,2017-07-06,2017-11-22,,,
principal,CLI-00186024,M.,Charles,Nadeau,1977-06-02,M,fr,5314,allée,des Pionniers,,,Montréal,QC,Québec,H4A 9W6,CA,charles.nadeau@outlook.example,+1-450-555-0175,CTR-1000186024,vie,2018-04-08,,actif,1805.86,mensuelle,carte,AG-PR-001,2018-03-17,2023-01-13,,,
principal,CLI-00186173,M.,Ezra,Wilson,1949-01-30,M,en,9164,Street,Spring,,,Lethbridge,AB,Alberta,T1J 9T6,ca,ezraw@videotron.example,+1-403-555-0119,CTR-1000186173,auto,2020-09-19,2027-07-06,actif,212.95,trimestrielle,prélèvement,AG-PR-004,2020-09-17,2023-04-15,,,
principal,CLI-00186295,Mme,Amelia,Simard,1979-03-25,F,en,443,Avenue,Birch,,248,Edmonton,AB,Alberta,T6G 0T4,CA,amelia_simard@yahoo.example,+1-825-555-0125,CTR-1000186295,auto,2016-10-14,2027-08-22,actif,598.88,mensuelle,virement,AG-PR-001,2016-10-03,2020-06-19,,,
principal,CLI-00186381,M.,Daniel,Smith,1960-04-14,M,en,6007,Avenue,Forest,,857,Dollard-des-Ormeaux,QC,Québec,H9A 5K7,CA,dsmith@icloud.example,+1-450-555-0129,CTR-1000186381,habitation,2024-08-08,2026-11-25,actif,2408.81,trimestrielle,prélèvement,AG-PR-001,2024-07-22,2024-09-21,,,
principal,CLI-00186435,M.,Antoine,Lachance,1940-07-11,M,fr,7223,place,des Lilas,,,Blainville,QC,Québec,J7C 6W2,CA,antoine_lachance@outlook.example,+1-579-555-0116,CTR-1000186435,auto,2024-04-23,2026-12-18,suspendu,849.98,mensuelle,prélèvement,AG-PR-003,2024-03-24,2025-04-24,2025-06-23,8905.29,en_cours
principal,CLI-00186469,Mme,Florence,Girard,1948-04-18,F,fr,8711,rue,de l'Aube,,361,Sainte-Julie,QC,Québec,J3E 7B9,CA,girard87@hotmail.example,+1-819-555-0154,CTR-1000186469,auto,2019-11-23,2027-02-26,actif,1058.08,mensuelle,prélèvement,AG-PR-002,2019-10-28,2022-01-04,,,
principal,CLI-00186778,Mme,Suzanne,Wong,1974-02-08,F,fr,543,boulevard,des Érables,,990,Shawinigan,QC,Québec,G9P 4C2,CA,wong422@yahoo.example,+1-418-555-0129,CTR-1000186778,habitation,2016-10-17,,actif,2128.25,trimestrielle,prélèvement,AG-PR-001,2016-10-13,2016-11-07,,,
principal,CLI-00186920,M.,André,Boucher,2003-10-29,M,fr,2589,impasse,des Frênes,,,Saint-Jérôme,QC,Québec,J7Y 4J7,CA,andre_boucher@outlook.example,+1-418-555-0116,CTR-1000186920,habitation,2022-06-20,,actif,1699.85,mensuelle,chèque,AG-PR-007,2022-05-25,2026-08-27,,,
principal,CLI-00187111,Mme,Marguerite,Bélanger,1954-02-06,F,fr,440,avenue,du Moulin,,,Québec,QC,Québec,G2B 7L8,CA,marguerite5133@hotmail.example,+1-418-555-0128,CTR-1000187111,voyage,2019-12-17,2026-11-04,actif,189.32,annuelle,prélèvement,AG-PR-002,2019-11-18,2022-06-17,,,
principal,CLI-00187154,Mme,Marguerite,Chen,1999-06-05,F,fr,9054,rue,des Cèdres,Ouest,532,Repentigny,QC,Québec,J5Y 8P3,ca,marguerite608@bell.example,+1-514-555-0103,CTR-1000187154,auto,2021-06-15,2027-04-09,actif,1033.31,trimestrielle,prélèvement,AG-PR-002,2021-06-09,2022-07-17,,,
principal,CLI-00188098,M.,François,Bouchard,1942-11-22,M,fr,5006,montée,du Lac,,997,Terrebonne,QC,Québec,J6W 3G6,CA,francois55@icloud.example,+1-450-555-0155,CTR-1000188098,voyage,2022-02-28,2027-06-09,actif,404.49,mensuelle,carte,AG-PR-006,2022-02-03,2026-08-06,,,
principal,CLI-00188279,M.,Ethan,nAderson,2007-09-12,M,fr,1874,boulevard,des Cèdres,,946,Repentingy,QC,Québec,J5Y 0J4,CA,ethananderson@gmail.example,+1-905-555-0163,CTR-1000188279,habitation,2021-09-19,2025-03-05,expiré,-954.14,trimestrielle,carte,AG-PR-004,2021-08-29,2021-12-07,,,
principal,CLI-00188327,M.,Julian,Wong,1976-08-24,M,en,4834,Lane,Southridge,South,,Waterloo,ON,Ontario,N2J  9N2,CA,wong67@outlook.example,+1-807-555-0152,CTR-1000188327,auto,2024-07-22,2027-08-18,actif,529.07,annuelle,prélèvement,AG-PR-005,2024-07-21,2025-09-15,,,
principal,CLI-00188416,Mme,Manon,Roy,1945-02-12,F,fr,1477,boulevard,des Champs,,,Trois-Rivières,QC,Québec,G8Z 3H5,CA,manonr@outlook.example,+1  581-555-0175,CTR-1000188416,auto,2018-03-04,2027-05-10,actif,356.03,annuelle,chèque,AG-PR-007,2018-02-22,2019-08-03,2026-04-14,27648.48,en_cours
principal,CLI-00188425,Mme,Isabelle,Nadeau,1970-10-05,F,fr,7535,montée,des Cacsades,,,Laval,QC,Québec,H7W 4M5,CA,isabellenadeau@icloud.example,+1-873-555-0161,CTR-1000188425,habitation,2026-07-09,2027-03-23,actif,1681.23,mensuelle,prélèvement,AG-PR-008,2026-07-01,2026-08-07,,,
principal,CLI-00188429,Mme,Monique,Pelletier,2008-08-02,F,fr,8142,route,des Hirondelles,,767,Mascouche,QC,Québec,J7K 2B7,CA,monique-pelletier@bell.example,+1-579-555-0100,CTR-1000188429,auto,2026-09-16,2026-12-09,actif,760.17,trimestrielle,prélèvement,AG-PR-008,2026-09-16,2026/09/16,,,
principal,CLI-00188609,M.,Charles,Gauthier,1963-08-23,M,fr,6524,avenue,du Parc,,,Salaberry-de-Valleyfield,QC,Québec,J6S 8L6,CA,charles070@gmail.example,+1-450-555-0171,CTR-1000188609,habitation,2021-08-16,2026-11-12,actif,2093.35,mensuelle,prélèvement,AG-PR-005,2021-07-21,2022-02-22,,,
principal,CLI-00189002,M.,Gabriel,Bouchard,1986-03-04,M,fr,3793,rue,des Hirondelles,,,Brossard,QC,Québec,J4X 3J0,CA,gab0232@outlook.example,+1-418-555-0189,CTR-1000189002,auto,2026-09-13,,actif,377.47,annuelle,carte,AG-PR-006,2026-08-30,2026-09-15,,,
principal,CLI-00189130,Mme,Charlotte,Anderson,1984-09-15,F,en,953,Avenue,Lakeview,,,London,ON,Ontario,N6G 2X0,CA,charlotte4109@gmail.example,+1-705-555-0192,CTR-1000189130,auto,2018-08-18,,actif,2210.24,mensuelle,prélèvement,AG-PR-004,2018-08-07,2021-10-30,,,
principal,CLI-00189205,Mme,Laurence,Bouchard,1944-02-27,F,fr,6790,avenue,des Hirondelles,Ouest,381,Ottawa,ON,Ontario,K2P 8H1,CA,bouchard08@hotmail.example,+1-705-555-0122,CTR-1000189205,vie,2025-08-23,2025-12-19,expiré,2116.32,mensuelle,carte,AG-PR-004,2025-08-21,2026-01-09,,,
principal,CLI-00189211,Mme,Isabelle,Simard,1995-04-30,F,fr,4610,rang,de la Rivière,,413,Alma,QC,Québec,G8E 2P3,CA,isabelle3182@gmail.example,+1-418-555-0188,CTR-1000189211,voyage,2019-10-22,2027-06-15,actif,228.95,mensuelle,carte,AG-PR-008,2019-10-20,2022-09-01,,,
principal,CLI-00189581,Mme,Audrey,Leclerc,1938-09-23,F,fr,3104,impasse,des Érables,,353,Val-q'Or,QC,Québec,J9P 8M1,CA,audreyleclerc@yahoo.example,+1-418-555-0140,CTR-1000189581,habitation,2016-12-18,2026-12-28,actif,2398.66,mensuelle,prélèvement,AG-PR-001,2016-12-06,2020-01-29,,,
principal,CLI-00189640,Mme,Gabrielle,Boucher,1941-08-10,F,fr,2123,chemin,des Champs,,,Montréal,QC,Québec,H2X 1G2,CA,gabrielle29@hotmail.example,+1-514-555-0172,CTR-1000189640,habitation,2018-10-20,2019-04-05,expiré,1332.85,annuelle,virement,AG-PR-005,2018-10-18,2023-03-07,,,
principal,CLI-00189750,Mme,Sarah-Maude,Wong,1960-10-12,F,fr,7739,promenade,des Peupliers,Nord,,Saint-Jérôme,QC,Québec,J7Z 8X9,CA,sarahmaudew@gmail.example,+1-819-555-0104,CTR-1000189750,auto,2017-06-01,2027-03-17,actif,581.67,mensuelle,prélèvement,AG-PR-001,2017-05-06,2019-08-04,,,
principal,CLI-00189809,Mme,Abigail,Taylor,1938-06-13,F,en,4529,Avenue,School,,,Sydney,NS,Nouvelle-Écosse,B1P 7M2,CA,abigail-taylor@gmail.example,+1-782-555-0196,CTR-1000189809,habitation,2024-08-12,2027-05-17,actif,2970.24,mensuelle,prélèvement,AG-PR-005,2024-07-29,2025-11-11,,,
principal,CLI-00189914,Mme,Suzanne,Fortin,1945-10-12,F,fr,9047,avenue,du Versant,,,Montréal,QC,Québec,H2X 4Y4,CA,fortin.suzanne@yahoo.example,+1-450-555-0106,CTR-1000189914,habitation,2023-06-13,2027-01-02,actif,1687.47,mensuelle_X,prélèvement,AG-PR-007,2023-05-30,2024-11-08,,,
principal,CLI-00189971,Mme,Florence,Lévesque,1957-04-22,F,fr,9683,croissant,du Marais,,,Fredericton,NB,Nouveau-Brunswick,E3B 0E2,CA,flo8890@outlook.example,+1-428-555-0186,CTR-1000189971,habitation,2022-01-01,2027-01-19,actif,1283.36,mensuelle,chèque,AG-PR-004,2021-12-30,2023-04-19,2023-07-24,48329.32,en_cours
principal,CLI-00190041,M.,Martin,Gauthier,1968-05-08,M,fr,4801,boulevard,des Lilas,,,Drummondville,QC,Québec,J2C 9V4,CA,gauthier883@gmail.example,+1-819-555-0137,CTR-1000190041,habitation,2025-07-23,2027-07-17,actif,396.39,mensuelle,prélèvement,AG-PR-001,2025-07-02,2026-09-16,,,
principal,CLI-00190056,M.,Claude,Cloutier,1952-01-22,M,fr,3286,rue,des Bouleaux,,,Longueuil,QC,Québec,J4K 3T7,CA,cloutier.claude@videotron.example,+1-438-555-0148,CTR-1000190056,vie,2022-09-06,2025-11-15,expiré,1363.34,mensuelle,prélèvement,AG-PR-005,2022-08-31,2023-02-24,,,
principal,CLI-00190436,Mme,Isabelle,Beaulieu,1965-03-04,F,fr,7068,promenade,des Sommets,,,Val-d'Or,QC,Québec,J9P 1W6,CA,isabelle25@yahoo.example,+1-438-555-0100,CTR-1000190436,auto,2019-08-08,2026-10-21,actif,1344.14,mensuelle,carte,AG-PR-002,2019-07-24,2025-01-24,,,
principal,CLI-00190875,Mme,Marie-Ève,Boucher,2001-06-28,F,fr,7677,rue,des Vents,,,Shawinigan,QC,Québec,G9N 5G2,CA,marieeveboucher@hotmail.example,+1-438-555-0130,CTR-1000190875,auto,2021-07-05,,actif,904.31,trimestrielle,carte,AG-PR-006,2021-06-26,2026-06-03,2022-05-14,21888.09,fermé
principal,CLI-00190952,Mme,Geneviève,Lewis,1937-03-17,F,fr,358,chemin,des Tulipes,,165,Trois-Rivières,QC,Québec,G8Z 7R7,CA,genevieve2304@hotmail.example,+1-579-555-0151,CTR-1000190952,auto,2019-08-19,2027-01-03,actif,937.45,mensuelle,prélèvement,AG-PR-002,2019-08-07,2024-09-27,,,
principal,CLI-00191326,Mme,Sophie,Cloutier,1957-08-01,F,fr,4228,route,des Cascades,Ouest,,Laval,QC,Québec,H7N 1Y4,CA,sophie.cloutier@hotmail.example,+1-819-555-0108,CTR-1000191326,auto,2022-02-13,,actif,687.76,annuelle,virement,AG-PR-006,2022-01-19,2024-07-24,,,
principal,CLI-00191418,Mme,Olivia,Turner,1993-01-27,F,en,1219,Lane,Willow,West,,Surrey,BC,Colombie-Britannique,V3R 9S4,CA,oliviat@bell.example,+1-250-555-0176,CTR-1000191418,auto,2025-01-02,,actif,552.44,mensuelle,virement,AG-PR-001,2024-12-11,2025-03-16,,,
principal,CLI-00191471,M.,Maxime,Poirier,1943-06-08,M,fr,9832,chemin,du Moulin,,,Sorel-Tracy,QC,Québec,J3R 0E2,CA,maxime210@hotmail.example,+1-873-555-0151,CTR-1000191471,voyage,2017-11-11,2026-04-21,expiré,633.77,mensuelle,carte,AG-PR-001,2017-10-23,2026-04-13,,,
principal,CLI-00191526,Mme,Juliette,Tremblay,1957-04-02,F,fr,3554,boulevard,des Tulipes,Ouest,,Victoriaville,QC,Québec,G6R 2M4,CA,juliette5939@outlook.example,+1-468-555-0153,CTR-1000191526,habitation,2024-11-23,2027-06-01,actif,1958.04,mensuelle,prélèvement,AG-PR-002,2024-11-04,2026-02-11,,,
principal,CLI-00191728,Mme,Louise,Nadeau,1975-03-09,F,fr,3095,rue,des Ghais-Bleus,,73,Trois-Rivières,QC,Québec,G9A 3G5,CA,lou994@outlook.example,+1-438-555-0146,CTR-1000191728,habitation,2022-05-27,2027-06-15,actif,1638.85,mensuelle,virement,AG-PR-007,2022-05-24,2023-09-06,,,
principal,CLI-00191915,Mme,Chloe,Johnson,1983-08-06,F,en,3402,Crescent,Lakevieew,,963,Toronto,ON,Ontario,M5V 0X3,CA,johnson1394@gmail.example,+1-807-555-0103,CTR-1000191915,habitation,2027-04-14,2019-07-12,actif,1270.21,mensuelle,prélèvement,AG-PR-001,2019-06-18,2023-03-07,,,
principal,CLI-00192028,M.,André,Gagné,1987-11-26,M,fr,9577,carré,des Tulipes,,,Alma,QC,Québec,G8E 7T3,CA,andre_gagne@hotmail.example,+1-873-555-0122,CTR-1000192028,auto,2017-08-16,,actif,1264.80,mensuelle,carte,AG-PR-004,2017-07-29,2021-10-13,,,
principal,CLI-00192219,M.,Jacques,Lachance,1983-06-21,M,fr,8287,rue,des Jardins,,,Sorel-Tracy,QC,Québec,J3R 4G7,CA,lachance.jacques@gmail.example,+1-873-555-0181,CTR-1000192219,auto,2023-12-26,2024-02-23,expiré,779.56,annuelle,virement,AG-PR-007,2023-12-09,2025-02-13,,,
principal,CLI-0019247,Mme,Caroline,Bouchard,1945-08-07,F,fr,9908,boulevard,des Bouleaux,,565,Laval,qc,Québec,H7W 5R4,CA,caroline55@videotron.example,+1-581-555-0153,CTR-100019247,auto,2022-05-07,2026-12-15,actif,1703.79,mensuelle,carte,AG-PR-004,2022-04-29,2023-03-03,,,
principal,CLI-00192585,Mme,Isabelle,Girard,1953-03-05,F,fr,4161,avenue,de la Colline,,,Brossard,QC,Québec,J4W 7X2,CA,ig344@icloud.example,+1-438-555-0158,CTR-1000192585,voyage,2018-05-01,2027-01-29,actif,256.10,mensuelle,prélèvement,AG-PR-002,2018-04-20,2022-11-30,,,
principal,CLI-00192587,M.,Luc,Plante,1982-12-19,M,fr,6640,route,de l'Anse,,,Montréal,QC,Québec,H3G 1P3,CA,luc4923@videotron.example,+1-367-555-0198,CTR-1000192587,auto,2023-09-25,2025-08-19,expiré,662.08,mensuelle,carte,AG-PR-001,2023-09-11,2024-02-02,,,
principal,CLI-00193062,M.,John,Lee,2002-10-21,M,en,665,Street,Harbour,North,,Laval,QC,Québec,H7N 0X6,CA,johnlee@hotmail.example,+1-438-555-0168,CTR-1000193062,voyage,2025-12-06,2026-06-11,expiré,149.30,annuelle,prélèvement,AG-PR-005,2025-12-02,2026-05-23,2026-03-24,10674.78,fermé
principal,CLI-00193344,M.,daniel,evans,1953-02-02,M,en,8616,Boulevard,highland,,,longueuil,QC,quebec,J4H 2L6,CA,dan1350@hotmail.example,+1-418-555-0127,CTR-1000193344,vie,2020-03-03,2020-10-11,résilié,4181.11,mensuelle,prélèvement,AG-PR-001,2020-02-16,2025-06-17,,,
principal,CLI-00193541,M.,Daniel,Brown,1990-03-10,M,en,7582,Avenue,Riverside,,,Drummondville,QC,Québec,J2B 5P3,CA,brown.daniel@gmail.example,+1-263-555-0175,CTR-1000193541,auto,2021-01-11,2027-08-21,actif,1040.68,annuelle,carte,AG-PR-001,2021-01-07,2024-11-16,2026-09-16,6701.85,fermé
principal,CLI-00193566,M.,Pierre-Luc,Lavoie,1998-12-19,M,fr,2393,avenue,des Épinettes,,64,Montréal,QC,Québec,H4A 1P1,CA,pierreluclavoie@yahoo.example,+1-450-555-0188,CTR-1000193566,habitation,2023-06-27,2027-01-30,actif,1593.81,mensuelle,prélèvement,AG-PR-002,2023-06-09,2024-04-12,,,
principal,CLI-00193750,M.,Pierre,Grenier,2002-03-25,M,fr,8516,rang,de la Vallée,,744,Saguenay,QC,Québec,G7H 3L0,CA,pierre6296@outlook.example,+1-514-555-0183,CTR-1000193750,habitation,2020-11-06,2027-02-04,actif,2765.89,mensuelle,prélèvement,AG-PR-002,2020-10-17,2025-07-13,,,
principal,CLI-00193830,M.,Claude,O'Brien,1945-04-21,M,fr,7166,avenue,des Champs,,152,Shawinigan,QC,Québec,G9T 3R4,CA,claude.obrien@hotmail.example,+1-819-555-0132,CTR-1000193830,auto,2023-10-15,2027-03-05,actif,939.71,mensuelle,carte,AG-PR-006,2023-09-30,2026-01-01,,,
principal,CLI-00193940,Mme,Stéphanie,Li,1987-03-14,F,fr,3035,avenue,des Sommets,,,Terrebonne,QC,Québec,J6W 6A8,CA,ste634@gmail.example,+1-514-555-0178,CTR-1000193940,voyage,2026-07-11,2027-07-14,actif,197.59,semestrielle,prélèvement,AG-PR-008,2026-06-22,2026-06-27,,,
principal,CLI-00194126,Mme,Julie,Pelletier,1966-03-11,F,fr,728,route,des Érables,,,Sherbrooke,QC,Québec,J1H 4P3,CA,jul804@outlook.example,+1-873-555-0133,CTR-1000194126,auto,2022-07-13,2026-10-24,actif,2105.94,mensuelle,virement,AG-PR-005,2022-07-10,2025-08-26,,,
principal,CLI-00194148,M.,Alain,Lefebvre,1974-11-11,M,fr,5594,rang,de la Grande-Allée,Nord,,Lévis,QC,Québec,G6W 0G3,CA,alain.lefebvre@yahoo.example,+1-873-555-0179,CTR-1000194148,voyage,2020-01-22,2027-01-09,actif,204.18,mensuelle,carte,AG-PR-001,2020-01-14,2026-08-23,,,
principal,CLI-00194194,Mme,Valérie,Caron,1992-02-27,F,fr,1259,avenue,des Épinettes,,,Sherbrooke,QC,Québec,J1H 3P6,CA,valerie-caron@gmail.example,+1-514-555-0184,CTR-1000194194,auto,2017-10-02,2024-01-18,expiré,1094.94,mensuelle,prélèvement,AG-PR-003,2017-09-18,2019-07-08,,,
principal,CLI-00194516,Mme,Ava,Evans,1996-04-28,F,en,829,Avenue,Northgate,,920,Moncton,NB,Nouveau-Brunswick,E1C 5P9,CA,avaevans@videotron.example,+1-506-555-0107,CTR-1000194516,voyage,2021-04-14,2027-03-13,actif,195.14,annuelle,virement,AG-PR-001,2021-04-05,2026-02-20,,,
principal,CLI-00194618,M.,Liam,Walker,2001-08-17,M,en,2456,Avenue,Station,,,Moncton,NB,Nouveau-Brunswick,E1A 6Z2,CA,liam.walker@videotron.example,+1-506-555-0115,CTR-1000194618,auto,2020-06-01,2027-01-13,suspendu,1855.43,mensuelle,prélèvement,AG-PR-006,2020-05-31,2022-06-09,,,
principal,CLI-00194958,Mme,Louise,Gonzalez,1937-11-28,F,fr,6681,chemin,du Belvédère,Est,,Salaberry-de-Valleyfield,QC,Québec,J6S 1A1,CA,louisegonzalez@gmail.example,+1-418-555-0172,CTR-1000194958,voyage,2017-11-15,2026-11-18,actif,739.00,mensuelle,carte,AG-PR-002,2017-10-21,2023-04-13,,,
principal,CLI-00195113,M.,Jean-Philippe,Gauthier,1958-11-05,M,fr,8562,boulevard,de la Colline,,,Montréal,QC,Québec,H1A 3P5,CA,jeanphilippe-gauthier@hotmail.example,+1-450-555-0186,CTR-1000195113,auto,2017-05-24,2027-04-21,actif,476.93,trimestrielle,virement,AG-PR-001,2017-05-01,2023-05-11,,,
principal,CLI-00195491,Mme,Luna,White,1956-06-19,F,en,1381,Avenue,MMaple,,399,Blainville,QC,Québec,J7C 9X9,CA,luna587@gmail.example,+1-873-555-0186,CTR-1000195491,auto,2018-06-26,2027-05-18,actif,1368.94,mensuelle,prélèvement,AG-PR-001,2018-06-26,2025-10-21,,,
principal,CLI-00195683,Mme,Zoé,Gagné,1961-09-12,F,fr,6308,rue,des Érables,,,La Tuque,QC,Québec,G9X 1Z8,CA,zoe.gagne@outlook.example,+1-514-555-0183,CTR-1000195683,voyage,2022-02-23,2025-10-05,résilié,650.58,annuelle,virement,AG-PR-004,2022-02-07,2025-03-28,,,
principal,CLI-00195869,M.,Xavier,Turcotte,2001-05-04,M,fr,1081,allée,de la Colline,Est,,Blainville,QC,Québec,J7B 6M3,CA,xavier25@gmail.example,+1-418-555-0116,CTR-1000195869,auto,2025-06-09,2026-10-17,actif,626.72,annuelle,prélèvement,AG-PR-004,2025-06-02,2025-09-14,,,
principal,CLI-00196281,M.,Éric,Leclerc,1954-09-05,M,fr,3858,rue,du Havre,,,Terrebonne,QC,Québec,J6W 2V6,CA,leclerc5241@gmail.example,+1-354-555-0105,CTR-1000196281,habitation,2018-04-05,2027-08-21,actif,2552.15,mensuelle,prélèvement,AG-PR-002,2018-03-22,2020-06-07,,,
principal,CLI-00196463,M.,Nicolas,Thibault,1986-03-08,M,fr,9445,avenue,du Boisé,,,Montréal,QC,Québec,H2X 8W1,CA,nicolasthibault@gmail.example,+1-418-555-0193,CTR-1000196463,auto,2023-11-19,2026-11-14,actif,1691.12,trimestrielle,prélèvement,AG-PR-003,2023-11-16,2024-11-26,,,
principal,CLI-00196930,M.,Michel,Bouchard,1963-12-02,M,fr,236,allée,de l'Écoel,Ouest,,Laval,QC,Québec,H7N 4E5,CA,mic5609@gmail.example,+1-450-555-0187,CTR-1000196930,auto,2021-11-23,,actif,609.52,trimestrielle,prélèvement,AG-PR-006,2021-11-09,2026-02-14,,,
principal,CLI-00196958,Mme,Hazel,Carter,1946-12-04,F,en,1273,Road,Riverside,,,Edmonton,AB,Alberta,T5J 5C6,CA,carter.hazel@yahoo.example,+1-780-555-0131,CTR-1000196958,vie,2025-02-21,2027-01-21,actif,1248.67,mensuelle,prélèvement,AG-PR-002,2025-02-12,2025-11-18,,,
principal,CLI-00196968,Mme,Véronique,Beaulieu,1992-10-14,F,fr,2069,boulevard,des Chênes,,594,Lévis,QC,Québec,G6V 6T4,CA,veronique.beaulieu@hotmail.example,+1-579-555-0180,CTR-1000196968,auto,2021-08-25,2026-11-25,actif,565.22,mensuelle,prélèvement,AG-PR-002,2021-08-23,2021-12-11,,,
principal,CLI-00197066,Mme,Caroline,Bergeron,1951-01-14,F,fr,6179,rue,des Sommets,Nord,,Montréal,QC,Québec,H1A 5Z7,CA,caroline106@gmail.example,+1-418-555-0160,CTR-1000197066,habitation,2025-03-01,2027-07-23,actif,779.78,mensuelle,prélèvement,AG-PR-002,2025-02-08,2025-08-06,,,
principal,CLI-00197076,M.,Luca,Baker,1975-03-25,M,en,1384,Court,Westwood,,,Toronto,ON,Ontario,M6G 7E2,CA,luca.baker@videotron.example,+1-807-555-0193,CTR-1000197076,habitation,2023-06-05,2027-05-03,actif,1885.59,annuelle,prélèvement,AG-PR-002,2023-05-27,2023-10-22,,,
principal,CLI-00197254,Mme,Audrey,Lefebvre,1971-03-12,F,fr,971,rue,des Pins,,655,Saint-Hyacinthe,QC,Québec,J2T 7Z1,CA,audrey_lefebvre@outlook.example,+1-579-555-0191,CTR-1000197254,auto,2021-02-07,2027-08-29,actif,856.25,mensuelle,virement,AG-PR-002,2021-01-18,2024-01-09,,,
principal,CLI-00197802,M.,Serge,Plante,1996-01-27,M,fr,5018,rue,des Geais-Bleus,Ouest,,Montréal,QC,Québec,H2X 3R5,CA,serge3654@outlook.example,+1-581-555-0147,CTR-1000197802,voyage,2025-04-19,,actif,272.76,mensuelle,prélèvement,AG-PR-006,2025-04-07,2026-03-25,,,
principal,CLI-00198171,Mme,Ameelia,White,1943-05-16,F,en,6872,Street,Highland,,,Victoria,BC,Colombie-Britannique,V8W 5X6,CA,ameliawhite@proton.example,+1-250-555-0189,CTR-1000198171,auto,2019-07-30,2027-07-24,actif,169.97,mensuelle,prélèvement,AG-PR-001,2019-07-27,2023-07-13,,,
principal,CLI-00198400,M.,Daniel,Renaud,1959-01-03,M,fr,4490,rang,des Trilliums,,,Montréal,QC,Québec,H1A 0S7,CA,daniel.renaud@gmail.example,+1-354-555-0116,CTR-1000198400,habitation,2017-06-29,2027-04-16,actif,1995.18,mensuelle,prélèvement,AG-PR-004,2017-06-19,2023-02-27,,,
principal,CLI-00198668,Mme,Stéphanie,Caron,1981-07-07,F,fr,4085,route,du Boisé,,626,Terrebonne,QC,Québec,J6X 5J0,CA,scaron@videotron.example,+1-468-555-0129,CTR-1000198668,auto,2025-09-08,2027-01-23,actif,882.34,annuelle,virement,AG-QC-002,2025-08-16,2026-07-13,,,
principal,CLI-00198944,Mme,Caroline,Poirier,1962-06-10,F,fr,326,place,de la Rivière,,103,Montréal,QC,Québec,H4A 5W2,CA,caroline_poirier@videotron.example,+1-579-555-0104,CTR-1000198944,auto,2019-04-11,2027-05-27,actif,1322.59,mensuelle,prélèvement,AG-PR-004,2019-04-01,2026-05-22,,,
principal,CLI-00199111,Mme,Julie,Poulin,1995-08-09,F,fr,7839,rang,des Geais-Bleus,Nord,,Montréal,QC,Québec,H3G 6Z5,CA,julie.poulin@proton.example,+1-450-555-0142,CTR-1000199111,voyage,2024-02-18,2025-02-21,expiré,529.36,mensuelle,prélèvement,AG-PR-003,2024-01-25,2025-03-08,,,
principal,CLI-00199125,M.,Claude,Pelletier,1995-10-25,M,fr,3672,route,des Tulipes,,,Trois-Rivières,QC,Québec,G9A 3Z9,CA,cla69@gmail.example,+1-450-555-0140,CTR-1000199125,voyage,2020-10-14,2025-04-06,expiré,407.53,annuelle,prélèvement,AG-PR-001,2020-10-04,2026-05-08,2024-12-03,13454.29,en_cours
principal,CLI-0019924,Mme,Sophie,Morin,1984-06-16,F,fr,9236,avenue,des Pionniers,,397,Saint-Jean-sur-Richelieu,QC,Québec,J3B 7V6,CA,morin.sophie@videotron.example,+1-579-555-0165,CTR-1000199243,auto,2021-03-09,2027-06-15,actif,1273.39,mensuelle,prélèvement,AG-PR-005,2021-02-12,2025-06-28,2022-10-06,30691.17,ouvert
ontario,ONT0000116,M.,Daniel,Ali,01-01-2006,M,en,3869,Street,Stonebridge,,,Saint-Hyacinthe,QC,Québec,J2T 4J4,CA,daniel397@gmail.example,+1-418-555-0180,CTR-2000000116,auto,05-15-2024,,actif,1163.58,mensuelle,carte,AG-ON-006,04-17-2024,06-09-2025,,,
ontario,ONT0000508,Mme,Elizabeth,Scott,06-02-1974,F,en,9812,Street,Sunset,,,Lévis,QC,Québec,G6W 5M8,CA,scott.elizabeth@outlook.example,+1-450-555-0131,CTR-2000000508,auto,02-04-2025,05-08-2026,résilié,1636.11,mensuelle,prélèvement,AG-ON-002,01-31-2025,08-19-2026,05-23-2025,18436.09,fermé
ontario,ONT0000556,M.,Alexander,Carter,11-10-1985,M,en,1741,Terrace,Mountainview,North,,Toronto,ON,Ontario,M5V 1S0,CA,ale3108@gmail.example,+1-807-555-0177,CTR-2000000556,auto,09-27-2018,01-14-2027,actif,1245.55,mensuelle,prélèvement,AG-ON-002,09-23-2018,06-12-2020,,,
ontario,ONT0000860,M.,Elijah,Clarkk,05-06-1969,M,en,9687,Boulevard,Forest,,,Brampton,ON,Ontario,L6X 8V2,CA,eli91@gmail.example,+1-705-555-0131,CTR-2000000860,habitation,11-12-2025,05-20-2026,expiré,1544.57,mensuelle,virement,AG-ON-001,11-12-2025,11-20-2025,,,
ontario,ONT0000920,Mme,Marie-Claude,Thibault,12-18-1955,F,fr,8222,chemin,de la Traverse,Nord,,Toronto,ON,Ontario,M6G 1K6,CA,thibault534@icloud.example,+1-226-555-0185,CTR-2000000920,habitation,07-28-2018,09-29-2019,résilié,1448.59,annuelle,carte,AG-ON-001,06-30-2018,07-20-2023,,,
ontario,ONT0001607,M.,Daniel,Lopez,12-17-1936,M,en,9276,Highway,Orchard,,748,Hamilton,ON,Ontario,L8S 3R4,CA,dan6330@gmail.example,+1-437-555-0107,CTR-2000001607,auto,07-16-2025,,actif,1264.23,mensuelle,carte,AG-ON-001,06-25-2025,03-08-2026,,,
ontario,ONT0001824,M.,Jean-François,Singh,07-10-1983,M,fr,8335,chemin,des Laurentides,,,Brampton,ON,Ontario,L6Y 6X6,CA,js990@videotron.example,+1-249-555-0129,CTR-2000001824,auto,01-21-2017,10-13-2021,expiré,1057.45,mensuelle,virement,AG-ON-002,01-01-2017,07-28-2026,,,
ontario,ONT0001863,M.,Nicolas,Côté,08-19-1955,M,fr,495,côte,des Trilliums,,,Toronto,ON,Ontario,M5V 7H7,CA,nc19@outlook.example,+1-742-555-0109,CTR-2000001863,vie,12-04-2017,03-07-2027,actif,2911.69,mensuelle,virement,AG-ON-006,11-11-2017,09-20-2023,,,
ontario,ONT0001934,M.,Philippe,Taylor,03-09-1985,M,fr,2338,rang,du Parc,,,Mirabel,QC,Québec,J7J 2Y8,CA,philippe-taylor@rogers.example,+1-581-555-0109,CTR-2000001934,auto,11-07-2025,,actif,618.32,annuelle,virement,AG-ON-001,10-14-2025,12-07-2025,,,
ontario,ONT0002099,Mme,Gabrielle,Morin,01-29-1950,F,fr,2370,chemin,des Sommets,Sud,782,Toronto,ON,Ontario,M6G 5V5,CA,gabrielle073@gmail.example,+1-613-555-0147,CTR-2000002099,habitation,07-17-2025,10-31-2026,actif,696.60,trimestrielle,prélèvement,AG-ON-001,06-26-2025,05-14-2026,,,
ontario,ONT0002206,M.,Ryan,Johnson,02-26-1995,M,en,9969,Drive,Mill,,,Toronto,ON,Ontario,M4W 7R8,CA,ryan_johnson@gmail.example,+1-519-555-0123,CTR-2000002206,auto,02-17-2025,12-25-2026,actif,1373.38,mensuelle,prélèvement,AG-ON-004,01-23-2025,07-02-2025,05-07-2025,11562.02,en_cours
ontario,ONT0002409,Mme,Chloe,Taylor,07-04-1985,F,en,1220,Street,Willow,,,Châteauguay,QC,Québec,J6K 6V5,CA,chloe.taylor@videotron.example,+1-579-555-0147,CTR-2000002409,auto,02-17-2021,07-31-2027,actif,1530.46,mensuelle,prélèvement,AG-ON-006,02-07-2021,11-30-2024,,,
ontario,ONT0002696,M.,Chloe,hWite,02-11-2005,M,en,5767,Road,Seabreeze,,,Toronto,ON,Ontario,M5V 0T3,CA,chloe953@gmail.example,+1-519-555-0155,CTR-2000002696,vie,04-13-2026,07-11-2020,résilié,2217.81,mensuelle,chèque,AG-ON-006,07-03-2020,08-21-2023,,,
ontario,ONT0003330,Mme,Violet,Marquis,12-08-1988,F,en,7520,Court,Highland,South,833,Ottawa,ON,Ontario,K1P 0P2,CA,vio36@gmail.example,+1-905-555-0121,CTR-2000003330,voyage,05-22-2024,10-28-2026,actif,411.44,mensuelle,prélèvement,AG-ON-005,05-21-2024,04-12-2025,,,
ontario,ONT0003501,M.,Michael,Johnson,10-23-1996,M,en,6874,Crescent,Willow,,482,Toronto,ON,Ontario,M5V 6J4,CA,johnson554@gmail.example,+1-519-555-0114,CTR-2000003501,auto,03-23-2017,05-31-2027,actif,987.09,mensuelle,carte,AG-ON-004,02-27-2017,10-15-2025,,,
ontario,ONT0003563,Mme,Emily,Collins,01-18-1944,F,en,6208,Street,Brookside,South,,Mississauga,ON,Ontario,L5B 5C1,CA,collins.emily@gmail.example,+1-683-555-0150,CTR--2000003563,habitation,08-19-2026,09-06-2026,résilié,1459.39,annuelle,prélèvement,AG-ON-003,07-24-2026,07-25-2026,,,
ontario,ONT0003620,M.,Louis-Philippe,Lapointe,01-04-1994,M,fr,2158,boulevard,des Laurentides,,665,Grand Sudbury,ON,Ontario,P3E 7R9,CA,louisphilippe41@gmail.example,+1-382-555-0196,CTR-2000003620,habitation,07-21-2024,08-10-2027,actif,1765.03,mensuelle,prélèvement,AG-ON-003,06-30-2024,08-31-2025,,,
ontario,ONT0003634,Mme,Emma,Proulx,02-02-1993,F,en,3982,Road,Meadow,,417,Grand Sudbury,ON,Ontario,P3A 0K8,CA,proulx.emma@outlook.example,+1-753-555-0197,CTR-2000003634,auto,03-23-2018,11-13-2026,actif,659.13,mensuelle,prélèvement,AG-ON-002,03-02-2018,07-11-2023,,,
ontario,ONT0003721,M.,Owen,Ward,10-17-1946,M,en,5688,Court,Clearwater,,,Mississauga,ON,Ontario,L5B 2T3,CA,owen88@yahoo.example,+1-343-555-0163,CTR-2000003721,voyage,10-15-2020,01-30-2027,actif,379.33,annuelle,prélèvement,AG-ON-001,09-24-2020,01-21-2026,,,
ontario,ONT0003722,M.,John,Scott,12-18-1974,M,en,180,Drive,Lakeview,,,Grand Sudbury,ON,Ontario,P3A 9L4,CA,scott.john@outlook.example,+1-683-555-0114,CTR-2000003722,auto,07-13-2018,07-10-2021,expiré,1673.10,mensuelle,prélèvement,AG-ON-004,06-25-2018,02-01-2019,,,
ontario,ONT0004287,Mme,Camila,King,01-03-1992,F,en,305,Road,Eastwood,,439,Ottawa,ON,Ontario,K2P 0N8,CA,ck26@hotmail.example,+1-613-555-0170,CTR-2000004287,habitation,09-08-2022,12-27-2026,actif,839.80,annuelle,prélèvement,AG-ON-002,08-16-2022,01-20-2025,,,
ontario,ONT0004305,Mme,Gianna,Smith,08-20-1941,F,en,3304,Avenue,Maple,South,570,Toronto,ON,Ontario,M5V 0K3,CA,giannasmith@hotmail.example,+1-365-555-0153,CTR-2000004305,vie,01-02-2017,12-17-2019,expiré,1468.83,annuelle,prélèvement,AG-ON-001,12-08-2016,12-08-2021,,,
ontario,ONT0004347,Mme,Violet,Adams,12-01-1980,F,en,7067,Lane,Spring,,,Edmonton,AB,Alberta,T6G 4Z4,CA,violet.adams@hotmail.example,+1-587-555-0181,CTR-2000004347,auto,01-03-2026,10-28-2026,actif,1673.81,mensuelle,prélèvement,AG-ON-005,12-31-2025,02-04-2026,,,
ontario,ONT0004620,Mme,Elizabeth,Ward,05-02-1983,F,en,9672,Street,Westwood,,260,Québec,QC,Québec,G1R 3T4,CA,elizabeth.ward@hotmail.example,+1-579-555-0118,CTR-2000004620,habitation,01-23-2020,11-19-2026,actif,1962.51,mensuelle,virement,AG-ON-001,01-19-2020,08-21-2022,,,
ontario,ONT0004892,M.,Mason,Clark,05-20-1971,M,en,3782,Avenue,Harbour,,458,London,ON,Ontario,N6G 9Z0,CA,mason_clark@videotron.example,+1-705-555-0194,CTR-2000004892,voyage,12-20-2021,01-19-2023,expiré,374.83,mensuelle,chèque,AG-ON-004,11-24-2021,07-13-2024,,,
ontario,ONT0004923,M.,Lucas,Girard,12-07-1937,M,en,6810,Lane,Kingfisher,,,Ottawa,ON,Ontario,K2P 7X7,CA,lucas.girard@proton.example,+1-705-555-0131,CTR-2000004923,vie,02-19-2026,08-31-2027,actif,1064.88,mensuelle,prélèvement,AG-ON-003,02-16-2026,05-18-2026,,,
ontario,ONT0005140,M.,James,Clark,07-26-1974,M,en,3040,Drive,Clearwater,South,,aSint-Jean-sur-Richelieu,QC,Québec,J3B 2M6,CA,james.clark@outlook.example,+1-450-555-0109,CTR-2000005140,auto,09-04-2022,06-22-2027,actif,1943.86,mensuelle,prélèvement,AG-ON-001,09-04-2022,10-06-2022,09-16-2022,,en_cours
ontario,ONT0005291,M.,Alexandre,Roy,05-12-1995,M,fr,6541,rang,des Champs,,,Grand Sudbury,ON,Ontario,P3E 1H5,CA,ar424@hotmail.example,+1-519-555-0193,CTR-2000005291,voyage,11-19-2017,11-11-2026,actif,242.28,annuelle,carte,AG-ON-005,11-12-2017,10-14-2023,,,
ontario,ONT0005640,M.,William,Johnson,12-28-1995,M,en,1067,Avenue,Rosewood,East,,Mississauga,ON,Ontario,L5B 1M5,CA,william.johnson@videotron.example,+1-705-555-0165,CTR-2000005640,auto,12-23-2022,11-11-2026,actif,2319.42,mensuelle,carte,AG-ON-006,11-29-2022,09-25-2025,,,
ontario,ONT0006074,Mme,Ella,Cox,08-01-1948,F,en,2991,Lane,Greenfield,,,Ottawa,ON,Ontario,K2P 6H6,CA,ella.cox@gmail.example,+1-742-555-0133,CTR-2000006074,auto,02-18-2018,,actif,773.44,mensuelle,carte,AG-ON-001,01-23-2018,07-30-2025,,,
ontario,ONT0006105,M.,Nicolas,Morin,10-18-2000,M,fr,6196,rang,des Lilas,,,Brampton,ON,Ontario,L6Y 5R4,CA,nicolas9235@gmail.example,+1-519-555-0162,CTR-2000006105,voyage,06-15-2020,01-19-2027,actif,444.90,mensuelle,virement,AG-PR-001,05-19-2020,10-12-2021,,,
ontario,ONT0006139,M.,Noah,Johnson,07-08-1985,M,en,8579,Place,Kingfisher,West,,Mississauga,ON,Ontario,L5B 1N4,CA,noah3930@outlook.example,+1-807-555-0165,CTR-2000006139,auto,09-17-2020,09-10-2027,actif,391.28,mensuelle,carte,AG-ON-002,08-19-2020,08-29-2021,,,
ontario,ONT0006143,M.,Owen,Wilson,03-19-1966,M,en,4487,Road,Maple,,,Grand Sudbury,ON,Ontario,P3E 5T0,CA,wilson418@gmail.example,+1-905-555-0122,CTR-2000006143,voyage,03-09-2022,05-23-2027,actif,359.66,mensuelle,carte,AG-ON-006,02-12-2022,04-10-2024,,,
ontario,ONT0006301,M.,Asher,Thompson,07-14-1993,M,en,7041,Boulevard,Kingfisher,,,Mississauga,ON,Ontario,L5G 5Y3,CA,asher.thompson@proton.example,+1-807-555-0186,CTR-2000006301,vie,11-07-2022,10-26-2026,actif,3454.47,annuelle,prélèvement,AG-ON-005,10-30-2022,10-24-2024,,,
ontario,ONT0006371,Mme,Sofia,Stewart,09-28-1968,F,en,9713,Drive,Mill,,676,Sherbrooke,QC,Québec,J1H 1J2,CA,sofia6247@videotron.example,+1-418-555-0171,CTR-2000006371,habitation,07-13-2026,09-02-2026,résilié,1282.10,mensuelle,carte,AG-ON-004,06-23-2026,08-25-2026,08-03-2026,,en_cours
ontario,ONT0006968,M.,David,Taylor,03-22-1967,M,en,9578,Avenue,Willow,,,Longueuil,QC,Québec,J4K 8L6,CA,david_taylor@icloud.example,+1-514-555-0102,CTR-2000006968,auto,01-01-2020,12-26-2026,actif,1059.10,mensuelle,prélèvement,AG-ON-001,12-23-2019,06-02-2022,,,
ontario,ONT0007108,M.,Hudson,King,07-10-2001,M,en,6246,Road,Maple,,,Montréal,QC,Québec,H4A 1K3,CA,hudsonking@icloud.e  xample,+1-514-555-0142,CTR-2000007108,auto,10-06-2024,03-06-2025,expiré,2066.23,mensuelle,prélèvement,AG-ON-004,09-26-2024,11-22-2024,,,
ontario,ONT0007284,M.,lucas,collins,10-04-1948,M,en,5278,Crescent,forest,,,toronto,ON,ontario,M6G 3T3,CA,the189@gmail.example,+1-807-555-0107,CTR-2000007284,voyage,02-27-2017,07/23/2027,actif,339.15,mensuelle,virement,AG-ON-001,02-15-2017,10-26-2025,,,
ontario,ONT0007378,Mme,Penelope,Smith,07-14-1952,F,en,5975,Avenue,Market,North,798,Ottawa,ON,Ontario,K2P 3N0,CA,penelopes@bell.example,+1-416-555-0161,CTR-2000007378,auto,02-21-2019,03-20-2027,actif,1024.36,mensuelle,virement,AG-ON-004,02-19-2019,03-01-2023,,,
ontario,ONT0008048,M.,Benjamin,Turner,07-19-1965,M,en,6719,Lane,Cedar,,,Vancouver,BC,Colombie-Britannique,V5K 6X2,CA,turner.benjamin@outlook.example,+1-250-555-0196,CTR-2000008048,habitation,03-21-2023,05-17-2027,actif,2639.73,mensuelle,prélèvement,AG-ON-001,03-18-2023,05-19-2024,,,
ontario,ONT0008180,Mme,Hazel,Li,02-28-2002,F,en,6370,Street,Lakeview,North,,Toronto,ON,Ontario,M5V 1W7,CA,hazel57@gmail.example,+1-613-555-0121,CTR-2000008180,auto,01-22-2023,10-27-2026,suspendu,1480.63,mensuelle,virement,AG-ON-001,01-15-2023,07-22-2023,,,
ontario,ONT0008240,Mme,Caroline,Lee,09-10-1974,F,fr,8828,autoroute,du Boisé,Est,,Waterloo,ON,Ontario,N2L 2A1,CA,lee.caroline@hotmail.example,+1-705-555-0188,CTR-2000008240,auto,06-12-2020,,actif,1600.45,annuelle,prélèvement,AG-ON-004,05-26-2020,06-29-2022,,,
ontario,ONT0008290,Mme,Willow,Morin,04-03-1985,F,en,8584,Crescent,Oak,,,Toronto,ON,Ontario,M5V 1V6,CA,willow_morin@bell.example,+1-548-555-0138,CTR-2000008290,habitation,08-04-2020,04-20-2027,actif,1178.16,mensuelle,prélèvement,AG-ON-003,07-29-2020,09-09-2020,,,
ontario,ONT0008413,M.,Liam,Fernandes,05-02-1942,M,en,6520,Drive,Willow,,52,Ottawa,ON,Ontario,K1P 0L9,CA,liamfernandes@videotron.example,+1-753-555-0199,CTR-2000008413,habitation,10-10-2017,08-07-2027,actif,2586.11,mensuelle,chèque,AG-ON-003,09-13-2017,12-08-2020,,,
ontario,ONT0008601,M.,Leo,White,02-12-1969,M,en,3486,Avenue,Maple,,756,Toronto,ON,Ontario,M4W 7T8,CA,leowhite@outlook.example,+1-249-555-0142,CTR-2000008601,auto,05-24-2022,,actif,972.82,trimestrielle,chèque,AG-ON-002,04-25-2022,07-08-2025,08-16-2022,23969.80,en_cours
ontario,ONT0008977,M.,Julian,Lewis,03-31-1956,M,en,7554,Parkway,Willow,,,Brampton,ON,Ontario,L6X 3C1,CA,julian.lewis@outlook.example,+1-647-555-0134,CTR-2000008977,habitation,11-20-2025,,actif,2902.57,mensuelle,carte,AG-ON-006,11-18-2025,04-09-2026,,,
ontario,ONT0009037,Mme,Luna,Rodriguez,02-05-1946,F,en,4623,Street,School,West,520,Lava  l,QC,Québec,H7W 8X7,CA,rodriguez64@outlook.example,+1-579-555-0111,CTR-2000009037,habitation,03-26-2018,05-23-2027,actif,2177.91,mensuelle,prélèvement,AG-ON-001,03-11-2018,06-03-2019,,,
ontario,ONT0009108,Mme,Abigail,Lopez,07-04-1983,F,en,3920,Avenue,Highland,,,Ottawa,ON,Ontario,K2P 4T3,CA,abigail.lopez@yahoo.example,+1-905-555-0197,CTR-2000009108,habitation,13-40-2026,08-31-2027,actif,1472.80,mensuelle,prélèvement,AG-ON-002,02-25-2017,03-16-2018,,,
ontario,ONT000933,M.,Henry,Ouellet,04-27-1939,M,en,9687,Way,Station,,,Hamilton,ON,Ontario,L8P 3L8,CA,houellet@outlook.example,+1-905-555-0153,CTR-2000009334,auto,02-08-2022,02-04-2027,actif,1183.23,mensuelle,carte,AG-ON-001,02-07-2022,05-04-2022,,,
ontario,ONT0009624,M.,Martin,Bouchard,06-30-2005,M,fr,8260,rang,des Saules,,,Toronto,ON,Ontario,M6G 0P5,CA,bouchard7263@proton.example,+1-416-555-0178,CTR-2000009624,habitation,05-04-2025,03-22-2027,actif,1827.13,mensuelle,prélèvement,AG-ON-001,04-23-2025,09-19-2025,,,
ontario,ONT0009639,M.,William,Thompson,11-29-1998,M,en,123,Street,Valleyview,North,,Toronto,ON,Ontario,M6G 6L9,CA,william638@yahoo.example,+1-437-555-0194,CTR-2000009639,habitation,10-20-2019,04-22-2027,suspendu,2597.77,mensuelle,virement,AG-ON-001,10-08-2019,01-14-2023,,,
ontario,ONT0009700,Mme,Emma,Wilson,01-31-1963,F,en,2664,Highway,Valleyview,North,,Hamilton,ON,Ontario,L8P 7L5,CA,lucas.taylor@icloud.example,+1-613-555-0157,CTR-2000009700,voyage,10-08-2020,12-11-2026,actif,291.52,trimestrielle,carte,AG-ON-002,09-13-2020,11-20-2023,,,
ontario,ONT0009772,Mme,Aria,hillips,09-14-2004,F,en,9753,Avenue,Sunset,,,Rouyn-Noranda,QC,Québec,J9Y 2A0,CA,aria_phillips@gmail.example,+1-438-555-0142,CTR-2000009772,vie,05-26-2026,12-24-2026,actif,4223.88,trimestrielle,virement,AG-ON-005,04-26-2026,05-30-2026,,,fermé
ontario,ONT0009927,Mme,Elizabeth,White,01-10-1943,F,en,4605,Avenue,School,,285,Brampton,ON,Ontario,L6Y 9E8,CA,elizabeth_white@yahoo.example,+1-613-555-0187,CTR-2000009927,auto,07-05-2024,08-29-2027,actif,1137.64,annuelle,virement,AG-ON-001,06-15-2024,07-22-2026,,,
ontario,ONT0010053,Mme,Grace,Wright,07-05-1995,F,en,6293,Lane,Kingfisher,,134,Brampton,ON,Ontario,L6X 4S4,CA,grace.wright@videotron.example,+1-905-555-0143,CTR-2000010053,auto,12-17-2017,08-16-2027,actif,1438.03,annuelle,virement,AG-ON-004,11-26-2017,12-31-2021,04-15-2026,31118.87,fermé
ontario,ONT0010755,M.,Elias,Roy,12-05-1974,M,en,7882,Drive,Cedar,,91,Rimouski,QC,Québec,G5M 3C2,CA,elias.roy@hotmail.example,+1-438-555-0125,CTR-2000010755,voyage,04-04-2021,09-15-2027,actif,-573.60,semestrielle,prélèvement,AG-ON-001,03-07-2021,02-21-2022,,,
ontario,ONT0011035,M.,Ezra,Taylor,11-20-1950,M,en,7692,Boulevard,Lakeview,West,,Brampton,ON,Ontario,L6X 3C3,CA,ezra-taylor@outlook.example,+1-289-555-0174,CTR-2000011035,auto,07-28-2025,02-05-2027,actif,429.65,mensuelle,carte,AG-ON-001,07-18-2025,10-08-2025,,,
ontario,ONT0011223,Mme,Ni  cole,Gagnon,11-16-1982,F,fr,2745,rue,des Peupliers,,,Toronto,ON,Ontario,M4W 9S9,CA,gagnon872@gmail.example,+1-416-555-0102,CTR--2000011223,habitation,09-01-2026,06-08-2027,actif,1866.73,annuelle,carte,AG-ON-003,08-28-2026,09-13-2026,,,
ontario,ONT0011255,Mme,Charles,Rahman,07-22-1940,F,fr,4675,rue,des Tulipes,Est,,Toronto,ON,Ontario,M6G 7K4,CA,sr73@gmail.example,+1-519-555-0158,CTR-2000011255,auto,05-24-2021,,actif,1332.57,mensuelle,carte,AG-ON-001,05-03-2021,01-23-2023,03-28-2024,,en_cours
ontario,ONT0011370,Mme,Isabella,Smith,04-24-1939,F,en,126,Avenue,Silverwood,,,Toronto,ON,Ontario,M6G 9A0,CA,isabella90@outlook.example,+1-705-555-0140,CTR-2000011370,voyage,04-16-2022,04-26-2027,actif,133.40,annuelle,prélèvement,AG-ON-005,03-19-2022,02-18-2023,,,
ontario,ONT0011650,Mme,Hazel,Clark,01-16-1996,F,en,4969,Lane,Spring,South,,Ottawa,ON,Ontario,K2P 5N3,CA,hazel.clark@icloud.example,+1-807-555-0142,CTR-2000011650,habitation,06-03-2023,02-10-2027,actif,1459.67,annuelle,carte,AG-ON-004,05-21-2023,07-13-2024,02-15-2026,42841.91,rejeté
ontario,ONT0012231,Mme,Lily,Thompson,09-07-1955,F,en,3199,Street,Parkside,,,Toronto,ON,Ontario,M4W 0S6,CA,lil57@outlook.example,+1-226-555-0126,CTR-2000012231,auto,03-25-2021,06-16-2027,actif,1001.48,trimestrielle,prélèvement,AG-ON-001,02-26-2021,07-12-2021,,,
ontario,ONT0012867,M.,Levi,Wilson,02-02-1975,M,en,7708,Terrace,Birch,North,,London,ON,Ontario,N6A 0B9,CA,lev5736@gmail.example,+1-613-555-0125,CTR-2000012867,habitation,03-26-2017,02-07-2027,actif,1289.62,annuelle,virement,AG-ON-005,02-28-2017,10-29-2022,,,
ontario,ONT0012992,Mme,Stéphanie,Hébert,04-10-1942,F,fr,489,rang,des Cèdres,,,Ottawa,ON,Ontario,K2P 2G3,CA,ste0320@outlook.example,+1-226-555-0140,CTR-2000012992,habitation,06-22-2025,,actif,1545.81,trimestrielle,carte,AG-ON-001,06-17-2025,02-21-2026,,,
ontario,ONT0013531,Mme,Evelyn,Taylor,05-23-1945,F,en,2679,Avenue,Highland,,122,London,ON,Ontario,N6A 5P3,CA,evelyn9834@outlook.example,+1-519-555-0143,CTR-2000013531,auto,02-12-2017,06-01-2027,actif,1254.21,mensuelle,carte,AG-ON-001,01-17-2017,05-18-2020,,,
ontario,ONT0013632,Mme,Catherine,Boucher,01-19-2006,F,fr,8914,avenue,du Parc,,364,Mississauga,ON,Ontario,L5G 3R7,CA,cat12@proton.example,+1-905-555-0172,CTR-2000013632,auto,08-02-2025,,actif,517.63,annuelle,carte,AG-ON-002,07-06-2025,01-30-2026,,,
ontario,ONT0013712,M.,Louis,Landry,08-17-1977,M,fr,4355,rue,des Vents,,777,Québec,QC,Québec,G2B 5T8,CA,louis609@gmail.example,+1-450-555-0102,CTR-2000013712,vie,01-16-2026,08-22-2027,actif,789.61,mensuelle,virement,AG-ON-005,12-27-2025,03-13-2026,,,
ontario,ONT0014341,Mme,Olivia,Taylor,07-12-1964,F,en,1352,Boulevard,Maple,,665,London,ON,Ontario,N6A 6Z7,CA,taylor846@outlook.example,+1-343-555-0175,CTR-2000014341,auto,03-03-2022,05-09-2027,suspendu,1076.85,mensuelle,prélèvement,AG-ON-004,02-22-2022,02-04-2023,,,
ontario,ONT0014687,M.,Jack,Brown,10-01-1998,M,en,9278,Trail,Pine,North,738,Montréal,QC,Québec,H1A 2E9,CA,jack850@hotmail.example,+1-514-555-0173,CTR-2000014687,habitation,01-01-2024,06-16-2027,actif,1313.40,mensuelle,prélèvement,AG-ON-006,12-30-2023,10-04-2024,09-13-2025,,en_cours
ontario,ONT0014952,M.,Liam,Anderson,11-09-1939,M,en,5001,Court,Meadow,,379,Ottawa,ON,Ontario,K2P 5R4,CA,liama@outlook.example,+1-613-555-0139,CTR-2000014952,auto,04-06-2025,02-24-2027,actif,1178.60,mensuelle,chèque,AG-ON-006,03-09-2025,04-09-2026,05-02-2025,9391.65,fermé
ontario,ONT0014990,Mme,Sofia,Ahmed,08-08-1950,F,en,5152,Avenue,Redwood,,,Grand Sudbury,ON,Ontario,P3E 7Y9,CA,sofia.ahmed@hotmail.example,+1-742-555-0128,CTR-2000014990,voyage,04-10-2019,,actif,690.46,mensuelle,prélèvement,AG-ON-005,03-31-2019,09-30-2020,,,
ontario,ONT0015049,M.,Luca,Thompson,02-25-1996,M,en,4588,Street,Westwood,,718,Toronto,ON,Ontario,M5V 4W3,CA,lucathompson@proton.example,+1-519-555-0167,CTR-2000015049,habitation,11-17-2023,,actif,1178.68,mensuelle,prélèvement,AG-ON-002,11-13-2023,10-28-2025,,,
ontario,ONT0015211,M.,Logan,Johnson,11-17-1968,M,en,5339,Drive,Church,,,Brampton,ON,Ontario,L6Y 0T5,CA,logan_johnson@hotmail.example,+1-807-555-0123,CTR-2000015211,vie,06-16-2020,07-15-2024,résilié,2247.49,mensuelle,prélèvement,AG-ON-004,06-04-2020,08-15-2023,,,
ontario,ONT0015396,M.,James,Li,12-21-1952,M,en,114,Street,Oak,North,,Surrey,BC,Colombie-Britannique,V3R 4N3,CA,james.li@proton.example,+1-778-555-0170,CTR-2000015396,habitation,06-04-2021,03-29-2025,expiré,2227.03,mensuelle,carte,AG-ON-006,05-05-2021,11-03-2024,,,
ontario,ONT0015428,M.,Levi,Smith,06-11-1974,M,en,435,Boulevard,Rosewood,,708,Ottawa,ON,Ontario,K1P 1Y6,CA,lev5880@videotron.example,+1-647-555-0166,CTR-2000015428,auto,01-14-2020,12-05-2026,actif,742.04,mensuelle,prélèvement,AG-ON-002,01-09-2020,06-20-2026,08-11-2021,13968.96,fermé
ontario,ONT0015447,Mme,Sophia,White,09-17-1986,F,en,5830,Drive,Riverside,,889,Mississauga,ON,Ontario,L5G 4Y4,CA,sophia545@hotmail.example,+1-705-555-0160,CTR-2000015447,habitation,01-19-2017,,actif,1110.77,annuelle,carte,AG-ON-004,01-11-2017,07-16-2022,,,
ontario,ONT0015460,Mme,Gianna,White,06-01-1978,F,en,9771,Road,Southridge,,,Hamilton,ON,Ontario,L8S 6J4,CA,white711@icloud.example,+1-905-555-0185,CTR-2000015460,vie,09-11-2027,01-11-2026,actif,1938.11,annuelle,prélèvement,AG-ON-001,01-05-2026,01-05-2026,,,
ontario,ONT0015469,Mme,Eleanor,Tremblay,03-09-2000,F,en,8143,Street,Harbour,,,Montréal,QC,Québec,H3G 7S3,CA,eleanor_tremblay@hotmail.example,+1-514-555-0159,CTR-2000015469,habitation,02-11-2020,07-10-2027,actif,1043.13,annuelle,prélèvement,AG-ON-005,01-29-2020,03-20-2020,,,
ontario,ONT0015796,Mme,Émilie,Thompson,06-25-1940,F,fr,408,rue,du Moulin,,,Longueuil,QC,Québec,J4H 9S3,CA,emilie.thompson@gmail.example,+1-450-555-0139,CTR-2000015796,habitation,01-21-2020,08-02-2027,actif,999.32,annuelle,prélèvement,AG-ON-004,12-30-2019,05-06-2021,,,
ontario,ONT0016086,M.,Owen,Brown,03-21-1965,M,en,356,Parkway,Meadow,,284,Ottawa,ON,Ontario,K2P 7V0,CA,owenbrown@gmail.example,+1-647-555-0111,CTR-2000016086,vie,09-27-2023,10-16-2026,actif,1710.02,trimestrielle,carte,AG-ON-001,09-14-2023,03-31-2025,,,
ontario,ONT0016848,Mme,Aria,Lee,02-27-1949,F,en,4478,Road,Hillcrest,,,Waterloo,ON,Ontario,N2J 1W2,CA,daniel610@gmail.example,+1-905-555-0111,CTR-2000016848,auto,10-23-2016,04-06-2027,actif,825.32,mensuelle,prélèvement,AG-ON-005,09-30-2016,02-04-2018,,,
ontario,ONT0016925,Mme,Caroline,Lachance,08-03-1964,F,fr,4444,chemin,du Lac,,239,Ottawa,ON,Ontario,K1P 0R3,CA,cl5333@outlook.example,+1-647-555-0198,CTR-2000016925,auto,08-18-2018,05-26-2027,actif,705.93,mensuelle,prélèvement,AG-ON-004,08-03-2018,03-15-2021,,,
ontario,ONT0017077,Mme,Elizabeth,Wilson,06-25-1967,F,en,8157,Drive,Pine,,,Mississauga,ON,Ontario,L5B 6X6,CA,elizabeth800@outlook.example,+1-416-555-0124,CTR-2000017077,voyage,08-24-2024,12-17-2026,actif,594.76,mensuelle,carte,AG-ON-001,08-08-2024,02-27-2026,,,
ontario,ONT0017268,M.,Oliver,Taylor,08-18-1939,M,en,9910,Road,Rosewood,,,Toronto,ON,Ontario,M5V 0E8,CA,oli8822@yahoo.example,+1-437-555-0125,CTR-2000017268,auto,09-20-2018,,actif,1025.91,annuelle,prélèvement,AG-ON-004,09-17-2018,04-06-2026,,,
ontario,ONT0017699,Mme,Chloe,White,01-12-1965,F,en,7911,Lane,Forest,,,Gatineau,QC,Québec,J8Y 1J6,CA,chloe045@gmail.example,+1-581-555-0129,CTR-2000017699,voyage,05-10-2022,02-23-2027,actif,418.18,mensuelle,chèque,AG-ON-001,05-03-2022,09-21-2024,,,
ontario,ONT0017719,M.,Liam,Kim,12-08-1960,M,en,6892,Trail,Cedar,,,Mississauga,ON,Ontario,L5B 1X1,CA,liam13@outlook.example,+1-647-555-0182,CTR-2000017719,habitation,03-29-2019,03-25-2021,résilié,1100.90,mensuelle,prélèvement,AG-ON-003,03-05-2019,11-23-2019,,,
ontario,ONT0018008,M.,Liam,Turner,11-23-1987,M,en,3049,Road,Spring,North,380,Mississauga,ON,Ontario,L5G 1K3,CA,lia380@outlook.example,+1-343-555-0162,CTR-2000018008,habitation,12-01-2022,10-22-2026,actif,1442.70,trimestrielle,prélèvement,AG-ON-005,11-28-2022,09-09-2023,,,
ontario,ONT0018329,M.,Mathieu,Martel,07-11-1999,M,fr,1167,autoroute,du Lac,,,Sherbrooke,QC,Québec,J1K 0A4,CA,mathieu_martel@gmail.example,+1-354-555-0129,CTR-2000018329,habitation,05-26-2021,05-04-2027,actif,2425.90,mensuelle,prélèvement,AG-ON-004,05-19-2021,03-16-2022,01-06-2022,40467.35,ouvert
ontario,ONT0018598,Mme,Charlotte,Kim,08-06-1985,F,en,6143,Lane,Northgate,,,Toronto,ON,Ontario,M6G 3X5,CA,kim.charlotte@proton.example,+1-647-555-0106,CTR-2000018598,habitation,06-02-2017,01-25-2025,expiré,1521.65,mensuelle,prélèvement,AG-ON-001,05-31-2017,08-08-2018,06-30-2018,25581.36,en_cours
ontario,ONT0018649,M.,Owen,D'Souza,09-10-2004,M,en,7915,Lane,Pine,,538,Toronto,ON,Ontario,M6G 7E8,CA,owend@hotmail.example,+1-289-555-0199,CTR-2000018649,habitation,02-06-2024,,actif,1527.73,mensuelle,prélèvement,AG-ON-005,01-10-2024,08-22-2025,,,
ontario,ONT0018881,Mme,Evelyn,Smith,12-04-1975,F,en,6011,Court,Hillcrest,,,Mississauga,ON,Ontario,L5G 6P1,CA,smith6466@hotmail.example,+1-548-555-0175,CTR-2000018881,habitation,05-15-2026,,actif,1860.95,mensuelle,virement,AG-ON-003,05-13-2026,05-27-2026,,,
ontario,ONT0018904,M.,Michael,Wright,04-16-1951,M,en,9464,Street,Sunset,,,Toronto,ON,Ontario,M4W 8A3,CA,mwright@rogers.example,+1-289-555-0178,CTR-2000018904,vie,02-07-2025,06-09-2027,actif,2080.41,annuelle,prélèvement,AG-ON-005,01-31-2025,04-22-2025,,,
ontario,ONT0019267,M.,Ethan,Johnson,07-13-1942,M,en,2140,Street,Birch,,,Ottawa,ON,Ontario,K1P 9R3,CA,ethanjohnson@outlook.example,+1-289-555-0121,CTR-2000019267,auto,02-05-2025,08-19-2027,actif,286.51,annuelle,prélèvement,AG-ON-001,01-28-2025,09-08-2025,,,
ontario,ONT0019281,Mme,Eleanor,Young,01-26-1967,F,en,2366,Way,Eastwood,,855,Mississauga,ON,Ontario,L5G 6P6,CA,eleanor_young@outlook.example,+1-705-555-0199,CTR-2000019281,habitation,07-08-2021,08-28-2027,actif,2113.34,annuelle,prélèvement,AG-ON-002,07-08-2021,10-26-2025,07-22-2024,44672.98,en_cours
ontario,ONT0019450,M.,Jackson,Johnson,03-09-1998,M,en,5887,Street,Orchard,,607,Ottawa,ON,Ontario,K1P 9B2,CA,jackson.johnson@icloud.example,+1-519-555-0101,CTR-2000019450,habitation,12-11-2022,,actif,601.51,mensuelle,prélèvement,AG-ON-001,11-28-2022,05-28-2023,,,
ontario,ONT0019512,M.,Pierre-Luc,Gagné,11-23-1997,M,fr,2303,chemin,des Trilliums,,,Mississauga,ON,Ontario,L5B 7Z0,CA,gagne20@gmail.example,+1-753-555-0134,CTR-2000019512,auto,11-28-2022,06-30-2025,résilié,1663.42,semestrielle,prélèvement,AG-ON-006,11-21-2022,11-16-2025,06-15-2024,0.00,fermé
ontario,ONT0019912,Mme,Nora,Anderson,12-28-1984,F,en,2648,Road,Willow,,,Ottawa,ON,Ontario,K1P 6N3,CA,nora254@yahoo.example,+1-905-555-0178,CTR-2000019912,voyage,06-07-2026,,actif,355.86,annuelle,carte,AG-ON-002,06-07-2026,06-12-2026,07-22-2026,4342.15,fermé
ontario,ONT0020056,M.,Dylan,White,07-15-1959,M,en,7573,Way,Kingfisher,,,Waterloo,ON,Ontario,N2L 5H5,CA,dylan.white@outlook.example,+1-437-555-0169,CTR-2000020056,auto,09-05-2024,04-20-2027,actif,698.82,mensuelle,virement,AG-ON-001,09-03-2024,02-12-2025,,,
ontario,ONT0020173,M.,Liam,Young,10-03-1969,M,en,4185,Court,Fairview,,193,Toronto,ON,Ontario,M6G 8Y7,CA,young034@gmail.example,+1-705-555-0120,CTR-2000020173,voyage,02-15-2017,12-20-2026,actif,297.94,mensuelle,chèque,AG-ON-003,02-08-2017,02-26-2021,,,
ontario,ONT0020204,M.,Pierre-Luc,Caron,09-25-1942,M,fr,4682,boulevard,de  la Colline,,276,Toronto,ON,Ontario,M6G 7A5,CA,caron.pierreluc@hotmail.example,+1-905-555-0124,CTR-2000020204,habitation,06-22-2026,12-08-2026,actif,909.93,mensuelle,prélèvement,AG-ON-001,05-25-2026,07-10-2026,,,
ontario,ONT0020382,Mme,Emma,Wright,08-08-1941,F,en,5386,Street,Cedar,,276,Mississauga,ON,Ontario,L5G 9P6,CA,wright.emma@gmail.example,+1-226-555-0174,CTR-2000020382,habitation,06-30-2023,11-20-2026,actif,2487.88,trimestrielle,virement,AG-ON-003,06-03-2023,05-12-2025,08-03-2024,0.00,fermé
ontario,ONT0020817,M.,Alexander,Singh,08-23-1965,M,en,9487,Street,Willow,,421,Saint-Jean-sur-Richelieu,QC,Québec,J3B 0W2,CA,alexander.singh@videotron.example,+1-514-555-0187,CTR-2000020817,habitation,03-04-2023,08-19-2027,actif,1295.10,annuelle,carte,AG-ON-004,02-04-2023,02-02-2025,,,
ontario,ONT0020958,M.,Elijah,Bailey,01-21-1938,M,en,8803,Street,Cedar,East,436,London,ON,Ontario,N6A 2B4,CA,eli9743@gmail.example,+1-365-555-0179,CTR-2000020958,habitation,04-07-2022,07-11-2024,expiré,503.75,mensuelle,chèque,AG-ON-001,03-12-2022,11-11-2025,,,
ontario,ONT0021056,Mme,Manon,Patel,02-23-1982,F,fr,4617,rang,de la Rivière,,482,Otta wa,ON,Ontario,K2P 4Y3,CA,mp6233@gmail.example,+1  416-555-0185,CTR-2000021056,auto,01-12-2022,12-17-2026,actif,1556.82,annuelle,virement,AG-ON-003,01-12-2022,08-30-2026,,,
ontario,ONT0021172,Mme,Nova,Thompson,12-24-1970,F,en,5404,Street,Southridge,,,Ottawa,ON,Ontario,K1P 5C1,CA,novathompson@outlook.example,+1-289-555-0170,CTR-2000021172,habitation,08-15-2020,02-25-2027,actif,940.90,mensuelle,prélèvement,AG-ON-005,08-08-2020,10-30-2021,,,
ontario,ONT0021302,Mme,Sofia,Campbell,05-24-1957,F,en,5819,Drive,Orchard,,23,Halifax,NS,Nouvelle-Écosse,B3H 0P0,CA,sofia362@hotmail.example,+1-782-555-0116,CTR-2000021302,voyage,08-15-2017,01-17-2024,expiré,537.94,mensuelle,prélèvement,AG-ON-002,07-17-2017,10-27-2017,,,
ontario,ONT0021651,M.,Jack,Walker,07-12-1998,M,en,5754,Lane,Sunset,,,Laval,QC,Québec,H7N 3Y8,CA,jack_walker@icloud.example,+1-514-555-0157,CTR-2000021651,voyage,05-11-2020,08-04-2021,expiré,590.63,mensuelle,prélèvement,AG-ON-003,04-21-2020,07-29-2025,,,
ontario,ONT0021740,Mme,Amelia,Rahman,08-26-1940,F,en,2374,Drive,Redwood,,566,Grand Sudbury,ON,Ontario,P3E 5B7,CA,amelia.rahman@icloud.example,+1-289-555-0114,CTR-2000021740,auto,12-22-2016,08-09-2022,expiré,2214.21,mensuelle,prélèvement,AG-ON-003,13-40-2026,10-26-2024,,,
ontario,ONT0021750,M.,Julian,O'Connor,09-08-1964,M,en,8974,Avenue,Birch,,338,Ottawa,ON,Ontario,K1P 8A9,CA,julian3993@outlook.example,+1-289-555-0164,CTR-2000021750,habitation,07-02-2024,04-10-2025,résilié,1347.89,annuelle,carte,AG-ON-001,06-14-2024,08-27-2026,,,
ontario,ONT0021942,Mme,Amelia,Cox,12-31-1959,F,en,1406,Boulevard,Brookside,East,,Toronto,ON,Ontario,M5V 8B2,CA,ameliacox@hotmail.example,+1-683-555-0184,CTR-2000021942,voyage,02-01-2025,03-05-2027,actif,299.57,mensuelle,prélèvement,AG-ON-006,01-26-2025,08-08-2026,,,
ontario,ONT0022589,M.,Mateo,Thompson,05-25-1948,M,en,6496,Road,Riverside,,908,Québec,QC,Québec,G2B 0W6,CA,mateo05@hotmail.example,+1-450-555-0129,CTR-2000022589,vie,05-16-2021,02-06-2027,actif,2418.46,mensuelle,carte,AG-ON-001,05-16-2021,01-22-2026,,,
ontario,ONT0022692,M.,Julian,Wong,12-18-1950,M,en,655,Boulevard,Northgate,,,Hamilton,ON,Ontario,L8S 3A4,CA,jul61@gmail.example,+1-519-555-0135,CTR-2000022692,voyage,09-27-2025,05-27-2027,suspendu,131.11,mensuelle,prélèvement,AG-ON-003,08-29-2025,09-25-2025,,,
ontario,ONT0022942,M.,Asher,Parker,09-09-1996,M,en,6123,Drive,Meadow,,310,Rimouski,QC,Québec,G5L 2A3,CA,asher92@outlook.example,+1-581-555-0146,CTR-2000022942,auto,12-26-2016,,actif,1682.33,annuelle,carte,AG-ON-006,12-14-2016,01-04-2022,07-11-2024,15950.13,fermé
ontario,ONT0022984,Mme,Abigail,Smith,09-04-1949,F,en,7634,Drive,Lakeshore,,630,Ottawa,ON,Ontario,K2P 3R2,CA,abigail_smith@hotmail.example,+1-416-555-0152,CTR-2000022984,voyage,07-22-2020,11-29-2026,actif,320.28,mensuelle,prélèvement,AG-ON-001,06-22-2020,09-07-2023,,,
ontario,ONT0023147,M.,Serge,Gonzalez,07-24-1952,M,fr,8968,rue,des Mélèzes,,543,London,ON,Ontario,N6G 9H9,CA,serge68@videotron.example,+1-382-555-0120,CTR-2000023147,auto,09-13-2022,01-02-2025,expiré,586.86,annuelle,virement,AG-ON-004,08-21-2022,11-06-2022,,,
ontario,ONT0023711,Mme,Audrey,Gagnon,09-02-1939,F,fr,1093,boulevard,du Havre,,,Québec,QC,Québec,G2B 9S5,CA,gagnon.audrey@videotron.example,+1-819-555-0125,CTR-2000023711,auto,09-14-2017,06-09-2027,actif,1371.65,mensuelle,prélèvement,AG-ON-004,08-17-2017,06-13-2022,,,
ontario,ONT0024006,Mme,Willow,Fortin,03-01-2008,F,en,2835,Boulevard,Stonebridge,,,Ottawa,ON,Ontario,K2P 6G7,CA,willow205@hotmail.example,+1-705-555-0108,CTR-2000024006,habitation,05-18-2026,10-30-2026,actif,2407.88,mensuelle,prélèvement,AG-ON-002,05-05-2026,08-14-2026,,,
ontario,ONT0024139,Mme,Isabella,Scott,10-26-1946,F,en,8326,Street,Lakeview,,360,Waterloo,ON,Ontario,N2J 6W2,CA,isabellas@proton.example,+1-437-555-0145,CTR-2000024139,voyage,05-30-2026,06-21-2027,suspendu,220.39,mensuelle,carte,AG-ON-005,05-26-2026,08-20-2026,,,
ontario,ONT0024213,Mme,Scarlett,Smith,07-25-1963,F,en,7279,Drive,Valleyview,,,London,ON,Ontario,N6A 3M6,CA,sca1336@gmail.example,+1-548-555-0197,CTR-2000024213,auto,07-09-2026,09-13-2026,expiré,2044.48,semestrielle,carte,AG-ON-003,07-05-2026,08-15-2026,,,
ontario,ONT0024238,M.,David,Morris,02-08-1980,M,en,1797,Trail,Highland,,,Toronto,ON,Ontario,M5V 5S7,CA,david019@gmail.example,+1-437-555-0139,CTR-2000024238,auto,03-15-2025,,actif,1470.16,trimestrielle,prélèvement,AG-ON-001,03-12-2025,02-15-2026,12-01-2025,19011.21,rejeté
ontario,ONT0024540,M.,Ethan,Murphy,05-10-1979,M,en,860,Drive,Eastwood,,178,Montréal,QC,Québec,H3G 6Z6,CA,murphy666@videotron.example,+1-514-555-0196,CTR-2000024540,auto,05-19-2024,08-19-2027,actif,1467.04,trimestrielle,carte,AG-ON-003,04-23-2024,06-02-2026,,,
ontario,ONT0024669,M.,Lucas,Walker,08-15-1974,M,en,8252,Court,Pine,West,,Toronto,ON,Ontario,M6G 0S6,CA,luc8921@gmail.example,+1-416-555-0154,CTR-2000024669,habitation,08-11-2017,08-28-2027,actif,803.07,trimestrielle,prélèvement,AG-ON-005,07-18-2017,11-05-2021,,,
ontario,ONT0024813,M.,Noah,Wong,10-21-1954,M,en,5084,Lane,Railway,,629,Ottawa,ON,Ontario,K1P 8Y7,CA,wong.noah@outlook.example,+1-343-555-0116,CTR-2000024813,auto,02-10-2024,08-22-2027,actif,616.82,trimestrielle,prélèvement,AG-ON-004,02-02-2024,08-19-2025,,,
quebec,QC-0000-0025,M.,Ezra,Smith,02-02-1947,M,en,7852,Avenue,Birch,East,474,Montréal,QC,Québec,H3G 4J6,CA,smith6088@videotron.example,+1-418-555-0134,CTR-3000000025,auto,19-02-2022,30-04-2027,actif,579.87,mensuelle,prélèvement,AG-QC-001,10-02-2022,01-01-2023,,,
quebec,QC-0000-0548,Mme,Anne,Nguyen,24-05-1950,F,fr,2397,rue,des Pionniers,,,Montréal,QC,Québec,H2X 9B9,CA,anne945@hotmail.example,+1-418-555-0114,CTR-3000000548,habitation,11-11-2018,18-08-2027,actif,1198.78,mensuelle,virement,AG-QC-006,14-10-2018,14-05-2020,,,
quebec,QC-0000-0846,Mme,Sarah-Maude,Evans,22-08-1938,F,fr,5019,rue,des Pins,Sud,896,Repentigny,QC,Québec,J5Y 8Y7,CA,sarahmaude.evans@gmail.example,+1-367-555-0145,CTR-3000000846,voyage,08-09-2023,28-03-2027,suspendu,199.20,annuelle,chèque,AG-QC-004,10-08-2023,07-06-2026,,,
quebec,QC-0000-1143,M.,Marc,Côté,13-11-1949,M,fr,2708,rang,des Prairies,Nord,897,Sherbrooke,QC,Québec,J1K 2K6,CA,mar5149@gmail.example,+1-263-555-0122,CTR-3000001143,voyage,23-07-2020,01-05-2027,actif,242.06,mensuelle,carte,AG-QC-001,27-06-2020,21-08-2022,,,
quebec,QC-0000-1194,M.,Rémi,Gagné,14-11-1952,M,fr,5181,rue,du Ruisseau,,637,Brossard,QC,Québec,J4Y 7P5,CA,remi943@gmail.example,+1-450-555-0123,CTR-3000001194,auto,26-04-2019,29-10-2026,actif,1225.28,mensuelle,prélèvement,AG-QC-006,05-04-2019,28-06-2024,17-04-2023,9471.63,fermé
quebec,QC-0000-1736,M.,Xavier,White,20-08-1995,M,fr,2444,avenue,des Peupliers,,986,Québec,QC,Québec,G2B 6K2,CA,xavierwhite@yahoo.example,+1-354-555-0152,CTR-3000001736,voyage,19-09-2022,31-03-2027,actif,438.96,mensuelle,prélèvement,AG-QC-001,26-08-2022,22-07-2026,,,
quebec,QC-0000-1933,Mme,Charlotte,Rodriguez,01-02-1958,F,en,9315,Lane,Oak,,,St. John's,NL,Terre-Neuve-et-Labrador,A1C 6N1,CA,charlotter@hotmail.example,+1-879-555-0157,CTR-3000001933,habitation,06-04-2018,19-04-2027,suspendu,3200.25,mensuelle,carte,AG-QC-002,06-04-2018,02-09-2024,,,
quebec,QC-0000-2011,M.,Alexis,Fortin,11-04-1978,M,fr,5475,rue,de l'Église,,,Granby,QC,Québec,J2H 3H7,CA,fortin684@outlook.example,+1-418-555-0136,CTR-3000002011,auto,19-08-2022,28-05-2027,actif,1252.64,mensuelle,virement,AG-QC-005,31-07-2022,19-02-2023,05-05-2023,32896.52,fermé
quebec,QC-0000-2098,Mme,Élise,Martel,01-11-1979,F,fr,9292,avenue,des Érables,,907,Saguenay,QC,Québec,G7J 4E4,CA,elisemartel@gmail.example,+1-819-555-0120,CTR-3000002098,auto,06-09-2020,10-01-2027,actif,1319.21,mensuelle,prélèvement,AG-QC-001,23-08-2020,18-01-2024,,,
quebec,QC-0000-2129,Mme,Chantal,Roy,15-04-1980,F,fr,852,avenue,de la Pinède,,661,Saint-Jérôme,QC,Québec,J7Y 1K9,CA,chantal.roy@videotron.example,+1-514-555-0147,CTR-3000002129,habitation,09-03-2022,12-12-2026,actif,2229.31,annuelle,virement,AG-QC-003,19-02-2022,04-09-2025,,,
quebec,QC-0000-2201,Mme,Josée,Gauthier,16-05-1999,F,fr,5825,boulevard,des Pionniers,,,Trois-Rivières,QC,Québec,G9A 0X9,CA,jos01@bell.example,+1-581-555-0169,CTR-3000002201,habitation,14-08-2023,31-08-2023,expiré,2300.67,mensuelle,carte,AG-QC-004,27-07-2023,26-08-2025,,,
quebec,QC-0000-2271,Mme,Valérie,Côté,15-10-1939,F,fr,8377,rue,de l'Anse,Sud,,Saint-Jean-sur-Richelieu,QC,Québec,J3B 4G1,CA,vc5017@gmail.example,+1-514-555-0135,CTR-3000002271,vie,12-11-2023,25-06-2027,actif,1353.53,annuelle,carte,AG-QC-001,16-10-2023,04-11-2025,,,
quebec,QC-0000-2446,M.,Louis-Philippe,Poirier,29-11-1968,M,fr,8805,terrasse,du Boisé,,433,Gatineau,QC,Québec,J8Y 7A8,CA,poirier586@proton.example,+1-819-555-0186,CTR-300000244,habitation,20-02-2017,01-07-2027,actif,1363.69,mensuelle,prélèvement,AG-QC-001,13-02-2017,30-09-2022,,,
quebec,QC-0000-2659,Mme,Isabelle,Martinez,21-10-1955,F,fr,2751,chemin,des Laurentides,,,Montréal,QC,Québec,H3G 1Z5,CA,isabelle51@yahoo.example,+1-263-555-0171,CTR-3000002659,auto,18-08-2022,10-06-2027,actif,1153.74,mensuelle,prélèvement,AG-QC-001,08-08-2022,07-10-2022,07-09-2022,9433.94,fermé
quebec,QC-0000-3350,M.,Marc-André,Gagnon,04-06-1981,M,fr,4290,chemin,du Belvédère,,734,Sherbrooke,QC,Québec,J1K 8Y1,CA,marcandre_gagnon@icloud.example,+1-579-555-0174,CTR-3000003350,habitation,21-07-2017,25-03-2027,actif,1261.64,mensuelle,carte,AG-QC-001,03-07-2017,10-10-2025,,,
quebec,QC-0000-3402,Mme,Isabelle,Paquette,09-05-1937,F,fr,8103,rue,du Moulin,Nord,240,Fredericton,NB,Nouveau-Brunswick,E3C 1B4,CA,marieeve.paquette@bell.example,+1-428-555-0144,CTR-3000003402,auto,11-06-2024,21-07-2027,suspendu,948.17,annuelle,carte,AG-QC-005,31-05-2024,22-05-2026,07-08-2026,17417.16,rejeté
quebec,QC-0000-3425,Mme,Nicole,Landry,26-06-1949,F,fr,4746,carré,du Ruisseau,,,Gatineau,QC,Québec,J8X 3N2,CA,nicole.landry@bell.example,+1-450-555-0171,CTR-3000003425,habitation,06-02-2019,29-04-2021,expiré,2308.50,mensuelle,virement,AG-QC-005,11-01-2019,03-05-2022,,,
quebec,QC-0000-3874,M.,Nicolas,St-Pierre,01-11-1940,M,fr,1242,boulevard,du Marché,Nord,,Montréal,QC,Québec,H1A 7Y7,CA,nicolasstpierre@icloud.example,+1-579-555-0148,CTR-3000003874,auto,17-07-2023,16-08-2027,actif,1284.48,mensuelle,chèque,AG-QC-002,19-06-2023,07-04-2025,,,
quebec,QC-0000-4119,M.,Sylvain,Lee,19-09-2005,M,fr,941,chemin,des Épinettes,,,Sherbrooke,QC,Québec,J1H 0P4,CA,syl345@gmail.example,+1-450-555-0103,CTR-3000004119,auto,21-07-2025,07-06-2027,actif,1703.45,mensuelle,prélèvement,AG-QC-004,28-06-2025,10-03-2026,18-05-2026,6546.92,en_cours
quebec,QC-0000-4170,Mme,Avery,White,27-04-1948,F,en,6893,Boulevard,Cedar,,,Longueuil,QC,Québec,J4H 3C9,CA,ave1787@icloud.example,+1-579-555-0173,CTR-3000004170,habitation,13-04-2025,26-11-2026,actif,962.14,mensuelle,carte,AG-QC-001,16-03-2025,06-01-2026,,,
quebec,QC-0000-4408,Mme,Véronique,Girard,14-08-1961,F,fr,3917,carré,des Peupliers,Est,337,Saint-Jérôme,QC,Québec,J7Z 8Y1,CA,veronique-girard@hotmail.example,+1-819-555-0179,CTR-3000004408,habitation,18-11-2020,,actif,2229.95,mensuelle,prélèvement,AG-QC-001,16-11-2020,25-04-2025,,,
quebec,QC-0000-5119,Mme,Nova,Bailey,08-02-1997,F,en,4182,Crescent,Northgate,,,Moncton,NB,Nouveau-Brunswick,E1C 5L6,CA,nova9073@outlook.example,+1-506-555-0132,CTR-3000005119,auto,06-04-2024,01-01-2027,actif,310.60,mensuelle,chèque,AG-QC-001,17-03-2024,18-06-2024,,,
quebec,QC-0000-5279,Mme,Camille,Fournier,18-07-2003,F,fr,8402,terrasse,de la Grande-Allée,Est,,Lévis,QC,Québec,G6V 0B5,CA,camillefournier@proton.example,+1-819-555-0179,CTR-3000005279,auto,04-03-2022,04-08-2027,actif,1749.02,annuelle,prélèvement,AG-QC-001,05-02-2022,18-11-2024,,,
quebec,QC-0000-5283,Mme,Amelia,Stewart,10-03-1947,F,en,58,Road,Spring,,,Vancouier,BC,Colombie-Britannique,V5K 3T9,CA,amelia_stewart@outlook.example,+1-604-555-0195,CTR-3000005283,vie,17-12-2021,27-06-2027,actif,2547.73,annuelle,virement,AG-QC-003,01-12-2021,04-06-2023,,,
quebec,QC-0000-5412,M.,Maxime,Pelletier,22-01-1987,M,fr,9122,rang,du Havre,,923,Gatineau,QC,Québec,J8Y 5M5,CA,max9703@gmail.example,+1-367-555-0177,CTR-3000005412,auto,14-11-2018,30-11-2026,actif,1449.67,trimestrielle,prélèvement,AG-QC-005,12-11-2018,13-01-2021,,,
quebec,QC-0000-5483,M.,Félix,Boucher,10-01-1976,M,fr,1623,montée,des Sapins,,835,Saint-Hyacinthe,QC,Québec,J2T 1S5,CA,felix_boucher@hotmail.example,+1-514-555-0191,CTR-3000005483,habitation,28-06-2023,24-12-2024,résilié,2048.92,mensuelle,carte,AG-QC-003,15-06-2023,26-08-2023,,,
quebec,QC-0000-5721,Mme,Rosalie,Grenier,04-06-1976,F,fr,1572,avenue,de la Vallée,,,Sorel-Tracy,QC,Quebec,J3R 4Y9,CA,rosalie5170@gmail.example,+1-450-555-0160,CTR-3000005721,auto,28-09-2024,,actif,1108.56,semestrielle,virement,AG-QC-001,31-08-2024,12-04-2025,21-10-2025,6766.55,fermé
quebec,QC-0000-0378,M.,Michel,Morin,02-09-1995,M,fr,5672,carré,de la Rivière,,,Mascouche,QC,Québec,J7K 2M4,CA,michelmorin@icloud.example,+1-418-555-0135,CTR-3000006001,auto,03-10-2018,,actif,2416.71,mensuelle,prélèvement,AG-QC-001,04-09-2018,29-07-2025,,,
quebec,QC-0000-6022,M.,Rémi,Paquette,18-07-1994,M,fr,5120,chemin,des Tulipes,,993,Laval,QC,Québec,H7N 5S8,CA,rem5555@gmail.example,+1-873-555-0182,CTR-3000006022,auto,04-04-2018,29-03-2027,actif,1841.19,annuelle,prélèvement,AG-QC-002,23-03-2018,27-12-2020,,,
quebec,QC-0000-6104,Mme,Océane,Wilson,19-03-2000,F,fr,4193,chemin,des Sommets,Ouest,,Lévis,QC,Québec,G6W 3T1,CA,wilson8960@gmail.example,+1-418-555-0104,CTR-3000006104,auto,29-07-2023,30-01-2027,actif,413.47,mensuelle,carte,AG-QC-005,08-07-2023,06-07-2024,,,
quebec,QC-0000-6241,M.,Jacques,Lavoie,05-06-1965,M,fr,3646,rang,des Champs,,,Rouyn-Noranda,QC,Québec,J9X 9S8,CA,jacques685@gmail.example,+1-514-555-0134,CTR-3000006241,auto,20-06-2025,13-05-2027,actif,803.33,semestrielle,chèque,AG-QC-003,14-06-2025,28-07-2026,,,
quebec,QC-0000-6299,Mme,Avery,Parker,12-07-2008,F,en,5808,Drive,Spring,,,Laval,QC,Québec,H7W 7B3,CA,averyparker@gmail.example,+1-819-555-0153,CTR-3000006299,auto,30-08-2026,31-01-2027,actif,1539.67,mensuelle,chèque,AG-QC-005,28-08-2026,03-09-2026,,,
quebec,QC-0000-6344,Mme,Sophie,Gagnon,23-07-1968,F,fr,8689,rue,de la Colline,Sud,491,Gatineau,QC,Québec,J9A 9A8,CA,sophiegagnon@rogers.example,+1-450-555-0149,CTR-3000006344,vie,07-11-2025,26-06-2027,actif,2227.70,mensuelle,carte,AG-QC-003,31-10-2025,13-03-2026,,,
quebec,QC-0000-6744,M.,Samuel,Carter,16-11-1967,M,fr,1048,boulevard,des Pionniers,Sud,731,Montréal,QC,Québec,H2X 4L9,CA,samuel_carter@gmail.example,+1-418-555-0147,CTR-3000006744,voyage,02-09-2017,28-07-2027,actif,283.08,mensuelle,prélèvement,AG-QC-002,28-08-2017,08-12-2017,,,
quebec,QC-0000-6878,Mme,Marei,Leblanc,13-02-1938,F,fr,8518,montée,de la Colline,,,Drummondville,QC,Québec,J2B 1J6,CA,marie730@hotmail.example,+1-579-555-0177,CTR-3000006878,auto,06-03-2022,09-12-2026,actif,1095.89,annuelle,carte,AG-QC-001,15-02-2022,01-08-2026,,,
quebec,QC-0000-7830,M.,Marc-André,Roy,08-12-1968,M,fr,4535,boulevard,des Sapins,,,Gatineau,QC,Québec,J8X 0K4,CA,marcandre68@outlook.example,+1-438-555-0146,CTR-3000007830,auto,27-12-2021,24-11-2026,actif,1566.45,mensuelle,prélèvement,AG-QC-003,19-12-2021,26-02-2022,,,
quebec,QC-0000-8228,M.,Liam,Murphy,06-04-1950,M,en,7971,Street,Mill,South,,Surrey,BC,Colombie-Britannique,V3S 3J4,CA,liam.murphy@icloud.example,+1-778-555-0169,CTR-3000008228,vie,15-03-2020,02-03-2027,actif,4549.67,annuelle,prélèvement,AG-QC-006,07-03-2020,04-06-2020,,,
quebec,QC-0000-9022,Mme,Julie,Simard,01-10-1971,F,fr,6163,rue,de la Colline,,,Mascouche,QC,Québec,J7K 6M0,CA,simard.julie@outlook.example,+1-819-555-0152,CTR-3000009022,habitation,29-07-2021,,actif,2630.43,trimestrielle,carte,AG-QC-002,19-07-2021,15-10-2025,,,
quebec,QC-0000-9223,Mme,Maude,Martel,05-03-1944,F,fr,856,rue,du Havre,Nord,,Trois-Rivières,qc,Québec,G8Z 2E6,CA,maude_martel@hotmail.example,+1-450-555-0115,CTR-3000009223,auto,12-02-2026,25-02-2026,résilié,524.82,semestrielle,virement,AG-QC-005,05-02-2026,10-09-2026,,,
quebec,QC-0000-9269,M.,Léo,Plante,07-04-1971,M,fr,6547,chemin,de l'Église,Est,350,Brossard,QC,Québec,J4X 5B3,CA,leo809@outlook.example,+1-418-555-0114,CTR-3000009269,auto,17-10-2018,06-03-2027,actif,704.23,mensuelle,prélèvement,AG-QC-001,19-09-2018,28-02-2020,,,
quebec,QC-0000-9469,Mme,Julie,Lapointe,06-05-1960,F,fr,7224,boulevard,des Sommets,,,Drummondville,QC,Québec,J2C 9Y6,CA,lapointe.julie@outlook.example,+1-819-555-0152,CTR-3000009469,auto,09-02-2024,06-12-2025,expiré,860.59,mensuelle,prélèvement,AG-QC-001,18-01-2024,20-02-2024,,,
quebec,QC-0000-9767,M.,Stéphane,Chowdhury,21-11-1977,M,fr,4200,rue,des Saules,,,Laval,QC,Québec,H7N 4S3,CA,stephane.chowdhury@gmail.example,+1-450-555-0112,CTR-3000009767,voyage,17-10-2022,,actif,110.00,mensuelle,prélèvement,AG-QC-001,14-10-2022,03-03-2023,,,
quebec,QC-0000-9869,Mme,Sophia,White,07-11-1978,F,en,8203,Street,Sunset,,478,Brossard,QC,Québec,J4W 0C9,CA,sophia7315@gmail.example,+1-418-555-0158,CTR-3000009869,auto,21-01-2019,10-08-2021,expiré,1136.32,annuelle,cheque,AG-QC-003,14-01-2019,31-10-2023,,,
quebec,QC-0001-0084,M.,François,Côté,18/07/1989,M,fr,5570,avenue,des Champs,Ouest,,Blainville,QC,Québec,J7C 4L1,CA,cote75@hotmail.example,+1-418-555-0131,CTR-3000010084,vie,24-04-2018,04-02-2027,suspendu,1864.88,annuelle,chèque,AG-QC-001,22-04-2018,20-07-2025,,,
quebec,QC-0001-0138,M.,Manon,Le,19-07-1993,M,fr,9425,montée,du Soleil-Levant,,437,Longueuil,QC,Québec,J4K 3C0,CA,man077@gmail.example,+1-873-555-0199,CTR-3000010138,auto,25-11-2017,03-08-2027,actif,779.75,mensuelle,prélèvement,AG-QC-003,02-11-2017,13-03-2021,12-03-2019,34605.50,fermé
quebec,QC-0001-0393,Mme,Juliette,Lewis,02-08-2002,F,fr,100,rue,de la Pinède,,,Québec,QC,Québec,G1R  3K9,CA,juliettelewis@gmail.example,+1-418-555-0173,CTR-3000010393,voyage,29-01-2022,15-11-2026,actif,390.06,mensuelle,prélèvement,AG-QC-002,23-01-2022,20-03-2024,,,
quebec,QC-0001-0678,M.,Daniel,Gagnon,04-03-1941,M,fr,2073,montée,des Champs,,,Mirabel,QC,Québec,J7N 5Z4,CA,daniel85@hotmail.example,+1-438-555-0165,CTR-3000010678,auto,01-01-2021,04-01-2027,actif,1250.06,mensuelle,virement,AG-QC-006,28-12-2020,26-07-2026,,,
quebec,QC-0001-0818,Mme,Suzanne,Bouchard,10-04-2001,F,fr,3441,boulevard,de l'École,,,Lévis,QC,Québec,G6V 7J9,CA,suzanne80@yahoo.example,+1-873-555-0151,CTR-3000010818,vie,04-11-2022,19-01-2027,actif,1670.64,mensuelle,prélèvement,AG-QC-001,18-10-2022,11-07-2025,,,
quebec,QC-0001-0850,Mme,Véronique,Bergeron,16-09-1989,F,fr,4842,avenue,des Cèdres,,,Québec,QC,Québec,G1R 0Y2,CA,veronique0984@gmail.example,+1-514-555-0100,CTR-3000010850,auto,01-03-2017,20-08-2027,actif,431.70,mensuelle,prélèvement,AG-QC-004,20-02-2017,23-07-2021,,,
quebec,QC-0001-0911,Mme,Sylvie,Poulin,22-05-1983,F,fr,9746,rue,du Belvédère,,,Sainte-Julie,QC,Québec,J3E 5P4,CA,sylvie9324@icloud.example,+1-579-555-0115,CTR-3000010911,voyage,06-07-2023,18-12-2026,actif,232.89,semestrielle,prélèvement,AG-QC-004,18-06-2023,07-07-2023,,,
quebec,QC-0001-0926,Mme,Isabella,Thompson,04-03-1941,F,en,8953,Street,Greenfield,,477,Saskatoon,SK,Saskatchewan,S7K 5B1,CA,thompson.isabella@videotron.example,+1-306-555-0182,CTR-3000010926,habitation,24-01-2018,,actif,2037.64,mensuelle,prélèvement,AG-QC-002,23-01-2018,10-09-2022,,,
quebec,QC-0001-1097,Mme,Anne-Marie,Ali,31-08-1983,F,fr,5061,rue,des Sommets,Nord,,Montréal,QC,Québec,H2X 0R4,CA,annemarie.ali@gmail.example,+1-450-555-0134,CTR-3000011097,auto,20-08-2017,22/10/2019,expiré,1009.05,mensuelle,prélèvement,AG-QC-005,15-08-2017,31-10-2021,07-11-2017,37615.39,fermé
quebec,QC-0001-1535,M.,Gabriel,Gagnon,23-08-2003,M,fr,3195,place,du Lac,,,Québec,QC,Québec,G2B 6R5,CA,gagnon.gabriel@yahoo.example,+1-514-555-0148,CTR-3000011535,habitation,18-06-2023,,actif,1035.80,mensuelle,carte,AG-QC-002,18-06-2023,18-05-2024,12-05-2026,72888.74,en_cours
quebec,QC-0001-1823,M.,Xavier,Gagné,22-04-1938,M,fr,1964,chemin,de l'Anse,,,Toronto,ON,Ontario,M5V 3N1,CA,xav3205@outlook.example,+1-416-555-0154,CTR-3000011823,auto,19-09-2019,01-02-2025,expiré,1219.44,mensuelle,prélèvement,AG-QC-002,22-08-2019,12-04-2024,,,
quebec,QC-0001-1908,Mme,Valérie,Girard,23-04-1992,F,fr,4660,avenue,des Ormes,,96,Gaspé,QC,Québec,G4X 2C1,CA,valerie-girard@yahoo.example,+1-450-555-0136,CTR-3000011908,auto,15-06-2021,19-12-2026,actif,1520.04,mensuelle,prélèvement,AG-QC-003,29-05-2021,30-07-2023,,,
quebec,QC-0001-1981,M.,Alexandre,Fournier,12-12-1982,M,fr,1027,impasse,de l'École,Nord,,Gatineau,QC,Québec,J8Y  0R2,CA,alexandrefournier@hotmail.example,+1-579-555-0119,CTR-3000011981,vie,06-10-2023,29-07-2025,expiré,1602.51,annuelle,carte,AG-QC-003,28-09-2023,01-08-2025,,,
quebec,QC-0001-2045,Mme,Eleanor,Baker,28-06-1958,F,en,1416,Road,Bluebird,,,Toronto,ON,Ontario,M4W 9S4,CA,ebaker@videotron.example,+1-289-555-0135,CTR-3000012045,habitation,01-06-2019,15-05-2020,expiré,2842.33,annuelle,carte,AG-QC-001,27-05-2019,22-05-2022,,,
quebec,QC-0001-2189,M.,Rémi,Martinez,28-02-1986,M,fr,9856,rue,du Ruisseau,,,Sherbrooke,QC,Québec,J1H 8G6,CA,rem98@hotmail.example,+1-263-555-0170,CTR-3000012189,auto,27-02-2020,15-01-2027,actif,2298.28,mensuelle,carte,AG-QC-004,20-02-2020,15-06-2020,,,
quebec,QC-0001-2214,Mme,Gianna,Young,09-11-1998,F,en,3205,Crescent,Bluebird,,,Sherbrooke,QC,Québec,J1K  4K9,CA,gyoung@icloud.example,+1-514-555-0186,CTR-3000012214,habitation,27/05/2020,01-03-2025,expiré,1011.10,annuelle,prélèvement,AG-QC-004,10-05-2020,23-06-2022,,,
quebec,QC-0001-2237,Mme,Marie-Claude,Bélanger,11-12-1980,F,fr,3900,terrasse,du Boisé,,,Longueuil,QC,Québec,J4K 7V1,CA,marieclaude361@hotmail.example,+1-579-555-0100,CTR-3000012237,vie,17-05-2017,06-12-2026,actif,1551.76,mensuelle,prélèvement,AG-QC-001,01-05-2017,01-09-2025,,,
quebec,QC-0001-2338,M.,Jacques,Fortin,07-03-1970,M,fr,6692,chemin,de la Gare,,,Montréal,QC,Québec,H3G 1C0,CA,fortin67@outlook.example,+1-819-555-0168,CTR-3000012338,auto,09-09-2025,,actif,2067.81,mensuelle,carte,AG-QC-001,22-08-2025,14-06-2026,,,
quebec,QC-0001-2627,Mme,Caroline,Côté,04-09-1975,F,fr,8551,impasse,des Champs,Sud,815,Saint-Jérôme,QC,Québec,J7Y 2M0,CA,caroline_cote@outlook.example,+1-438-555-0164,CTR-3000012627,habitation,08-09-2019,,actif,1648.84,mensuelle,prélèvement,AG-QC-001,08-09-2019,18-10-2021,,,
quebec,QC-0001-2783,Mme,Noémie,St-Pierre,07-07-2002,F,fr,7337,montée,du Parc,,,Québec,QC,Québec,G1R 9A0,CA,noe67@outlook.example,+1-438-555-0120,CTR-3000012783,habitation,11-03-2021,05-06-2027,actif,2314.52,annuelle,prélèvement,AG-QC-001,10-03-2021,20-07-2026,,,
quebec,QC-0001-2854,M.,Alexandre,Lavoie,11-03-1976,M,fr,7495,boulevard,des Vents,,,Montréal,QC,Québec,H3G 0M3,CA,alexandre2398@gmail.example,+1-819-555-0184,CTR-3000012854,auto,20-09-2018,26-10-2026,actif,1391.92,trimestrielle,carte,AG-QC-002,14-09-2018,15-03-2022,,,
quebec,QC-0001-2923,M.,Martin,Fortin,27-09-1966,M,fr,1286,route,des Lilas,Sud,,Granby,QC,Québec,J2G 6B9,CA,martin.fortin@videotron.example,+1-514-555-0172,CTR-3000012923,habitation,06-12-2025,07-04-2027,actif,1700.56,mensuelle,prélèvement,AG-QC-006,05-12-2025,21-08-2026,,,
quebec,QC-0001-3115,M.,Mateo,Bailey,30-06-1960,M,en,6381,Street,Heather,,958,Regina,SK,Saskatchewan,S4S 7R9,CA,mateo.bailey@yahoo.example,+1-639-555-0153,CTR-3000013115,habitation,06-08-2026,21-02-2027,actif,1421.61,mensuelle,virement,AG-QC-004,21-07-2026,30-07-2026,,,
quebec,QC-0001-3148,Mme,Amélie,St-Pierre,16-01-2001,F,fr,7348,chemin,du Domaine,,,Montréal,QC,Québec,H3G 7Y4,CA,amelie1065@outlook.example,+1-438-555-0199,CTR-3000013148,habitation,01-03-2024,14-12-2026,actif,2210.18,mensuelle,prélèvement,AG-QC-003,03-02-2024,29-06-2026,,,
quebec,QC-0001-3244,M.,Philippe,Gagnon,20-05-1961,M,fr,8878,croissant,du Lac,,712,Sherbrooke,QC,Québec,J1H 8Y4,CA,gagnon203@gmail.example,+1-450-555-0185,CTR-3000013244,habitation,29-09-2021,25-07-2024,expiré,1198.18,mensuelle,virement,AG-QC-002,16-09-2021,14-03-2025,13-11-2023,,ouvert
quebec,QC-0001-3322,M.,Éric,Roy,22-11-1956,M,fr,8198,place,des Mélèzes,,,Saguenay,QC,Québec,G7J 8H8,CA,er06@gmail.example,+1-819-555-0191,CTR-3000013322,auto,26-05-2022,07-03-2026,expiré,2269.40,annuelle,prélèvement,AG-QC-002,28-04-2022,04-11-2024,26-12-2023,36881.35,fermé
quebec,QC-0001-3758,Mme,Émilie,Caron,31-05-1970,F,fr,9531,route,des Épinettes,Nord,,Sherbrooke,QC,Québec,J1H 8S7,CA,emilie_caron@gmail.example,+1-468-555-0153,CTR-3000013758,auto,27-11-2018,16-03-2024,expiré,1888.51,annuelle,prélèvement,AG-QC-005,12-11-2018,14-09-2023,,,
quebec,QC-0001-4013,M.,Marc,Martinez,12-07-1940,M,fr,1848,croissant,de la Vallée,Sud,,Sherbrooke,QC,Québec,J1K 1B4,CA,marcmartinez@yahoo.example,+1-418-555-0123,CTR-3000014013,auto,22-06-2026,,actif,613.39,annuelle,prélèvement,AG-QC-001,10-06-2026,16-06-2026,,,
quebec,QC-0001-4387,M.,Audrey,eLblanc,20-06-1981,M,fr,5577,boulevard,de la Colline,Nord,795,Trois-Rivières,QC,Québec,G9A 5A7,CA,audrey360@yahoo.example,+1  354-555-0145,CTR-3000014387,habitation,23-05-2019,07-03-2025,expiré,1296.82,trimestrielle,chèque,AG-QC-003,11-05-2019,14-01-2025,,,
quebec,QC-0001-4407,Mme,Caroline,Boucher,31-10-1961,F,fr,5187,rue,des Lilas,,,La Tuque,QC,Québec,G9X 9R4,CA,cb008@gmail.example,+1-514-555-0138,CTR-3000014407,voyage,22-08-2023,12-01-2027,actif,608.48,trimestrielle,prélèvement,AG-QC-003,14-08-2023,31-03-2025,,,
quebec,QC-0001-4444,M.,Noah,Caron,25-05-1939,M,en,809,Highway,Greenfield,,,Laval,QC,Québec,H7W 9Z2,CA,noah.caron@outlook.example,+1-438-555-0192,CTR-3000014444,voyage,06-07-2023,29-05-2027,actif,744.63,annuelle,carte,AG-QC-002,30-06-2023,13-03-2024,,,
quebec,QC-0001-4452,M.,Patrick,Bouchard,05-02-1965,M,fr,5597,carré,des Pins,Sud,,La Tuque,QC,Québec,G9X 2H0,CA,patrickbouchard@bell.example,+1-581-555-0109,CTR-3000014452,habitation,25-08-2025,28-08-2027,actif,1180.04,semestrielle,virement,AG-QC-001,22-08-2025,07-05-2026,,,
quebec,QC-0001-4570,M.,Sylvain,Ouellet,30-01-1942,M,fr,9261,chemin,des Pionniers,,898,Trois-Rivières,QC,Québec,G9A 1P6,CA,so5875@videotron.example,+1-418-555-0160,CTR-3000014570,auto,02-06-2025,16-03-2027,actif,1352.70,mensuelle,virement,AG-QC-003,26-05-2025,07-03-2026,,,
quebec,QC-0001-4612,Mme,Mélanie,Lvesque,21-01-1957,F,fr,6264,chemin,des Frênes,,516,Mirabel,QC,Québec,J7N 4N8,CA,melanie3038@gmail.example,+1-450-555-0157,CTR-3000014612,vie,17-09-2021,10-12-2022,expiré,2069.11,annuelle,virement,AG-ON-002,24-08-2021,28-06-2026,,,
quebec,QC-0001-4634,M.,Claude,Cloutier,02-02-1976,M,fr,7792,rang,des Peupliers,,,Sorel-Tracy,QC,Québec,J3R 0E6,CA,cla03@proton.example,+1-263-555-0199,CTR-3000014634,auto,16-12-2019,17-12-2026,actif,1374.74,mensuelle,prélèvement,AG-QC-001,20-11-2019,10-03-2024,29-04-2020,18835.69,ouvert
quebec,QC-0001-5118,M.,Étienne,Park,30-07-1965,M,fr,2741,autoroute,des Sommets,Ouest,,Sept-Îles,QC,Québec,G4R 1N7,CA,estpierre@videotron.example,+1-418-555-0101,CTR-3000015118,auto,16-09-2019,16-11-2019,expiré,541.93,mensuelle,prélèvement,AG-QC-004,06-09-2019,28-07-2023,26-10-2019,11279.98,ouvert
quebec,QC-0001-5157,Mme,Diane,Lee,13-11-1945,F,fr,9798,rue,des Érables,,,Saint-Jérôme,QC,Québec,J7Z 5H9,CA,diane.lee@hotmail.example,+1-450-555-0137,CTR-3000015157,vie,23-04-2023,05-11-2026,actif,1347.79,mensuelle,prélèvement,AG-QC-004,02-04-2023,11-04-2026,,,
quebec,QC-0001-5324,Mme,Laurence,Martel,28-09-1979,F,fr,7793,rue,de la Rivière,,,Gatineau,QC,Québec,J9A 6J9,CA,laurence.martel@outlook.example,+1-581-555-0188,CTR-3000015324,vie,13-11-2021,27-10-2026,actif,1187.50,mensuelle,prélèvement,AG-QC-002,13-11-2021,01-10-2022,,,
quebec,QC-0001-5496,M.,Thomas,Plante,16-05-2004,M,fr,5164,rue,des Érables,,,Alma,QC,Québec,G8C 7C2,CA,thomas920@gmail.example,+1-450-555-0133,CTR-3000015496,auto,12-11-2024,06-04-2027,actif,839.94,mensuelle,prélèvement,AG-QC-001,05-11-2024,24-08-2025,,,
quebec,QC-0001-5827,Mme,Willow,Campbell,21-10-1951,F,en,7061,Way,Willow,,,Toronto,ON,Ontario,M6G 9Y8,CA,willowcampbell@hotmail.example,+1-905-555-0118,CTR-3000015827,habitation,24-12-2020,,actif,825.74,mensuelle,virement,AG-QC-001,27-11-2020,23-09-2025,,,
quebec,QC-0001-5891,M.,Jack,Anderson,26-10-1945,M,en,3450,Crescent,Woodland,,55,Longueuil,QC,Québec,J4K 7R3,CA,jacka@yahoo.example,+1-263-555-0195,CTR-3000015891,auto,12-06-2023,10-08-2027,actif,1900.47,annuelle,carte,AG-QC-001,14-05-2023,14-06-2025,,,
quebec,QC-0001-5897,Mme,Catherine,Tremblay,26-02-1949,F,fr,2922,croissant,du Belvédère,,498,Brossard,QC,Québec,J4W 2T7,CA,cat39@gmail.example,+1-438-555-0136,CTR-3000015897,vie,13-04-2024,30-04-2025,résilié,3181.82,mensuelle,carte,AG-QC-004,28-03-2024,02-08-2025,,,
quebec,QC-0001-6137,Mme,Diane,Ahmed,07-07-1953,F,fr,3498,avenue,des Mélèzes,,,Montréal,QC,Québec,H4A 5N1,CA,dianeahmed@gmail.example,+1-418-555-0137,CTR-3000016137,auto,20-09-2019,,actif,652.91,semestrielle,prélèvement,AG-QC-001,16-09-2019,19-11-2023,,,
quebec,QC-0001-6638,Mme,Sofia,Morgan,13-06-1949,F,en,5515,Terrace,Riverside,,,Halifax,NS,Nouvelle-Écosse,B3J 3A1,CA,sof868@outlook.example,+1-902-555-0193,CTR-3000016638,habitation,06-09-2026,07-01-2027,actif,1290.09,mensuelle,carte,AG-QC-003,10-08-2026,13-08-2026,,,
quebec,QC-0001-6684,M.,Liam,Hernandez,29-10-1984,M,en,8905,Street,Cedar,,,Lévis,QC,Québec,G6W 6N3,CA,liam.hernandez@hotmail.example,+1-581-555-0159,CTR-3000016684,auto,02-03-2020,08-12-2026,actif,1235.97,mensuelle,prélèvement,AG-QC-001,19-02-2020,22-09-2022,,,
quebec,QC-0001-6836,Mme,Stéphanie,King,26-03-1941,F,fr,1074,rang,des Peupliers,,,Montréal,QC,Québec,H2X 9G0,CA,ste784@gmail.example,+1-819-555-0135,CTR-3000016836,voyage,16-09-2018,14-12-2026,suspendu,182.57,mensuelle,virement,AG-QC-001,06-09-2018,07-02-2023,,,
quebec,QC-0001-6935,Mme,Marguerite,Proulx,17-08-1995,F,fr,9685,rue,du Marais,,,Ottawa,ON,Ontario,K1A 5N2,CA,marguerite.proulx@gmail.example,+1-942-555-0149,CTR-3000016935,voyage,18-06-2024,12-02-2027,actif,717.04,mensuelle,virement,AG-QC-003,14-06-2024,16-10-2025,,,
quebec,QC-0001-6949,M.,Luc,Turcotte,20-10-1962,M,fr,8996,boulevard,des Mélèzes,,,Repentigny,QC,Québec,J6A 8T9,CA,luc0046@hotmail.example,+1-514-555-0175,CTR-3000016949,habitation,16-06-2024,11-06-2027,actif,2034.17,annuelle,prélèvement,AG-QC-001,26-05-2024,28-05-2025,,,
quebec,QC-0001-7096,Mme,Josée,Bélanger,07-06-2001,F,fr,4098,boulevard,du Marais,,78,Gaspé,QC,Québec,G4X 5M4,CA,josee571@yahoo.example,+1-819-555-0189,CTR-3000017096,auto,07-03-2022,24-11-2022,expiré,494.55,mensuelle,prélèvement,AG-QC-001,18-02-2022,03-12-2022,,,
quebec,QC-0001-7270,Mme,Manon,Morin,01-07-1954,F,fr,5726,avenue,des Lilas,Est,981,Sherbrooke,QC,Québec,J1K 9S2,CA,morin8900@hotmail.example,+1-873-555-0172,CTR-3000017270,voyage,24-06-2017,10-10-2023,expiré,447.76,mensuelle,virement,AG-QC-006,02-06-2017,13-05-2019,,,
quebec,QC-0001-7673,Mme,Suzanne,Michaud,07-11-1986,F,fr,5523,montée,des Mélèzes,Ouest,725,Longueuil,QC,Québec,J4H 9W7,CA,suzannemichaud@outlook.example,+1-514-555-0158,CTR-3000017673,auto,13-04-2020,02-02-2027,suspendu,640.92,annuelle,prélèvement,AG-QC-001,08-04-2020,13-02-2022,,,
quebec,QC-0001-7855,Mme,Riley,Thompson,04-06-1952,F,en,9673,Circle,Redwood,,,Edmonton,AB,Alberta,T5J 2N6,CA,riley.thompson@proton.example,+1-587-555-0138,CTR-3000017855,habitation,30-07-2025,15-12-2026,actif,3300.82,mensuelle,prélèvement,AG-QC-005,13-07-2025,15-09-2026,,,
quebec,QC-0001-8126,Mme,Gabrielle,Mohamned,12-03-2001,F,fr,7282,avenue,des Cèdres,,,Montréal,QC,Québec,H2X 8E3,CA,gabrielle.mohammed@videotron.example,+1-579-555-0126,CTR-300001812,auto,19-01-2023,,actif,1254.88,annuelle,prélèvement,AG-QC-005,01-01-2023,29-11-2024,,,
quebec,QC-0001-8458,Mme,Anne,Côté,20-02-1985,F,fr,6028,allée,de la Rivière,,,Sherbrooke,QC,Québec,J1H 9S3,CA,anne1446@hotmail.example,+1-450-555-0125,CTR-3000018458,auto,11-09-2022,06-12-2026,actif,1756.98,mensuelle,virement_X,AG-QC-001,08-09-2022,15-02-2026,,,
quebec,QC-0001-8468,Mme,Sylvie,Lachance,30-04-1976,F,fr,7958,rue,des Sommets,,,Québec,ON,Ontario,G1R 5M3,CA,sylvielachance@yahoo.example,+1-514-555-0157,CTR-3000018468,habitation,19-06-2021,14-12-2022,expiré,1281.85,mensuelle,prélèvement,AG-QC-001,20-05-2021,24-10-2025,,,
quebec,QC-0001-8739,M.,Serge,Côté,18-09-1949,M,fr,1460,rue,de la Colline,Nord,,Longueuil,QC,Québec,J4H 8X2,CA,sc5647@yahoo.example,+1-468-555-0161,CTR-3000018739,habitation,10-01-2021,02-01-2027,actif,3329.12,annuelle,virement,AG-QC-002,01-01-2021,29-09-2025,,,
quebec,QC-0001-8987,M.,Charles,Lachance,03-03-1947,M,fr,1942,boulevard,des Bouleaux,Ouest,,Longueuil,QC,Québec,J4K 1Z9,CA,cha507@gmail.example,+1-468-555-0160,CTR-3000018987,vie,04-05-2025,25-08-2027,actif,1512.19,mensuelle,prélèvement,AG-QC-001,02-05-2025,18-06-2025,,,
quebec,QC-0001-9279,M.,Mathieu,Lavoie,06-01-1987,M,fr,5753,rue,des Champs,,,Laval,QC,Québec,H7W 1H5,CA,mathieu-lavoie@yahoo.example,+1-514-555-0168,CTR-3000019279,auto,13-01-2020,27-03-2027,actif,-835.07,mensuelle,prélèvement,AG-QC-004,03-01-2020,08-03-2026,19-10-2021,19926.51,ouvert
quebec,QC-0001-9319,M.,Mathieu,Le,12-05-1952,M,fr,5423,rang,des Lilas,,236,Shawinigan,QC,Québec,G9P 5C3,CA,mathieulee@outlook.example,+1-581-555-0149,CTR-3000019319,voyage,08-08-2020,18-06-2023,expiré,232.03,mensuelle,carte,AG-QC-004,13-07-2020,02-10-2020,,,
quebec,QC-0001-9401,Mme,Camille,Gagné,10-05-1974,F,fr,2971,côte,des Mélèzes,,947,Québec,QC,Québec,G1V 8M8,CA,leo_roy@outlook.example,+1-514-555-0154,CTR-3000019401,habitation,25-03-2017,21-11-2026,suspendu,435.74,mensuelle,prélèvement,AG-QC-002,23-03-2017,18-06-2024,,,
quebec,QC-0001-9428,Mme,Béatrice,tS-Pierre,25-08-1946,F,fr,7251,rue,ds Lilas,,153,Montréal,QC,Québec,H3G 3B3,CA,bs779@proton.example,+1-873-555-0168,CTR-3000019428,habitation,01-08-2026,16-02-2027,actif,3073.75,mensuelle,prélèvement,AG-QC-001,16-07-2026,28-08-2026,,,
quebec,QC-0001-9841,M.,Marc-André,Lachance,29-07-1953,M,fr,2926,chemin,de l'Anse,,,Québec,QC,Québec,G1V 3G9,CA,lachance.marcandre@videotron.example,+1-873-555-0121,CTR-3000019841,habitation,10-06-2020,11-08-2027,actif,589.51,trimestrielle,prélèvement,AG-QC-005,05-06-2020,15-07-2020,,,
quebec,QC-0002-0020,M.,Olivier,Grenier,23-05-1983,M,fr,3500,avenue,des Sommets,Sud,292,Saint-Jérôme,QC,Québec,J7Y 8E8,CA,olivier-grenier@hotmail.example,+1-873-555-0194,CTR-3000020020,vie,10-10-2019,,actif,1183.15,annuelle,prélèvement,AG-QC-001,09-10-2019,20-03-2023,,,
quebec,QC-0002-0492,Mme,Sofia,Young,30-04-1982,F,en,7090,Court,Birch,,720,Québec,QC,Québec,G2B 9A4,CA,young51@outlook.example,+1-819-555-0179,CTR-3000020492,voyage,01-12-2022,,actif,247.45,mensuelle,virement,AG-QC-001,01-11-2022,29-05-2025,,,
quebec,QC-0002-0526,Mme,Geneviève,Tremblay,04-04-2004,F,fr,5811,rang,de la Clairière,,,Montréal,QC,Québec,H3G 5B2,CA,genevieve83@gmail.example,+1-514-555-0180,CTR-3000020526,voyage,17-03-2025,30-08-2026,expiré,274.55,mensuelle,prélèvement,AG-QC-006,17-03-2025,24-03-2025,,,
quebec,QC-0002-0580,Mme,Élise,Nadeau,11-05-1962,F,fr,2898,rue,de l'Église,,220,Longueuil,QC,Québec,J4K 7L5,CA,elise_nadeau@videotron.example,+1-579-555-0159,CTR-3000020580,habitation,01-09-2018,,actif,2831.96,mensuelle,virement,AG-QC-002,02-08-2018,06-12-2024,18-08-2026,45859.00,fermé
quebec,QC-0002-0649,M.,Marc,Roy,30-03-1941,M,fr,8800,boulevard,des  Peupliers,,,Saint-Jean-sur-Richelieu,QC,Québec,J3B 1P9,CA,marcr@videotron.example,+1-450-555-0159,,voyage,03-10-2017,14-09-2027,actif,420.24,mensuelle,virement,AG-QC-001,03-09-2017,14-04-2020,,,
quebec,QC-0002-0800,M.,Ethan,Le,08-09-1948,M,en,1647,Drive,Hillcrest,,,Regina,SK,Saskatchewan,S4P 1Z2,CA,ethan57@hotmail.example,+1-639-555-0126,CTR-3000020800,habitation,30-09-2017,17-04-2027,actif,1723.74,mensuelle,prélèvement,AG-QC-001,07-09-2017,21-12-2019,,,
quebec,QC-0002-0878,M.,Michel,Fortin,26-04-1962,M,fr,6226,avenue,des Lilas,Sud,,Montréal,QC,Québec,H2X 9M9,CA,michel1684@yahoo.example,+1-873-555-0193,CTR-3000020878,auto,18-02-2023,02-03-2027,actif,1295.82,annuelle,carte,AG-QC-004,30-01-2023,30-07-2023,,,
quebec,QC-0002-1112,Mme,Marie-Claude,oFurnier,14-03-1962,F,fr,8622,croissant,de la Riviere,,,Mascouche,QC,Québec,J7K 4K2,CA,marieclaude_fournier@rogers.example,+1-438-555-0199,CTR-3000021112,vie,21-10-2024,19-02-2027,actif,1227.32,annuelle,prélèvement,AG-ON-001,16-10-2024,26-05-2025,,,
quebec,QC-0002-1119,Mme,Béatrice,Tremblay,21-08-1964,F,fr,8964,rue,du Soleil-Levant,,,Sorel-Tracy,QC,Québec,J3R 7E7,CA,bt1958@icloud.example,+1-819-555-0170,CTR-3000021119,habitation,14-11-2023,,actif,1198.73,mensuelle,prélèvement,AG-QC-001,11-11-2023,04-05-2024,,,
quebec,QC-0002-1193,Mme,Véronique,Huang,19-06-1945,F,fr,318,rang,du Sentier,,,Gatineau,QC,Québec,J8X 1L9,CA,veronique_huang@gmail.example,+1-873-555-0107,CTR-3000021193,auto,22-08-2024,12-04-2027,actif,1503.70,mensuelle,carte,AG-QC-002,28-07-2024,13-05-2026,,,
quebec,QC-0002-1218,M.,Louis,Santos,04-01-1940,M,fr,8828,boulevard,des Mélèzes,,23,Val-d'Or,QC,Québec,J9P 5X8,CA,santos614@gmail.example,+1-418-555-0129,CTR-3000021218,voyage,13-02-2026,16-04-2026,expiré,255.66,mensuelle,prelevement,AG-QC-003,20-01-2026,01-04-2026,,,
quebec,QC-0002-1406,M.,Sebastian,Bélanger,12-07-1980,M,en,3525,Street,Riverside,,820,Rivière-du-Loup,QC,Québec,G5R 8C0,CA,sebastian.belanger@icloud.example,+1-367-555-0192,CTR-3000021406,auto,25-06-2017,,actif,1789.06,mensuelle,prélèvement,AG-QC-003,20-06-2017,28-10-2019,02-02-2021,13736.64,fermé
quebec,QC-0002-1479,Mme,Nicole,Pelletier,01-01-1998,F,fr,1610,route,de l'École,,532,Repentigny,QC,Québec,J5Y 4L0,CA,nicole.pelletier@videotron.example,+1-579-555-0156,CTR-3000021479,voyage,30-04-2025,13-03-2027,actif,670.50,annuelle,virement,AG-QC-006,22-04-2025,16-05-2025,,,
quebec,QC-0002-1658,Mme,Mia,Parker,13-05-1985,F,en,8951,Road,Silverwood,,,Waterloo,ON,Ontario,N2L 9R6,CA,miap@videotron.example,+1-548-555-0155,CTR-3000021658,auto,01-12-2023,02-05-2027,actif,2229.60,mensuelle,prélèvement,AG-QC-001,03-11-2023,04-12-2023,,,
quebec,QC-0002-1937,Mme,Nova,Scott,09-12-1980,F,en,965,Street,Mountainview,North,631,Regina,SK,Saskatchewan,S4P 4L8,CA,nova.scott@hotmail.example,+1-306-555-0128,CTR-3000021937,auto,20-08-2017,07-03-2027,actif,1842.60,trimestrielle,virement,AG-QC-004,23-07-2017,10-05-2020,,,
quebec,QC-0002-1974,M.,Marc-André,Lavoie,15-04-1988,M,fr,1379,rang,du Boisé,Sud,,Drummondville,qc,Québec,J2C 5T8,CA,marcandre_lavoie@outlook.example,+1-819-555-0102,CTR-3000021974,habitation,08-09-2019,07-09-2027,actif,1194.16,annuelle,prélèvement,AG-QC-005,01-09-2019,05-11-2019,,,
quebec,QC-0002-2274,Mme,Maude,Fortin,16-08-1991,F,fr,4663,avenue,du Havre,,578,Terrebonne,QC,Québec,J6W 5C1,CA,mf1490@icloud.example,+1-354-555-0195,CTR-3000022274,auto,15-04-2020,10-03-2027,actif,1605.89,annuelle,virement,AG-QC-002,31-03-2020,09-05-2026,,,
quebec,QC-0002-2288,M.,Liam,Smith,04-06-1943,M,en,8362,Boulevard,Foxglove,,,Halifax,NS,Nouvelle-Écosse,B3J 8R5,CA,liam2412@outlook.example,+1-782-555-0156,CTR-3000022288,auto,07-12-2023,05-05-2027,actif,1531.89,mensuelle,prélèvement,AG-QC-001,23-11-2023,20-03-2026,,,
quebec,QC-0002-2360,M.,Jacques,Lévesque,02-02-1973,M,fr,6764,avenue,des Champs,,415,Sorel-Tracy,QC,Québec,J3R 2W5,CA,jacques00@icloud.example,+1-581-555-0160,CTR-3000022360,habitation,10-10-2021,,actif,868.67,mensuelle,prélèvement,AG-QC-001,10-09-2021,24-10-2024,,,
quebec,QC-0002-2535,M.,William,Wong,22-07-2006,M,fr,1105,carré,des Lilas,Sud,,Longueuil,QC,Québec,J4K 8C6,CA,william.wong@hotmail.example,+1-263-555-0120,CTR-3000022535,habitation,10-10-2025,23-05-2027,actif,591.64,trimestrielle,prélèvement,AG-QC-002,11-09-2025,13-05-2026,22-11-2025,40510.29,rejeté
quebec,QC-0002-2634,M.,Alexander,Mitchell,02-10-1958,M,en,7164,Street,Cedar,,,Toront o,ON,Ontario,M4W 3G7,CA,alexander-mitchell@outlook.example,+1-249-555-0175,CTR-3000022634,habitation,27-11-2021,04-07-2027,actif,1935.54,annuelle,prélèvement,AG-QC-002,27-11-2021,40-13-2026,,,
quebec,QC-0002-2677,M.,Simon,Vachon,16-02-1984,M,fr,6868,montée,des Hirondelles,,,Sorel-Tracy,QC,Québec,J3R 5G3,CA,simonv@gmail.example,+1-418-555-0191,CTR-3000022677,auto,26-07-2024,06-06-2027,actif,1837.97,trimestrielle,prélèvement,AG-QC-001,24-07-2024,08-11-2024,,,
quebec,QC-0002-2770,M.,Jean-Philippe,Wong,18-09-1945,M,fr,5073,côte,des Peupliers,Est,425,Montréal,QC,Québec,H3G 7J8,CA,jeanphilippewong@icloud.example,+1-873-555-0197,CTR-3000022770,auto,25-04-2017,11-11-2026,suspendu,1767.99,annuelle,virement,AG-QC-005,12-04-2017,24-12-2020,,,
quebec,QC-0002-2815,Mme,Charlotte,Campbell,17-01-1968,F,en,6495,Road,Garden,,347,Châteauguay,QC,Québec,J6K 6A4,CA,charlotte1947@icloud.example,+1-579-555-0131,CTR-3000022815,habitation,23-08-2024,18-08-2026,expiré,1539.19,mensuelle,virement,AG-QC-004,13-08-2024,05-04-2025,,,
quebec,QC-0002-2934,Mme,Alice,Singh,09-02-1985,F,fr,8742,rue,du Plateau,,,Magog,QC,Québec,J1X 2V8,CA,singh.alice@gmail.example,+1-354-555-0196,CTR-3000022934,habitation,26-08-2022,30-06-2026,expiré,1610.61,annuelle,prélèvement,AG-QC-004,05-08-2022,18-08-2025,,,
quebec,QC-0002-2981,M.,Michel,Gagnon,01-04-1999,M,fr,8185,rue,de la Colline,,,Terrebonne,QC,Québec,J6W 2K4,CA,michel758@videotron.example,+1-354-555-0113,CTR-3000022981,auto,14-02-2022,09-12-2022,expiré,1182.43,annuelle,prélèvement,AG-QC-004,26-01-2022,25-09-2022,,,
quebec,QC-0002-3074,Mme,Antoine,oFrtin,16-10-1972,F,fr,5514,rang,des Prairies,,,Shawinigan,QC,Québec,G9T 8S2,CA,antoine78@hotmail.example,+1-819-555-0178,CTR-3000023074,voyage,18-10-2020,14-03-2027,actif,60.11,annuelle,prélèvement,AG-QC-003,04-10-2020,21-09-2022,,,
quebec,QC-0002-3185,Mme,Alice,Lee,02-07-1946,F,fr,2585,avenue,du Marais,,,Québec,QC,Québec,G2B 8L4,CA,lee.alice@gmail.example,+1-418-555-0198,CTR-3000023185,voyage,09-10-2021,23-06-2027,actif,232.01,mensuelle,carte,AG-QC-001,02-10-2021,13-10-2021,10-03-2022,18718.41,fermé
quebec,QC-0002-3623,M.,Robert,Chen,05-03-1985,M,fr,1763,route,de l'École,,,Victoriaville,QC,Québec,G6P 1L4,CA,robertchen@hotmail.example,+1-263-555-0188,CTR-3000023623,habitation,16-12-2025,05-11-2026,actif,1961.05,annuelle,carte,AG-QC-001,30-11-2025,30-04-2026,,,
quebec,QC-0002-4226,M.,Gilles,Martel,17-11-1976,M,fr,9811,boulevard,des Lilas,,858,Sherbrooke,QC,Québec,J1K 3W0,CA,gil0659@gmail.example,+1-354-555-0183,CTR-3000024226,vie,03-06-2021,,suspendu,4786.83,mensuelle,prélèvement,AG-QC-004,27-05-2021,07-02-2024,,,
quebec,QC-0002-4392,M.,Pierre-Luc,Grenier,04-01-1985,M,fr,449,boulevard,de la Rivière,,154,Montréal,QC,Québec,H1A 7W2,CA,pierreluc.grenier@gmail.example,+1-263-555-0185,CTR-3000024392,habitation,13-02-2021,,actif,1244.29,mensuelle,prélèvement,AG-QC-001,11-02-2021,22-06-2025,,,
quebec,QC-0002-4999,M.,Rémi,Le,29-08-1957,M,fr,5520,avenue,du Ruisseau,Est,493,Rivière-du-Loup,QC,Québec,G5R 7B7,CA,remi.le@hotmail.example,+1-873-555-0156,CTR-3000024999,auto,17-09-2020,01-08-2024,expiré,431.54,mensuelle,carte,AG-QC-001,17-09-2020,28-08-2024,25-06-2022,13006.41,ouvert
quebec,QC-0002-5002,Mme,Clara,Fortin,29-04-1962,F,fr,7629,place,de la Colline,,,Lethbridge,AB,Alberta,T1J 3J7,CA,cla926@outlook.example,+1-780-555-0153,CTR-3000025002,auto,15-07-2021,17-03-2027,actif,2559.93,mensuelle,carte,AG-QC-001,30-06-2021,27-03-2026,,,
quebec,QC-0002-5019,M.,Nathan,Dubé,21-11-1997,M,fr,7053,chemin,de la Gare,Nord,851,Saint-Jean-sur-Richelieu,QC,Québec,J3B 5K5,CA,nat1636@outlook.example,+1-418-555-0128,CTR-3000025019,auto,31-10-2019,24-02-2027,actif,919.84,mensuelle,prélèvement,AG-QC-001,13-10-2019,15-02-2021,,,
quebec,QC-0002-5137,Mme,Charlotte,Scott,23-05-1955,F,en,2926,Road,Railway,West,959,Vaudreuil-Dorion,QC,Québec,J7T 4S1,CA,cha670@proton.example,+1-579-555-0118,CTR-3000025137,vie,15-05-2026,15-07-2026,expiré,1002.33,mensuelle,virement,AG-PR-006,18-04-2026,19-06-2026,,,
quebec,QC-0002-5243,Mme,Marie,Bergeron,15-07-1974,F,fr,7766,boulevard,des Pins,Sud,,Lévis,QC,Québec,G6W 8Z9,CA,marie7138@gmail.example,+1-581-555-0188,CTR-3000025243,auto,14-10-2018,03-07-2020,résilié,330.14,trimestrielle,virement,AG-QC-002,09-10-2018,20-06-2023,22-12-2019,11298.17,fermé
quebec,QC-0002-5251,M.,Robert,Simard,21-11-2002,M,fr,1045,rue,des Érables,Ouest,,Shawinigan,QC,Québec,G9N 7E3,CA,rob6998@yahoo.example,+1-354-555-0174,CTR-3000025251,auto,24-11-2023,21-07-2027,actif,1307.89,annuelle,prélèvement,AG-QC-004,25-10-2023,08-08-2026,,,
quebec,QC-0002-5386,Mme,Aurora,Chen,10-08-1947,F,en,8952,Avenue,Church,,,Hamilton,ON,Ontario,L8S 5K0,CA,achen@icloud.example,+1-807-555-0111,CTR-3000025386,auto,25-05-2027,23-05-2019,actif,-607.97,semestrielle,prélèvement,AG-QC-002,23-05-2019,08-12-2019,,,
quebec,QC-0002-5671,M.,Sébastien,Morris,28-02-1974,M,fr,8297,rue,des Bouleaux,,502,Graanby,QC,Québec,J2G 1Y9,CA,morris.sebastien@gmail.example,+1-819-555-0104,CTR-3000025671,habitation,19-06-2021,24-08-2027,actif,2689.33,semestrielle,virement,AG-QC-001,23-05-2021,02-02-2024,,,
quebec,QC-0002-6329,M.,Daniel,Roy,11-03-1995,M,fr,9360,boulevard,de la Rivière,,,Québec,QC,Québec,G1R 7K5,CA,roy4169@yahoo.example,+1-819-555-0183,CTR-3000026329,vie,23-07-2020,24-04-2027,actif,2096.90,mensuelle,chèque,AG-QC-001,11-07-2020,16-10-2025,,,
quebec,QC-0002-6362,M.,Simon,Hébert,18-08-1941,M,fr,1558,allée,de la Rivière,,,Victoriaville,QC,Québec,G6R 9S8,CA,simonhebert@videotron.example,+1-450-555-0121,CTR-3000026362,vie,20-04-2017,04-04-2027,suspendu,1619.54,annuelle,prélèvement,AG-QC-002,27-03-2017,20-10-2023,,,
quebec,QC-0002-6367,Mme,Anne,Rahman,26-03-1972,F,fr,2795,rang,du Havre,,940,Châteauguay,QC,Québec,J6J 9R1,CA,ar07@hotmail.example,+1-819-555-0156,CTR-3000026367,habitation,20-04-2023,29-12-2026,suspendu,2282.19,mensuelle,prélèvement,AG-QC-001,10-04-2023,12-02-2024,,,
quebec,QC-0002-6983,M.,Hudson,Liu,05-05-1980,M,en,6051,Avenue,Maple,,496,Moncton,NB,Nouveau-Brunswick,E1A 1T2,CA,hud812@hotmail.example,+1-428-555-0182,CTR-3000026983,habitation,12-05-2022,15-04-2027,actif,968.09,mensuelle,carte,AG-QC-005,18-04-2022,10-02-2025,,,
quebec,QC-0002-7003,Mme,Gabrielle,Pelletier,28-05-1995,F,fr,6922,avenue,des Peupliers,Sud,,Montréal,QC,Québec,H2X 8H3,CA,pelletier717@gmail.example,+1-514-555-0153,CTR-3000027003,habitation,02-07-2025,20-02-2027,actif,1269.84,annuelle,prélèvement,AG-QC-001,17-06-2025,02-08-2026,,,
quebec,QC-0002-7259,M.,Olivier,Zhang,29-04-2003,M,fr,3132,terrasse,du Moulin,,216,Sept-Îles,QC,Québec,G4R 1W1,CA,oli178@gmail.example,+1-819-555-0111,CTR-3000027259,habitation,04-07-2022,09-01-2025,résilié,1817.54,mensuelle,carte,AG-QC-002,01-07-2022,02-04-2023,,,
quebec,QC-0002-7358,Mme,Mélanie,Bouchard,17-06-1940,F,fr,6531,route,des Tulipes,,,Laval,QC,Québec,H7N 2A9,CA,melanie15@gmail.example,+1-581-555-0159,CTR-3000027358,voyage,25-01-2024,,actif,384.59,semestrielle,prélèvement,AG-QC-002,25-01-2024,11-04-2024,,,
quebec,QC-0002-7421,M.,Jacques,Fortin,13-07-1941,M,fr,908,impasse,des Mélèzes,,,Saint-Jean-sur-Richelieu,QC,Québec,J3A 5N0,CA,jacques_fortin@proton.example,+1-581-555-0151,CTR-3000027421,vie,20-05-2026,04-02-2027,actif,3089.34,mensuelle,chèque,AG-QC-002,23-04-2026,09-06-2026,,,
quebec,QC-0002-7536,Mme,Gianna,Young,03-03-1959,F,en,7060,Road,Forest,,,Whitehorse,YT,Yukon,Y1A 6P7,CA,gia539@gmail.example,+1-867-555-0172,CTR-3000027536,auto,11-09-2017,13-08-2027,actif,553.65,annuelle,prélèvement,AG-QC-006,14-08-2017,04-05-2023,,,
quebec,QC-0002-7606,M.,Patrick,Costa,29-01-1985,M,fr,5388,chemin,des Champs,Ouest,,Lévis,QC,Québec,G6V 4V1,CA,patrick.costa@outlook.example,+1-438-555-0120,CTR-3000027606,vie,21-08-2025,07-08-2027,actif,2400.34,mensuelle,chèque,AG-QC-001,30-07-2025,30-08-2025,,,
quebec,QC-0002-7687,M.,Robert,Paquette,19-07-1949,M,fr,3166,chemin,des Jardins,,547,Québec,QC,Québec,G1V 5R0,CA,robertpaquette@videotron.example,+1-514-555-0107,CTR-3000027687,voyage,27-10-2020,08-09-2021,expiré,384.36,mensuelle,prélèvement,AG-QC-004,01-10-2020,21-03-2022,,,
quebec,QC-0002-7690,M.,Jean-François,Lefebvre,24-08-1984,M,fr,8105,côte,de la Traverse,,866,Sorel-Tracy,QC,Québec,J3P 5K2,CA,jeanfrancois-lefebvre@gmail.example,+1-438-555-0130,CTR-3000027690,auto,01-01-2019,14-08-2027,actif,1891.65,mensuelle,prélèvement,AG-QC-004,14-12-2018,09-12-2022,,,
quebec,QC-0002-8144,Mme,Manon,Dubé,05-05-1941,F,fr,1223,chemin,de la Côte-Verte,,,Brossard,QC,Québec,J4W 1P7,CA,manon97@hotmail.example,+1-354-555-0109,CTR-3000028144,habitation,18-04-2019,15-03-2027,actif,2051.77,trimestrielle,carte,AG-QC-002,21-03-2019,05-09-2025,,,
quebec,QC-0002-8199,Mme,Camille,watel,04-05-1974,F,fr,4757,chemin,des Cascades,,,Sept-Îles,QC,Quebec,G4S 7L9,CA,camille_patel@outlook.example,+1-819-555-0197,CTR-3000028199,auto,06-07-2023,04-06-2027,actif,864.94,semestrielle,prélèvement,AG-PR-001,01-07-2023,14-03-2024,,,
quebec,QC-0002-8203,M.,Samuel,Gauthier,15-07-1951,M,fr,4719,impasse,du Belvédère,,,Gatineau,QC,Québec,J8X 6X2,CA,sam9696@proton.example,+1-514-555-0187,CTR-3000028203,auto,08-08-2027,25-08-2020,actif,1020.78,mensuelle,prélèvement,AG-QC-003,27-07-2020,17-07-2022,,,
quebec,QC-0002-8389,M.,Maxime,Bélanger,20-09-1938,M,fr,2135,rue,du Moulin,Est,,Québec,QC,Québec,G1R 0J5,CA,belanger.maxime@icloud.example,+1-418-555-0145,CTR-3000028389,voyage,20-06-2020,23-03-2027,actif,386.12,trimestrielle,prélèvement,AG-QC-001,05-06-2020,20-11-2020,,,
quebec,QC-0002-8595,M.,Serge,Lee,06-12-1991,M,fr,1435,avenue,de la Rivière,,,Alma,QC,Québec,G8C 5V9,CA,lee075@yahoo.example,+1-367-555-0165,CTR-3000028595,auto,17-03-2018,,actif,1050.04,mensuelle,prélèvement,AG-QC-006,24-02-2018,05-06-2026,20-09-2022,26585.50,fermé
quebec,QC-0002-8706,M.,Louis,Côté,25-11-1974,M,fr,8002,route,du Ruisseau,,,Gatineau,QC,Québec,J8X 9W5,CA,louis.cote@videotron.example,+1-438-555-0178,CTR-3000028706,auto,10-07-2025,,actif,404.34,mensuelle,chèque,AG-QC-001,29-06-2025,30-09-2025,,,
quebec,QC-0002-8779,M.,Antoine,Tremblay,26-11-2002,M,fr,9950,rang,des Pionniers,,,Laval,QC,Québec,H7W 0W8,CA,tremblay.antoine@icloud.example,+1-263-555-0170,CTR-3000028779,habitation,13-11-2021,13-10-2023,expiré,1593.08,annuelle,virement,AG-QC-001,30-10-2021,24-07-2024,,,
quebec,QC-0002-8963,M.,Félix,Dubé,27-03-1951,M,fr,2547,rue,des Pins,,,Drummondville,QC,Québec,J2C 1E5,CA,felix992@gmail.example,+1-418-555-0146,,habitation,11-11-2018,,suspendu,1693.81,annuelle,prélèvement,AG-QC-004,13-10-2018,22-07-2019,05-10-2021,3901.39,en_cours
quebec,QC-0002-8971,Mme,Louise,Lévesque,06-02-1972,F,fr,2155,rue,du Ruisseau,,,Montréal,QC,Québec,H2X 5L1,CA,louise333@hotmail.example,+1-468-555-0119,CTR-3000028971,habitation,19-06-2023,24-03-2027,actif,1986.17,annuelle,prélèvement,AG-QC-001,26-05-2023,28-06-2024,,,
quebec,QC-0002-8978,Mme,Nathalie,Gagnon,29-07-1970,F,fr,7833,avenue,du Rocher,,,Montréal,QC,Québec,H4A 9P9,ca,nathalie2399@gmail.example,+1-579-555-0124,CTR-3000028978,auto,27-06-2017,09-03-2020,expiré,1481.26,annuelle,prélèvement,AG-QC-001,27-06-2017,03-08-2019,,,
quebec,QC-0002-9121,M.,Hugo,Dubé,04-11-1988,M,fr,3703,terrasse,des Mélèzes,,,Québec,QC,Québec,G2B 7H1,CA,hugodube@gmail.example,+1-418-555-0192,CTR-3000029121,auto,25-07-2021,24-06-2027,actif,1256.03,mensuelle,virement,AG-QC-001,17-07-2021,26-01-2023,,,
quebec,QC-0002-9435,M.,Mathieu,Johnson,20-01-1984,M,fr,5407,avenue,des Deux-Rivières,Sud,,Laval,QC,Québec,H7W 4M9,CA,johnson06@yahoo.example,+1-581-555-0181,CTR-3000029435,vie,26-05-2018,05-06-2027,actif,2641.61,mensuelle,prélèvement,AG-QC-004,04-05-2018,01-02-2019,,,
quebec,QC-0002-9582,Mme,Nathalie,Pelletier,17-01-1948,F,fr,6697,boulevard,des Pins,,,Longueuil,QC,Québec,J4K 9N9,CA,nathalie5489@outlook.example,+1-367-555-0152,CTR-3000029582,vie,03-05-2026,12-04-2027,actif,3292.39,annuelle,carte,AG-QC-003,07-04-2026,19-06-2026,,,
quebec,QC-0002-9722,Mme,Nathalie,Fortin,08-05-1941,F,fr,829,rue,du Lac,,,Granby,QC,Québec,J2H 3H6,CA,nf958@outlook.example,+1-819-555-0154,CTR-3000029722,auto,16-03-2022,21-05-2026,expiré,1151.65,semestrielle,virement,AG-QC-001,10-03-2022,08-08-2023,,,
quebec,QC-0002-9901,M.,Leo,Clark,02-05-1954,M,en,345,Street,Garden,,,Alma,QC,Québec,G8B 6W0,CA,leo45@yahoo.example,+1-450-555-0188,CTR-3000029901,auto,02-08-2022,,actif,339.36,annuelle,carte,AG-QC-006,23-07-2022,15-07-2025,04-09-2023,26028.32,fermé
quebec,QC-0002-9919,Mme,Willow,Lewis,12-04-1946,F,en,1562,Road,Cedar,,651,Châteauguay,QC,Québec,J6J 2R8,CA,willowlewis@outlook.example,+1-581-555-0144,CTR-3000029919,voyage,07-11-2020,19-03-2027,actif,484.34,annuelle,prélèvement,AG-QC-003,15-10-2020,27-09-2021,,,
quebec,QC-0003-0057,M.,Henry,King,05-09-1993,M,en,7116,Street,Brookside,,813,Mississauga,ON,Ontario,L5B 9S3,CA,king.henry@outlook.example,+1-905-555-0172,CTR-3000030057,auto,13-03-2023,21-10-2024,expiré,1996.92,annuelle,prélèvement,AG-QC-004,02-03-2023,19-09-2023,,,
quebec,QC-0003-0470,Mme,Sophia,Bailey,06-07-1951,F,en,3691,Avenue,Birch,East,181,Misissauga,ON,Ontario,L5B 0S9,CA,sophiabailey@proton.example,+1-613-555-0136,CTR-3000030470,vie,05-03-2017,,actif,1216.22,trimestrielle,prélèvement,AG-QC-003,05-02-2017,14-06-2017,,,
quebec,QC-0003-1068,M.,Mateo,Pelletier,13-03-1958,M,en,9444,Place,Greenfield,,,Ottawa,ON,Ontario,K2P 1Z7,CA,mateo.pelletier@icloud.example,+1-519-555-0125,CTR-3000031068,voyage,20-07-2024,09-04-2027,actif,215.17,semestrielle,carte,AG-QC-005,29-06-2024,27-11-2024,,,
quebec,QC-0003-1153,M.,Alexis,Garcia,20-01-1998,M,fr,3876,avenue,des Laurentides,,,Montréal,QC,Québec,H2X 6T2,CA,alexis.garcia@yahoo.example,+1-514-555-0153,CTR-3000031153,auto,31-05-2023,13-02-2027,actif,2225.61,mensuelle,prélèvement,AG-QC-001,12-05-2023,08-08-2025,06-03-2026,13622.53,fermé
quebec,QC-0003-1609,M.,William,Wright,20-03-1946,M,en,2227,Drive,Meadow,,78,Vancouver,BC,Colombie-Britannique,V5K 8S5,CA,williamwright@yahoo.example,+1-236-555-0172,CTR-3000031609,habitation,21-08-2023,16-01-2027,actif,1402.94,annuelle,prélèvement,AG-QC-003,06-08-2023,16-12-2023,,,
quebec,QC-0003-1752,Mme,Valérie,Paquette,31-05-1938,F,fr,8991,rue,des Cascades,Ouest,,Saguenay,QC,Québec,G7J 4B9,CA,vp5328@yahoo.example,+1-581-555-0125,CTR-3000031752,habitation,21-08-2017,07-06-2027,actif,1072.75,mensuelle,prélèvement,AG-QC-002,27-07-2017,06-12-2020,,,
quebec,QC-0003-1998,M.,William,White,09-10-1991,M,en,3704,Circle,Hillcrest,,,Québec,QC,Québec,G1V 7M8,CA,white317@gmail.example,+1-873-555-0159,CTR-3000031998,vie,11-06-2024,27-08-2027,actif,907.12,annuelle,virement,AG-QC-001,28-05-2024,10-12-2025,,,
quebec,QC-0003-2216,M.,Maxime,Fournier,22-09-1970,M,fr,8652,boulevard,des Lilas,,,Sherbrooke,QC,Québec,J1K 3P4,CA,fournier.maxime@outlook.example,+1-873-555-0180,CTR-3000032216,auto,11-04-2023,17-04-2027,actif,692.32,annuelle,prélèvement,AG-QC-001,16-03-2023,05-12-2024,,,
quebec,QC-0003-2349,M.,Thomas,Caron,17-05-1947,M,fr,5050,boulevard,des Trilliums,,469,Ottawa,ON,Ontario,K1A 1G3,CA,tho6691@outlook.example,+1  807-555-0101,CTR-3000032349,habitation,22-08-2022,18-05-2027,actif,1146.89,annuelle,prélèvement,AG-QC-006,13-08-2022,07-01-2026,,,
quebec,QC-0003-2630,M.,Joseph,Boucher,21-03-1973,M,en,894,Crescent,Northgate,,,Beloeil,QC,Quebec,J3G 7T1,CA,jos6456@gmail.example,+1-579-555-0199,CTR-3000032630,auto,24-01-2025,20-01-2027,actif,799.67,mensuelle,prélèvement,AG-QC-002,27-12-2024,04-12-2025,,,
quebec,QC-0003-2738,M.,Denis,Tremblay,30-10-1952,M,fr,6141,route,du Boisé,Est,,Sorel-Tracy,QC,Québec,J3P 8Z0,CA,dt5416@icloud.example,+1-450-555-0167,CTR-3000032738,auto,12-03-2022,05-12-2022,expiré,594.94,mensuelle,carte,AG-QC-003,12-02-2022,21-10-2025,,,
quebec,QC-0003-3330,M.,Étienne,Desjardins,28-07-1959,M,fr,5646,avenue,de la Clairière,,,Lévis,QC,Québec,G6W 0W1,CA,etiennedesjardins@hotmail.example,+1-514-555-0185,CTR-3000033330,habitation,07-04-2021,27-03-2027,actif,1313.51,trimestrielle,prélèvement,AG-QC-001,31-03-2021,19-05-2023,,,
quebec,QC-0003-3378,M.,William,Clark,20-02-1997,M,en,3984,Street,Parkside,,64,Iqaluit,NU,Nunavut,X0A 7Y3,CA,wc703@hotmail.example,+1-867-555-0170,CTR-3000033378,voyage,14-03-2020,17-11-2026,actif,373.29,mensuelle,carte,AG-QC-002,14-02-2020,27-11-2024,11-11-2023,4624.56,ouvert
quebec,QC-0003-3658,M.,Michel,Anderson,22-10-1975,M,fr,7882,route,du Rocher,,,Montréal,QC,Québec,J7V 0X1,CA,anderson130@proton.example,+1-514-555-0187,CTR-3000033658,habitation,05-05-2019,21-01-2027,actif,909.39,mensuelle,prélèvement,AG-QC-003,23-04-2019,08-12-2024,,,
quebec,QC-0003-4205,M.,Nathan,Singh,14-07-1992,M,fr,2503,avenue,des Vents,,,Montréal,QC,Québec,H4A 7Y8,CA,nathan-singh@bell.example,+1-819-555-0126,CTR-3000034205,auto,23-06-2017,,actif,402.10,trimestrielle,virement,AG-QC-004,05-06-2017,18-12-2020,,,
quebec,QC-0003-4308,Mme,Valérie,Leblanc,02-04-1978,F,fr,1549,boulevard,de la Traverse,,125,Rouyn-Noranda,QC,Québec,J9Z 7L9,CA,leblanc.valerie@gmail.example,+1-418-555-0179,CTR-3000034308,auto,09-06-2025,21-03-2027,actif,393.34,annuelle,prélèvement,AG-QC-005,03-06-2025,09-09-2026,30-09-2025,32995.63,fermé
quebec,QC-0003-4530,M.,Jean-Philippe,CCloutier,16/04/1995,M,fr,8708,avenue,du Belvédère,,,Lévis,QC,Québec,G6W 9M3,CA,jeanphilippecloutier@gmail.example,+1  579-555-0169,CTR-3000034530,auto,20-09-2020,26-12-2026,actif,1045.58,mensuelle,virement,AG-QC-003,28-08-2020,13-04-2026,,,
quebec,QC-0003-4594,M.,Pierre-Luc,Roy,27-02-1944,M,fr,3537,boulevard,du Plateau,,507,Repentigny,QC,Québec,J5Y 2G1,CA,pie176@gmail.example,+1-514-555-0152,CTR-3000034594,auto,09-05-2026,19-07-2026,expiré,1925.45,mensuelle,prélèvement,AG-QC-001,30-04-2026,28-05-2026,,,
quebec,QC-0003-4597,M.,Serge,Lefebvre,25-04-1985,M,fr,6836,boulevard,des Geais-Bleus,Nord,,Sherbrooke,QC,Québec,J1K 9Z2,CA,serge84@outlook.example,+1-418-555-0164,CTR-3000034597,auto,24-07-2017,08-12-2026,actif,1412.12,annuelle,carte,AG-QC-004,13-07-2017,13-04-2020,,,
quebec,QC-0003-4730,Mme,Julie,Leclerc,09-01-1968,F,fr,8979,rue,de la Rivière,,472,Salaberry-de-Valleyfield,QC,Québec,J6S 5P6,CA,leclerc0394@gmail.example,+1-450-555-0174,CTR-3000034730,auto,20-05-2018,,actif,637.15,mensuelle,prélèvement,AG-QC-004,11-05-2018,21-11-2022,11-03-2020,,en_cours
quebec,QC-0003-4990,M.,Alexandre,Bouchard,24-04-1937,M,fr,794,montée,des Sommets,,813,Victoriaville,QC,Québec,G6R 0N3,CA,ale331@outlook.example,+1-468-555-0130,CTR-3000034990,auto,25-10-2023,,actif,932.76,annuelle,carte,AG-QC-001,16-10-2023,03-09-2026,,,
quebec,QC-0003-5378,M.,Alain,Parker,21-09-1998,M,fr,4642,rang,de la Rivière,,120,Laval,QC,Québec,H7N 2H9,CA,alain_parker@icloud.example,+1-450-555-0199,CTR-3000035378,voyage,17-10-2021,13-06-2027,actif,502.06,mensuelle,prélèvement,AG-QC-001,03-10-2021,17-05-2025,,,
quebec,QC-0003-6237,Mme,Sarah-Maude,Pelletier,27-04-1948,F,fr,1442,avenue,de la Clairière,Sud,,Terrebonne,QC,Québec,J6W 1E6,CA,sar993@outlook.example,+1-514-555-0130,CTR-3000036237,habitation,18-10-2022,02-12-2026,actif,1135.66,mensuelle,prélèvement,AG-QC-002,17-10-2022,18-07-2026,,,
quebec,QC-0003-6290,M.,Samuel,Bouchard,21-01-1950,M,fr,9092,rue,de la Rivière,Est,,Longueuil,QC,Québec,J4K 8N6,CA,samuel4997@gmail.example,+1-514-555-0131,CTR-3000036290,habitation,17-06-2026,20-12-2026,actif,1216.82,mensuelle,carte,AG-QC-001,14-06-2026,07-07-2026,,,
quebec,QC-0003-6415,Mme,Marie,Roy,18-03-1965,F,fr,307,place,des Geais-Bleus,,,Montréal,QC,Québec,H2X 0P6,CA,mr51@outlook.example,+1-450-555-0115,CTR-3000036415,auto,12-10-2020,11-06-2027,actif,652.90,mensuelle,carte,AG-QC-002,09-10-2020,14-09-2021,,,
quebec,QC-0003-6717,M.,Charl es,Bergeron,16-06-1944,M,fr,362,route,des Sommets,Sud,,Terrebonne,QC,Québec,J6W 5H8,CA,cha61@outlook.example,+1-514-555-0150,CTR-3000036717,auto,07-06-2018,07-02-2027,actif,366.97,mensuelle,carte,AG-QC-001,23-05-2018,29-05-2019,,,
quebec,QC-0003-6852,M.,Gilles,Gauthier,04-11-1944,M,fr,4585,autoroute,des Pins,,,Drummondville,QC,Québec,J2B 2N7,CA,gauthier048@icloud.example,+1-438-555-0101,CTR-3000036852,auto,07-08-2026,14-09-2027,actif,1240.45,mensuelle,prélèvement,AG-QC-002,24-07-2026,12-08-2026,,,
quebec,QC-0003-7424,Mme,Sophie,Bergeron,04-02-1945,F,fr,3719,rue,des Prairies,,,Saint-Jérôme,QC,Québec,J7Z 0E3,CA,bergeron269@yahoo.example,+1-819-555-0108,CTR-3000037424,auto,20-09-2018,14-04-2027,actif,477.93,mensuelle,prélèvement,AG-QC-001,21-08-2018,04-07-2022,,,
quebec,QC-0003-7639,M.,Claude,Tremblay,29-03-1950,M,fr,1686,place,du Marais,,431,Halifax,NS,Nouvelle-Écosse,B3J 1Y6,CA,claude3465@icloud.example,+1-902-555-0197,CTR-3000037639,voyage,20-10-2023,27-02-2026,résilié,692.73,mensuelle,prélèvement,AG-QC-005,30-09-2023,01-09-2025,,,
quebec,QC-0003-7957,M.,Sylvain,Simard,26-04-1953,M,fr,2533,rang,des Laurentides,,,Laval,QC,Québec,H7N 2Z4,CA,sylvain.simard@bell.example,+1-450-555-0185,CTR-3000037957,auto,06-04-2018,25-04-2027,actif,673.10,mensuelle,chèque,AG-QC-001,23-03-2018,08-02-2024,12-05-2022,6084.22,en_cours
quebec,QC-0003-7982,M.,Alexander,Smith,16-08-1961,M,en,5382,Place,Station,,,Calgary,AB,Alberta,T2P 1T1,CA,alexander7795@gmail.example,+1-587-555-0159,CTR-3000037982,habitation,17-08-2026,,actif,1273.94,semestrielle,prélèvement,AG-QC-002,14-08-2026,28-08-2026,,,
quebec,QC-0003-8124,Mme,Lucie,Landry,24-11-1998,F,fr,5032,avenue,des Bouleaux,,,Mascouche,QC,Québec,J7K 7Z7,CA,landry1908@hotmail.example,+1-418-555-0114,CTR-3000038124,habitation,30-10-2021,17-05-2027,actif,993.59,mensuelle,prélèvement,AG-QC-001,10-10-2021,09-02-2022,,,
quebec,QC-0003-8280,Mme,Catherine,Tremblay,07-03-1995,F,fr,4020,terrasse,des Érables,,697,Mississauga,ON,Ontario,L5B 6X8,CA,catherine791@outlook.example,+1-807-555-0174,CTR-3000038280,habitation,10-03-2021,,actif,776.21,annuelle,prélèvement,AG-QC-004,18-02-2021,19-02-2024,,,
quebec,QC-0003-8305,Mme,Sophie,Pelletier,02-12-1983,F,fr,2292,rue,du Versant,,,Gatineau,QC,Québec,J8X 8W1,CA,sp58@hotmail.example,+1-873-555-0114,CTR-3000038305,auto,01-08-2023,04-07-2024,expiré,1176.96,mensuelle,prélèvement,AG-QC-002,24-07-2023,24-09-2024,,,
quebec,QC-0003-8347,Mme,Isabelle,Lachance,31-10-1951,F,fr,357,impasse,des Laurentides,,,Rimmouski,QC,Québec,G5L 7W7,CA,il413@gmail.example,+1-579-555-0134,CTR-3000038347,habitation,28-07-2021,03/11/2026,actif,2104.64,annuelle,prélèvement,AG-QC-001,04-07-2021,13-08-2023,,,
quebec,QC-0003-8549,M.,Robert,Dubé,19-09-1987,M,fr,6775,boulevard,de l'Aube,Sud,864,Vaudreuil-Dorion,QC,Québec,J7V 3Y8,CA,robert1595@yahoo.example,+1-450-555-0169,CTR-3000038549,auto,17-12-2017,07-03-2027,actif,1676.29,annuelle,prélèvement,AG-QC-001,17-12-2017,01-01-2025,,,
quebec,QC-0003-8627,Mme,Charlotte,Brown,11-07-2007,F,en,1432,Road,Station,East,807,Prince George,BC,Colombie-Britannique,V2L 3C4,CA,brown3433@outlook.example,+1-250-555-0156,CTR-3000038627,auto,28-03-2026,04-08-2027,actif,2067.01,trimestrielle,carte,AG-QC-002,09-03-2026,23-06-2026,,,
quebec,QC-0003-8797,M.,Claude,Girard,21-02-1969,M,fr,9964,impasse,des Frênes,,,Trois-Rivières,QC,Québec,G9A 0A6,CA,cla6507@hotmail.example,+1-450-555-0139,CTR-3000038797,auto,13-09-2017,06-04-2027,actif,1530.35,trimestrielle,prélèvement,AG-QC-006,07-09-2017,19-08-2018,,,
quebec,QC-0003-9454,M.,Luc,Gauthier,04-09-2000,M,fr,1852,chemin,des Mélèzes,,545,Repentigny,QC,Québec,J6A 7L1,CA,luc-gauthier@videotron.example,+1-581-555-0114,CTR-3000039454,vie,04-10-2021,13-09-2027,actif,1949.81,mensuelle,prélèvement,AG-QC-005,29-09-2021,29-10-2021,17-05-2026,,en_cours
quebec,QC-0003-9559,M.,Pierre-Luc,Roy,04-08-1958,M,fr,698,boulevard,des Pins,,645,Shawinigan,QC,Québec,G9T 7T6,CA,pr1244@gmail.example,+1-438-555-0141,CTR-3000039559,voyage,12-11-2019,07-09-2027,actif,603.89,mensuelle,prélèvement,AG-QC-001,14-10-2019,15-08-2024,,,
quebec,QC-0003-9893,M.,Mathieu,Huang,20-09-1940,M,fr,7042,terrasse,du Domaine,Nord,426,Montréal,QC,Québec,H1A 9L0,CA,mathieu_huang@yahoo.example,+1-354-555-0173,CTR-3000039893,auto,08-12-2016,,actif,891.58,annuelle,virement,AG-QC-005,17-11-2016,08-06-2023,,,
quebec,QC-0004-0318,M.,Jacob,Wilson,05-10-1991,M,en,3483,Lane,Meadow,South,,Toronto,ON,Ontario,M5V 1S7,CA,jacobw@hotmail.example,+1-416-555-0198,CTR-3000040318,voyage,03-09-2020,10-09-2026,résilié,413.53,semestrielle,prélèvement,AG-QC-001,26-08-2020,04-07-2025,,,
quebec,QC-0004-1170,M.,Denis,Leblanc,31-08-1964,M,fr,5692,rang,du Havre,,284,Montréal,QC,Québec,H4A 6Y4,CA,denis8316@hotmail.example,+1-468-555-0124,CTR-3000041170,voyage,27-09-2017,02-04-2027,actif,522.16,mensuelle,chèque,AG-QC-004,23-09-2017,08-10-2017,,,
quebec,QC-0004-1257,M.,Nicolas,Grenier,05-10-2007,M,fr,9856,rang,du Parc,Est,129,Montréal,qc,Québec,H3G 2G0,CA,nicolas.grenier@outlook.example,+1-468-555-0148,CTR-3000041257,habitation,10-11-2025,,actif,1628.95,annuelle,prélèvement,AG-QC-002,16-10-2025,16-02-2026,,,
quebec,QC-0004-1748,M.,Jacob,Leblanc,23-11-1956,M,fr,9616,boulevard,du Vieux-Pont,,858,Blainville,QC,Québec,J7C 3N9,CA,leblanc33@gmail.example,+1-581-555-0115,CTR-3000041748,habitation,04-02-2023,,actif,1173.12,mensuelle,prélèvement,AG-QC-004,15-01-2023,05-01-2024,,,
quebec,QC-0004-1841,Mme,Mélanie,Caron,26-11-1955,F,fr,8177,rue,des Érables,,,Saguenay,QC,Québec,G7J 2V6,CA,mel0018@hotmail.example,+1-581-555-0109,CTR-3000041841,auto,13-09-2026,14-09-2026,expiré,1156.72,mensuelle,prélèvement,AG-QC-005,03-09-2026,11-09-2026,,,
quebec,QC-0004-1864,M.,Serge,Caron,12-10-1966,M,fr,5442,rue,de la Pinèe,,,Québec,QC,Québec,G1V 4C1,CA,serge_caron@yahoo.example,+1-579-555-0131,CTR-3000041864,auto,16-08-2023,14-11-2026,actif,2231.30,semestrielle,prélèvement,AG-QC-001,01-08-2023,30-12-2024,26-08-2024,22829.07,fermé
quebec,QC-0004-2567,Mme,Nathalie,Côté,12-11-1992,F,fr,300,boulevard,du Plateau,,,Saguenay,QC,Québec,G7H 4Y2,CA,nat69@yahoo.example,+1-819-555-0190,CTR-3000042567,voyage,22-06-2023,28-04-2027,actif,307.90,trimestrielle,prélèvement,AG-QC-005,16-06-2023,01-05-2025,,,
quebec,QC-0004-2631,M.,Liam,Anderson,10-10-1998,M,en,6377,Place,Lakeshore,,,Vancouver,BC,Colombie-Britannique,V5K 4Z2,CA,liam_anderson@videotron.example,+1-604-555-0110,CTR-3000042631,auto,22-12-2020,13-01-2027,actif,686.16,annuelle,prélèvement,AG-QC-002,14-12-2020,25-09-2024,,,
quebec,QC-0004-2765,M.,Léo,Gagné,22-06-1960,M,fr,8350,chemin,des Érables,,,Gatineau,QC,Québec,J8X 4M6,CA,leo284@icloud.example,+1-514-555-0174,CTR-3000042765,habitation,17-08-2022,16-01-2027,actif,1259.68,mensuelle,carte,AG-QC-001,22-07-2022,29-01-2026,23-02-2024,62866.90,ouvert
quebec,QC-0004-2900,M.,Gabriel,,05-07-1957,M,fr,892,boulevard,du Vieux-Pont,Nord,576,Sorel-Tracy,QC,Québec,J3P  5M4,CA,gabriel0394@gmail.example,+1-514-555-0151,CTR-3000042900,auto,25-02-2017,21-01-2020,expiré,572.69,mensuelle,chèque,AG-PR-007,26-01-2017,07-09-2023,,,
quebec,QC-0004-3535,M.,William,Lefebvre,05-12-1965,M,fr,1635,avenue,du Havre,,324,Brossard,QC,Québec,J4X 4K0,CA,wil46@proton.example,+1-514-555-0147,CTR-3000043535,habitation,09-08-2019,09-10-2023,résilié,927.27,trimestrielle,virement,AG-QC-001,02-08-2019,09-10-2020,21-09-2020,107188.86,fermé
quebec,QC-0004-3622,Mme,Valérie,Bélanger,28-07-1965,F,fr,4396,rang,du Moulin,,578,Saint-Jérôme,QC,Québec,J7Y 2G1,CA,belanger5331@yahoo.example,+1-873-555-0194,CTR-3000043622,auto,18-04-2023,,actif,678.76,mensuelle,prélèvement,AG-QC-004,18-04-2023,30-06-2025,15-01-2024,20640.03,fermé
quebec,QC-0004-3792,Mme,Aria,Morgan,08-10-1952,F,en,7803,Boulevard,Highland,,,Châteauguay,QC,Québec,J6J 8Y0,CA,ari53@yahoo.example,+1-367-555-0144,CTR-3000043792,vie,23-11-2021,16-06-2027,actif,394.42,semestrielle,virement,AG-QC-005,28-10-2021,11-10-2025,,,
quebec,QC-0004-3894,M.,Alexandre,Leblanc,30-01-1959,M,fr,7792,montée,du Parc,,,Montréal,QC,Québec,H2X 0T0,CA,leblanc2204@icloud.example,+1-367-555-0185,CTR-3000043894,auto,01-01-2017,09-03-2017,expiré,1122.71,mensuelle,virement,AG-QC-004,26-12-2016,23-04-2022,,,
quebec,QC-0004-4148,Mme,France,Fernandes,23-10-2005,F,fr,5150,côte,des Bouleaux,Ouest,,Saguenay,QC,Québec,G7H 8S0,CA,fra34@yahoo.example,+1-514-555-0177,CTR-3000044148,auto,08-01-2026,30-06-2027,actif,1166.27,mensuelle,virement,AG-QC-002,17-12-2025,21-07-2026,,,
quebec,QC-0004-4246,Mme,Sylvie,Gagné,17-04-1937,F,fr,3007,route,du Parc,,,Repentigny,QC,Québec,J6A 7G9,CA,sylvie.gagne@rogers.example,+1-873-555-0110,CTR-3000044246,auto,09-09-2025,09-03-2027,suspendu,1414.58,mensuelle,carte,AG-QC-005,28-08-2025,03-01-2026,,,
quebec,QC-0004-4432,Mme,Anne,Lavoie,13-09-2007,F,fr,1646,boulevard,de la Vallée,,,Alma,QC,Québec,G8B 3T6,CA,anne_lavoie@outlook.example,+1-438-555-0107,CTR-3000044432,auto,02-07-2026,,actif,461.67,mensuelle,prélèvement,AG-QC-006,23-06-2026,08-07-2026,,,
quebec,QC-0004-4905,Mme,Audrey,Bouchard,03-06-1964,F,fr,2058,avenue,des Tulipes,Ouest,,Montréal,QC,Québec,H3G 1W4,CA,audrey_bouchard@hotmail.example,+1-819-555-0144,CTR-3000044905,voyage,24-05-2024,08-09-2027,actif,428.69,trimestrielle,prélèvement,AG-QC-003,26-04-2024,09-03-2025,,,
quebec,QC-0004-5169,M.,Maxime,Ouellet,25-05-1963,M,fr,3268,rang,du Cap,,125,Repentigny,QC,Québec,J6A 5P1,CA,maxime17@gmail.example,+1-418-555-0135,CTR-3000045169,habitation,27-04-2019,18-04-2027,actif,878.57,mensuelle,virement,AG-QC-005,16-04-2019,17-07-2026,24-04-2021,40331.20,fermé
quebec,QC-0004-5277,Mme,Penelope,Lewis,31-07-1940,F,en,3187,Court,Riverside,,,Brampton,ON,Ontario,L6Y 8M0,CA,lewis64@yahoo.example,+1-942-555-0170,CTR-3000045277,auto,01-01-2020,,actif,615.11,annuelle,prélèvement,AG-QC-002,25-12-2019,25-04-2024,,,
quebec,QC-0004-5298,Mme,Marie,Tremblay,03-08-1952,F,fr,9324,avenue,du Rocher,,350,Sorel-Tracy,QC,Québec,J3P 2Z7,CA,mar78@proton.example,+1-450-555-0171,CTR-3000045298,auto,16-07-2025,14-08-2027,actif,623.93,mensuelle,carte,AG-QC-003,19-06-2025,14-03-2026,25-11-2025,6108.00,en_cours
quebec,QC-0004-5511,Mme,Nova,Wong,09-07-2008,F,en,898,Road,Hillcrest,,,Québec,QC,Québec,G1R 7G0,CA,nova.wong@outlook.example,+1-514-555-0170,CTR-3000045511,voyage,06-09-2026,16-09-2026,expiré,571.20,mensuelle,prélèvement,AG-QC-004,17-08-2026,07-09-2026,,,
quebec,QC-0004-5842,M.,Patrick,Pelletier,09-07-1938,M,fr,2280,promenade,du Rocher,,,Rimouski,QC,Québec,G5M 2T5,CA,pelletier208@gmail.example,+1-579-555-0187,CTR-3000045842,vie,10-07-2026,21-06-2027,actif,888.58,mensuelle,prélèvement,AG-QC-001,08-07-2026,04-09-2026,,,
quebec,QC-0004-5893,Mme,Sarah-Maude,Leclerc,25-04-1978,F,fr,2398,rue,de la vivière,,160,Saint-Hyacinthe,QC,Québec,J2S 0N6,CA,sarahmaude_leclerc@gmail.example,+1-819-555-0188,CTR-3000045893,habitation,09-05-2026,,actif,3211.30,annuelle,prélèvement,AG-QC-002,40-13-2026,16-07-2026,,,
quebec,QC-0004-6742,M.,Philippe,Tremblay,14-07-1962,M,fr,6711,route,du Moulin,,,Drummondville,QC,Québec,J2B 9Y3,CA,pt820@icloud.example,+1-514-555-0184,CTR-3000046742,auto,28-05-2025,24-11-2026,actif,1155.81,mensuelle,prélèvement,AG-QC-001,12-05-2025,23-01-2026,30-10-2025,29575.23,en_cours
quebec,QC-0004-6777,Mme,Gabrielle,Taylor,10-07-1972,F,fr,9484,montée,du Belvédère,,,Montréal,QC,Québec,H3G 4V0,CA,gabrielle.taylor@proton.example,+1-450-555-0152,CTR-3000046777,vie,15-03-2024,26-06-2027,actif,627.05,mensuelle,prélèvement,AG-QC-005,01-03-2024,06-12-2025,,,
quebec,QC-0004-6821,M.,Éric,Taylor,24-06-1939,M,fr,4896,rang,des Tulipes,,,Laval,QC,Québec,H7N 3M7,CA,eric.taylor@gmail.example,+1-418-555-0196,CTR-3000046821,auto,09-10-2025,19-07-2027,actif,1725.78,mensuelle,prélèvement,AG-QC-005,20-09-2025,23-07-2026,,,
quebec,QC-0004-6823,M.,Liam,Young,22-09-1980,M,en,8446,Way,Meadow,,707,Edmonton,AB,Alberta,T5J 4G8,CA,liam_young@videotron.example,+1-780-555-0180,CTR-3000046823,vie,08-12-2016,04-05-2021,expiré,2658.70,annuelle,prélèvement,AG-QC-003,20-11-2016,27-05-2022,,,
quebec,QC-0004-6966,M.,Jacques,Poulin,09-09-1961,M,fr,6486,route,du Versant,,260,Montréal,QC,Québec,H2X 9K8,CA,jacques2817@gmail.example,+1-438-555-0101,CTR-3000046966,habitation,16-12-2016,11-05-2027,actif,731.14,semestrielle,chèque,AG-QC-002,27-11-2016,24-09-2020,,,
quebec,QC-0004-7117,M.,Marc,Poirier,09-05-1988,M,fr,5141,avenue,des Trilliums,,,Magog,QC,Québec,J1X 6T7,CA,marc0349@outlook.example,+1-418-555-0143,CTR-3000047117,auto,29-07-2024,07-02-2027,actif,441.51,trimestrielle,prélèvement,AG-QC-002,18-07-2024,01-03-2025,20-02-2026,,rejeté
quebec,QC-0004-7167,Mme,Océane,Dubé,15-11-1960,F,fr,2419,rang,des Lilas,Ouest,,Longueuil,QC,Québec,J4H 1H0,CA,oce920@gmail.example,+1-873-555-0188,CTR-3000047167,auto,07-07-2023,27-04-2027,actif,748.74,annuelle,prélèvement,AG-QC-001,30-06-2023,16-09-2024,,,
quebec,QC-0004-7179,M.,Rémi,Girard,05-04-2006,M,fr,4784,chemin,des Tulipes,,,Québec,QC,Québec,G2B 7C9,CA,remi.girard@hotmail.example,+1-579-555-0151,CTR-3000047179,habitation,19-10-2024,21-01-2027,actif,2752.15,mensuelle,prélèvement,AG-QC-005,06-10-2024,21-11-2025,,,
quebec,QC-0004-721,M.,Sam uel,Morin,09-03-1966,M,fr,4127,rue,des Sommets,,,Gatineau,QC,Québec,J8X 2Z6,CA,samuel904@hotmail.example,+1-579-555-0164,CTR-3000047217,habitation,14-02-2025,27-01-2027,actif,1854.22,mensuelle,carte,AG-QC-002,18-01-2025,02-07-2025,,,
quebec,QC-0004-7319,M.,Robert,Pelletier,09-01-1973,M,fr,3813,rue,des Trilliums,Ouest,574,Gatineau,NB,Nouveau-Brunswick,J8Y 8J2,CA,pelletier3304@gmail.example,+1-819-555-0153,CTR-3000047319,habitation,16-06-2017,04-11-2026,actif,831.96,mensuelle,carte,AG-QC-005,02-06-2017,22-12-2021,,,
quebec,QC-0004-7350,M.,Étience,Chen,29-04-2002,M,fr,1508,avenue,des Vents,Ouest,,Lévis,QC,Québec,G6V 5P2,ca,eti56@gmail.example,+1-579-555-0180,CTR-3000047350,habitation,17-05-2021,21-12-2026,actif,2518.08,mensuelle,prélèvement,AG-QC-003,27-04-2021,20-12-2021,,,
quebec,QC-0004-7455,Mme,Anne-Marie,Leblanc,01-11-1950,F,fr,8418,croissant,du Moulin,,,Saint-Jérôme,QC,Québec,J7Z 7S0,CA,ann508@gmail.example,+1-450-555-0149,CTR-3000047455,habitation,29-06-2024,20-04-2027,actif,2338.43,mensuelle,prélèvement,AG-QC-006,04-06-2024,15-01-2026,,,
quebec,QC-0004-7603,Mme,Mila,Parker,04-09-1980,F,en,4099,Highway,Cedar,,725,Châteauguay,QC,Québec,J6J 0P9,CA,mila580@gmail.example,+1-418-555-0167,CTR-3000047603,habitation,22-05-2022,,actif,1484.76,annuelle,chèque,AG-QC-001,17-05-2022,08-06-2022,,,
quebec,QC-0004-7628,M.,Luc,Bergeron,22-02-1965,M,fr,2065,rang,des Bouleaux,,654,Québec,QC,Québec,G1V 2E2,CA,bergeron.luc@icloud.example,+1-263-555-0101,CTR-3000047628,voyage,01-05-2017,,actif,316.96,mensuelle,virement,AG-QC-001,10-04-2017,12-01-2026,,,
quebec,QC-0004-7667,Mme,Léa,Landry,26-01-1987,F,fr,1693,avenue,de l'Aube,Sud,,Longueuil,QC,Québec,J4H 9K6,CA,lea_landry@hotmail.example,+1-819-555-0180,CTR-3000047667,voyage,08-02-2021,21-02-2027,actif,477.68,mensuelle,virement,AG-QC-003,31-01-2021,01-06-2026,18-02-2025,14787.02,fermé
quebec,QC-0004-8050,M.,Claude,Lévesque,24-01-1957,M,fr,9483,avenue,du Ruisseau,,,Montréal,QC,Québec,H2X 3T4,CA,cla08@outlook.example,+1-468-555-0117,CTR-3000048050,auto,25-10-2021,10-04-2027,actif,990.66,mensuelle,virement,AG-QC-005,26-09-2021,18-04-2025,,,
quebec,QC-0004-8207,Mme,Isabelle,Turcotte,05-08-1978,F,fr,6190,impasse,des Mélèzes,,276,Terrebonne,QC,Québec,J6X 2B5,CA,isabelleturcotte@yahoo.example,+1-450-555-0150,CTR-3000048207,habitation,25-02-2025,06-12-2026,actif,2564.11,mensuelle,carte,AG-QC-006,16-02-2025,23-02-2026,,,
quebec,QC-0004-8282,M.,Theodore,C ampbell,18-05-2006,M,en,795,Road,Cedar,East,419,Ottawa,ON,Ontario,K1P 3C0,CA,campbell582@gmail.example,+1-705-555-0180,CTR-3000048282,voyage,23-10-2025,02-02-2027,suspendu,307.08,mensuelle,carte,AG-QC-002,23-10-2025,31-01-2026,,,
quebec,QC-0004-8462,M.,Michel,Lavoie,06-03-1941,M,fr,8978,rang,du Moulin,,,Montréal,QC,Québec,H2X 2K4,CA,mic823@gmail.example,+1-514-555-0145,CTR-3000048462,habitation,02-12-2025,23-11-2026,actif,1793.04,mensuelle,prélèvement,AG-QC-002,16-11-2025,18-01-2026,,,
quebec,QC-0004-8723,M.,Henry,Lewis,06-02-1965,M,en,6191,Street,Stonebridge,West,,Grand Sudbury,ON,Ontario,P3E 2H4,CA,hlewis@proton.example,+1-226-555-0137,CTR-3000048723,auto,01-09-2026,14-09-2026,résilié,1133.26,mensuelle,carte,AG-QC-004,12-08-2026,03-09-2026,,,
quebec,QC-0004-8752,Mme,Maude,Patel,19-12-2000,F,fr,5972,rue,des Champs,,,Trois-Rivières,QC,Québec,G8Z 1R6,CA,maude.patel@icloud.example,+1-418-555-0168,CTR-3000048752,habitation,27-05-2022,04-07-2027,actif,3175.84,mensuelle,prélèvement,AG-QC-001,07-05-2022,24-11-2025,,,
quebec,QC-0004-8771,M.,Sylvain,Simard,17-04-1937,M,fr,3866,boulevard,des Geais-Bleus,,90,Saguenay,QC,Québec,G7H 8A1,CA,simard.sylvain@icloud.example,+1-581-555-0163,CTR-3000048771,vie,31-07-2018,16-12-2026,actif,3282.64,mensuelle,prélèvement,AG-QC-006,25-07-2018,08-08-2023,,,
quebec,QC-0004-8946,Mme,Laurence,Martel,25-10-1995,F,fr,3149,côte,du Belvédère,,,Montréal,QC,Québec,H4A 6B4,CA,laurence7250@gmail.example,+1-418-555-0191,CTR-3000048946,voyage,03-11-2020,,actif,380.72,mensuelle,prélèvement,AG-QC-002,01-11-2020,22-10-2023,,,
quebec,QC-0004-8987,Mme,Scarlett,Taylor,25-09-1948,F,en,7395,Road,Spring,,,Mississauga,ON,Ontario,L5G 0P6,CA,scarlett-taylor@hotmail.example,+1-705-555-0131,CTR-3000048987,auto,13-10-2022,16-02-2027,actif,1049.71,annuelle,virement,AG-QC-001,12-10-2022,15-09-2023,,,
quebec,QC-0004-9067,M.,Robert,Beaulieu,07-12-1968,M,fr,8786,rue,du Ruisseau,,407,Montréal,QC,Québec,H2X 0M1,CA,robert-beaulieu@outlook.example,+1-450-555-0140,,auto,12-05-2024,20-07-2027,actif,-1151.76,mensuelle,virement,AG-QC-002,19-04-2024,15-04-2026,,,
quebec,QC-0004-9168,Mme,Clara,Girard,25-02-1986,F,fr,952,rue,des Sommets,,,Trois-Rivières,QC,Québec,G9A 9N2,CA,clara40@gmail.example,+1-450-555-0164,CTR-3000049168,auto,25-12-2021,20-12-2026,actif,257.40,annuelle,carte,AG-QC-005,21-12-2021,11-12-2022,,,
quebec,QC-0004-9337,M.,Pierre,Girard,08-07-1944,M,fr,7158,rang,des FFrênes,Est,,Laval,AB,Alberta,H7N 9N0,CA,pie4854@gmail.example,+1-873-555-0146,CTR-3000049337,auto,15-12-2019,24-03-2027,suspendu,486.06,annuelle,carte,AG-QC-001,08-12-2019,15-03-2023,,,
quebec,QC-0004-9454,Mme,Emily,Rodriguez,21-12-1950,F,en,3873,Street,Oak,,,Halifax,NS,Nouvelle-Écosse,B3J 8C3,CA,rodriguez.emily@outlook.example,+1-902-555-0151,CTR-3000049454,auto,30-01-2022,20-10-2026,actif,795.81,mensuelle,prélèvement,AG-QC-004,08-01-2022,21-06-2023,19-09-2025,1073.75,en_cours
quebec,QC-0004-9641,M.,Jean,Leclerc,08-06-1980,M,fr,6179,autoroute,du Moulin,,,Québec,QC,Québec,G1R 6Z6,CA,jean1179@icloud.example,+1-438-555-0181,CTR-3000049641,auto,25-05-2020,12-09-2027,actif,1374.49,mensuelle,carte,AG-QC-001,19-05-2020,17-07-2024,22-12-2024,11264.90,fermé
quebec,QC-0004-9678,M.,Pierre-Luc,Michaud,03-07-1953,M,fr,7701,boulevard,des Épinettes,,,Fredericton,NB,Nouveau-Brunswick,E3B 8X2,CA,pmichaud@yahoo.example,+1-506-555-0182,CTR-3000049678,auto,18-12-2024,18-10-2026,actif,1347.83,annuelle,prélèvement,AG-QC-003,10-12-2024,24-12-2024,,,
quebec,QC-0004-9925,M.,Patrick,Wong,10-11-1943,M,fr,7207,rue,du Plateau,,677,Gatineau,QC,Québec,J8Y 5G7,CA,patrick4168@hotmail.example,+1-263-555-0165,CTR-3000049925,auto,16-05-2018,05/03/2027,actif,2074.43,mensuelle,carte,AG-QC-002,21-04-2018,29-07-2019,,,
principal,CLI-00000020,M.,Alexandre,Fortin,1979-08-01,M,fr,9569,rue,des Mélèzes,Est,,La Tuque,QC,Québec,G9X 9Y3,CA,fortin78@outlook.example,+1-263-555-0172,CTR-1000000020,habitation,2023-01-08,2025-01-17,expiré,1726.65,mensuelle,carte,AG-PR-006,2022-12-31,2023-01-22,,,
principal,CLI-00000301,Mme,Caroline,Côté,1999-08-29,F,fr,9146,rue,des Vents,,,Québec,QC,Québec,G1R 5K4,CA,carolinecote@gmail.example,+1-438-555-0131,CTR-1000000301,vie,2018-04-21,2027-05-01,actif,2909.38,mensuelle,carte,AG-PR-002,2018-04-01,2024-02-13,,,fermé
principal,CLI-00000411,M.,Elijah,Campbell,1999-06-16,M,en,3901,Boulevard,Brookside,,,Brossard,QC,Québec,J4W 7Z0,CA,eli097@gmail.example,+1-581-555-0111,CTR-1000000411,auto,2023-05-03,2027-03-23,actif,704.01,mensuelle,prélèvement,AG-PR-002,2023-04-29,2026-09-13,,,
principal,CLI-0000043,Mme,Florence,Marquis,1940-05-15,F,fr,1632,route,des Lilas,,,Québec,QC,Québec,G1V 3K8,CA,florence671@gmail.example,+1-418-555-0136,CTR-1000000435,vie,2020-10-24,2027-04-25,actif,900.81,annuelle,carte,AG-PR-005,2020-10-23,2023-11-24,,,
principal,CLI-00000660,Mme,Marie-Ève,Desjardins,1985-01-13,F,fr,3844,place,des Sapins,Ouest,958,Victoriaville,QC,Québec,G6R 1B9,CA,marieeve.desjardins@outlook.example,+1-819-555-0170,CTR-1000000660,habitation,2024-04-12,2026-01-08,expiré,1444.25,mensuelle,carte,AG-PR-002,2024-04-09,2024-06-15,,,
principal,CLI-00001245,M.,Alain,Cormier,2006-05-25,M,fr,7711,croissant,des Trilliums,,,Laval,QC,Québec,H7W 6E2,CA,alain-cormier@outlook.example,+1-367-555-0153,CTR-1000001245,habitation,2026-07-04,2026-07-26,expiré,1023.06,semestrielle,prélèvement,AG-PR-006,2026-06-07,2026-06-09,,,
principal,CLI-00001299,M.,Alexis,Morin,1988-04-11,M,fr,260,boulevard,des Champs,,,Salaberry-de-Valleyfield,QC,Québec,J6T 9T0,CA,morin.alexis@gmail.example,+1-581-555-0176,CTR-1000001299,auto,2025-05-13,,actif,956.59,mensuelle,prélèvement,AG-PR-006,2025-05-07,2025-10-08,2026-02-20,32988.08,fermé
principal,CLI-00001314,Mme,Anne-Marie,Savard,1961-06-08,F,fr,8027,place,des Pins,,286,Laval,QC,Québec,H7N 3J0,CA,asavard@hotmail.example,+1-819-555-0143,CTR-1000001314,habitation,2019-07-21,2027-05-07,actif,842.45,mensuelle,prélèvement,AG-PR-001,2019-07-09,2021-02-04,,,
principal,CLI-00001466,Mme,Noémie,lAi,1990-07-03,F,fr,1097,montée,du Rocher,,660,Laval,QC,Québec,H7W 3T5,ca,noemie4762@bell.example,+1-581-555-0111,CTR-1000001466,auto,2021-10-19,,actif,1075.44,trimestrielle,virement,AG-PR-005,2021-09-28,2026-02-14,,,
principal,CLI-00001743,M.,pierre,martel,2000-03-03,M,fr,7503,rue,des vents,,30,saint-jerome,QC,quebec,J7Y 7Z5,CA,pierremartel@yahoo.example,+1-873-555-0185,CTR-1000001743,voyage,2024-02-26,2024-04-05,expiré,631.75,mensuelle,carte,AG-PR-006,2024-02-08,2024-12-10,,,
principal,CLI-00001933,Mme,Marie-Ève,Santos,1989-09-17,F,fr,4892,rang,des Saules,,,Québec,QC,Québec,G1V 3H6,CA,msantos@gmail.example,+1-418-555-0115,CTR-1000001933,auto,2022-01-03,2027-02-02,actif,451.91,annuelle,virement,AG-PR-006,2021-12-09,2026-04-19,,,
principal,CLI-00002031,M.,Maxime,Fortin,1997-02-17,M,fr,4250,montée,des Frênes,,,Longueuil,QC,Québec,J4H 2W4,CA,max894@videotron.example,+1-819-555-0145,CTR-1000002031,vie,2023-02-01,2027-07-24,actif,1233.57,mensuelle,carte,AG-PR-005,2023-01-23,2024-01-13,,,
principal,CLI-00002161,Mme,Manon,Lee,2003-11-04,F,fr,3653,route,des Mélèzes,,156,Terrebonne,QC,Québec,J6X 9T6,CA,manon-lee@outlook.example,+1-819-555-0160,CTR-1000002161,vie,2022-01-10,2024-05-04,expiré,2772.13,mensuelle,prélèvement,AG-PR-002,2021-12-23,2024-10-11,,,
principal,CLI-00002247,Mme,Suzanne,Anderson,1942-03-29,F,fr,8432,montée,du Moulin,,,Québec,QC,Québec,G1V 2Y6,CA,suzannea@videotron.example,+1-514-555-0128,CTR-1000002247,voyage,2021-12-15,2026-11-24,actif,534.64,mensuelle,carte,AG-PR-001,2021-12-13,2024-03-18,,,
principal,CLI-00002334,Mme,Nathalie,Ouellet,1970-05-21,F,fr,9749,boulevard,des Tulipes,,,Laval,QC,Québec,H7W 2E1,CA,nathalie984@outlook.example,+1-367-555-0107,CTR-1000002334,habitation,2019-04-06,,actif,2871.97,mensuelle,carte,AG-PR-006,2019-04-01,2019-04-17,,,
principal,CLI-00002347,M.,Émile,Rodriguez,1996-05-21,M,fr,2985,rue,des Saules,,283,Québec,QC,Québec,G2B 9H7,CA,emile.rodriguez@yahoo.example,+1-468-555-0152,CTR-1000002347,voyage,2023-02-16,,actif,652.13,mensuelle,prélèvement,AG-PR-004,2023-02-05,2026-02-01,,,
principal,CLI-00002528,M.,Simon,Lee,2001-02-26,M,fr,1178,place,des Champs,Ouest,,Québec,QC,Québec,G1R 1J4,CA,sl51@gmail.example,+1-873-555-0145,CTR-1000002528,habitation,2023-01-01,2027-02-22,suspendu,713.77,mensuelle,prélèvement,AG-PR-003,2022-12-10,2023-12-16,,,
principal,CLI-00002627,Mme,Chantal,Turcotte,1943-03-29,F,fr,5435,chemin,du Versant,,,Victorivaille,QC,Québec,G6S 8J8,CA,chantal.turcotte@yahoo.example,+1-581-555-0155,CTR-1000002627,auto,2027-08-30,2023-01-26,actif,1475.49,trimestrielle,virement,AG-PR-001,2023-01-22,2025-03-03,,,
principal,CLI-00003110,Mme,Chantal,Poulin,1991-07-21,F,fr,6699,route,des Vents,,,Sherbrooke,QC,Québec,J1K 6Z1,CA,chantalpoulin@hotmail.example,+1-581-555-0147,CTR-1000003110,voyage,2020-02-05,2027-06-25,actif,632.89,mensuelle,prélèvement,AG-PR-003,2020-01-24,2020-09-15,,,
principal,CLI-00003210,Mme,Evelyn,White,2006-11-08,F,en,8967,Drive,Birch,,,Drummondville,QC,Québec,J2C 1E8,CA,evelyn210@videotron.example,+1-263-555-0142,CTR-1000003210,auto,2026-06-23,2027-07-10,actif,2158.61,mensuelle,carte,AG-PR-001,2026-05-24,2026-09-02,,,
principal,CLI-00003258,Mme,Caroline,Roy,1974-07-16,F,fr,3797,avenue,des Vents,,266,Blainville,QC,Québec,J7C 1Z4,CA,caroline.roy@gmail.example,+1-581-555-0122,CTR-1000003258,habitation,2023-08-01,2024-09-02,résilié,1411.07,annuelle,prélèvement,AG-PR-006,2023-07-14,2025-08-11,,,
principal,CLI-00003493,Mme,Camila,Gagnon,1977-05-21,F,en,8466,Street,Mountainview,,,Fredericton,NB,Nouveau-Brunswick,E3B 7G0,CA,camila.gagnon@yahoo.example,+1-506-555-0195,CTR-1000003493,habitation,2026-08-28,2027-01-09,suspendu,1040.00,mensuelle,prélèvement,AG-PR-006,2026-08-07,2026-08-23,,,
principal,CLI-00003691,Mme,Josée,Morin,1987-05-18,F,fr,8633,côte,de  l'Aube,,,Lévis,QC,Québec,G6V 5N5,CA,josee5011@yahoo.example,+1-514-555-0104,CTR-1000003691,auto,2021-09-20,2022-06-19,résilié,433.38,annuelle,virement,AG-PR-003,2021-08-21,2024-01-12,,,
principal,CLI-00003718,Mme,Marie,Bergeron,1987-02-24,F,fr,9196,rue,des Pionniers,,,Trois-Rivières,QC,Québec,G9A 8E6,CA,mar558@icloud.example,+1-579-555-0195,CTR-1000003718,voyage,2018-01-22,2026-11-05,actif,132.34,mensuelle,prélèvement,AG-PR-005,2018-01-07,2024-06-15,,,
principal,CLI-00003967,M.,Ethan,Smith,1983-10-13,M,en,4686,Highway,Lakeshor,,543,Victoria,BC,Colombie-Britannique,V8W 3E9,CA,ethansmith@gmail.example,+1-778-555-0182,CTR-1000003967,voyage,2019-04-27,2026-11-16,actif,191.84,mensuelle,virement,AG-PR-008,2019-04-25,2022-10-12,,,
principal,CLI-00004074,Mme,Sophie,Martinez,1945-09-30,F,fr,4850,boulevard,des Lilas,,,Gatineau,QC,Québec,J8Y 7C0,CA,smartinez@yahoo.example,+1-873-555-0151,CTR--1000004074,habitation,2017-09-21,2027-02-18,actif,1542.13,annuelle,prélèvement,AG-PR-001,2017-09-04,2019-05-08,2017-12-24,93591.55,fermé
principal,CLI-00004412,M.,louis-philippe,gagnon,1955-02-03,M,fr,8895,terrasse,des erables,,677,longueuil,QC,quebec,J4K 6B9,CA,louisphilippe_gagnon@bell.example,+1-418-555-0105,CTR-1000004412,vie,2021-12-24,2026-11-05,actif,2055.38,mensuelle,prélèvement,AG-PR-002,2021-12-03,2025-07-25,,,
principal,CLI-00004418,M.,Marc,Bélanger,1940-08-09,M,fr,7010,route,des Trois-Lacs,,,Montréal,QC,Québec,H3G 8C4,CA,marcbelanger@outlook.example,+1-367-555-0133,CTR-1000004418,habitation,2019-01-14,2027-01-01,actif,955.25,annuelle,prélèvement,AG-PR-001,2018-12-21,2026-01-29,,,
principal,CLI-00004476,Mme,Mélanie,Leblanc,2007-07-25,F,fr,1713,terrasse,de la Clairière,,,Laval,QC,Québec,H7N 9Y8,CA,melanie.leblanc@outlook.example,+1-819-555-0142,CTR-1000004476,habitation,2025-11-24,2026-12-28,actif,1678.65,mensuelle,carte,AG-PR-001,2025-11-13,2026-06-06,,,
principal,CLI-00004493,Mme,Violet,Green,1947-04-10,F,en,5746,Trail,Hillcrest,,,Ottaw  a,ON,Ontario,K2P 9E0,CA,violetg@icloud.example,+1-249-555-0193,CTR-1000004493,habitation,2020-06-28,2027-01-21,actif,806.74,trimestrielle,virement,AG-PR-001,2020-06-17,2020-10-23,,,
principal,CLI-00004578,M.,Denis,Lopez,1978-12-19,M,fr,9694,rue,du Belvédère,Nord,,Saguenay,QC,Québec,G7H 5G9,CA,denis12@gmail.example,+1-367-555-0151,CTR-1000004578,habitation,2024-08-21,2027-01-26,actif,1448.02,mensuelle,prélèvement,AG-PR-004,2024-08-17,2026-04-09,,,
principal,CLI-00004583,Mme,Sophie,Vachon,1972-03-08,F,fr,1847,autoroute,du Lac,,,Gaspé,QC,Québec,G4X 4P5,CA,sophie.vachon@yahoo.example,+1-438-555-0130,CTR-1000004583,auto,2023-10-08,2026-10-29,actif,628.02,trimestrielle,prélèvement,AG-PR-004,2023-09-28,2025-09-17,,,
principal,CLI-00004611,M.,Marc,Fortin,1954-01-05,M,fr,8183,montée,de la Pinède,,,Gaspé,QC,Québec,G4X 4R2,CA,marc.fortin@gmail.example,+1-514-555-0121,CTR-1000004611,auto,2026-05-22,2027-06-08,actif,486.06,semestrielle,carte,AG-PR-005,2026-04-23,2026-09-09,2026-09-06,12639.37,en_cours
principal,CLI-00004654,Mme,Geneviève,Poirier,1974-11-16,F,fr,8002,promenade,de l'Anse,Est,,Terrebonne,QC,Québec,J6W 0K8,CA,poirier.genevieve@gmail.example,+1-873-555-0119,CTR-1000004654,voyage,2018-01-30,,actif,162.47,mensuelle,carte,AG-PR-003,2018-01-17,2026-07-08,,,
principal,CLI-00004664,M.,Ezra,Kim,2003-08-09,M,en,5785,Circle,Birch,,,Halifax,NS,Nouvelle-Écosse,B3J 9S7,CA,kim5424@gmail.example,+1-902-555-0125,CTR-1000004664,auto,2024-06-18,2026-12-07,actif,1649.10,mensuelle,prélèvement,AG-PR-001,2024-06-07,2025-05-13,,,
principal,CLI-00004769,M.,Olivier,Bouchard,1997-04-20,M,fr,254,chemin,des Hirondelles,,,Saguenay,QC,Québec,G7J 9Y3,CA,bouchard.olivier@gmail.example,+1-418-555-0154,CTR-1000004769,habitation,2016-11-01,2026-12-28,actif,1022.36,annuelle,carte,AG-PR-004,2016-10-02,2022-05-09,,,
principal,CLI-00004897,Mme,Grace,Ward,1973-01-18,F,en,5887,Avenue,Oak,,,Calgary,AB,Alberta,T2P 4B3,CA,grace80@yahoo.example,+1-825-555-0105,CTR-1000004897,voyage,2019-04-30,,actif,208.43,mensuelle,prélèvement,AG-PR-001,2019-04-18,2020-11-03,,,
principal,CLI-00004958,M.,Asher,Taylor,1995-06-07,M,en,8570,Boulevard,Greenfield,North,,Saint John,NB,Nouveau-Brunswick,E2J 9E6,CA,taylor.asher@gmail.example,+1-428-555-0194,CTR-1000004958,auto,2018-02-07,2027-02-01,actif,1494.17,mensuelle,chèque,AG-PR-003,2018-01-08,2020-06-15,,,
principal,CLI-00005203,Mme,Nicole,Landry,1967-11-13,F,fr,6608,promenade,de la Clairière,,,Lévis,QC,Québec,G6W 6G0,CA,nicolelandry@outlook.example,+1-354-555-0122,CTR-1000005203,voyage,2023-03-13,,actif,432.54,annuelle,prélèvement,AG-PR-002,2023-02-19,2024-10-25,,,
principal,CLI-00005546,M.,Luc,Lavoie,1991-11-16,M,fr,6820,allée,de l'Église,,,Saint-Hyacinthe,QC,Québec,J2T 9G3,CA,luc.lavoie@hotmail.example,+1-514-555-0178,CTR-1000005546,voyage,2020-03-30,,actif,206.17,annuelle,prélèvement,AG-PR-001,2020-03-19,2025-11-16,,,
principal,CLI-00005755,Mme,Grace,Campbell,1953-03-20,F,en,4037,Street,Spring,,,Toronto,ON,Ontario,M5V 6H8,CA,grace_campbell@videotron.example,+1-807-555-0140,CTR-1000005755,habitation,2020-07-09,,actif,1107.62,mensuelle,prélèvement,AG-PR-001,2020-07-05,2023-04-23,,,
principal,CLI-00005761,M.,Mélanie,rGenier,1994-11-12,M,en,5358,Street,Garden,West,,London,ON,Ontario,G5R 0M7,CA,melanie.grenier@outlook.example,+1-514-555-0150,CTR-1000005761,auto,2024-07-02,2027-06-04,actif,379.52,annuelle,carte,AG-PR-003,2024-06-09,2024-06-10,,,
principal,CLI-00006044,Mme,France,Bouchard,1945-05-23,F,fr,682,avenue,des Chênes,,,Montréal,QC,Québec,H3G 4L6,CA,france.bouchard@gmail.example,+1-873-555-0157,CTR-1000006044,habitation,2024-03-17,,suspendu,2063.82,mensuelle,prélèvement,AG-PR-002,2024-03-10,2024-05-21,,,
principal,CLI-00006292,Mme,Christine,St-Pierre,1944-01-30,F,fr,4352,place,des Pionniers,,,Beloeil,QC,Québec,J3G 0G5,CA,christinestpierre@videotron.example,+1-468-555-0125,CTR-1000006292,auto,2025-04-29,2027-08-29,actif,1872.84,mensuelle,prélèvement,AG-PR-006,2025-04-15,2026-06-08,,,
principal,CLI-00006376,Mme,Anne,Lévesque,1953-11-30,F,fr,4019,rue,du Boisé,,,Saint-Jérôme,QC,Québec,J7Y 6H8,CA,alevesque@outlook.example,+1-579-555-0139,CTR-1000006376,vie,2023-01-07,2026-11-12,actif,606.80,mensuelle,prélèvement,AG-PR-007,2022-12-21,2023-04-27,,,
principal,CLI-00006575,M.,Charles,Gauthier,1952-04-06,M,fr,9519,route,du Moulin,,,Magog,QC,Québec,J1X 0L4,CA,charles.gauthier@icloud.example,+1-367-555-0166,CTR-1000006575,habitation,2017-06-06,2027-06-16,actif,1281.49,semestrielle,prélèvement,AG-PR-004,2017-06-02,2017-08-15,2017-10-11,18278.70,ouvert
principal,CLI-00006847,M.,Éric,Morin,1976-03-21,M,fr,3167,allée,des Tulipes,,,Montréal,QC,Québec,H3G 7Y7,CA,eric7099@hotmail.example,+1-354-555-0171,CTR-1000006847,habitation,2021-10-27,,actif,667.12,mensuelle,prélèvement,AG-PR-004,2021-09-27,2024-04-12,,,
principal,CLI-00006853,Mme,Mia,Lewis,1966-06-01,F,en,5905,Boulevard,Birch,,615,Edmonton,AB,Alberta,T6G 9J4,CA,mia65@hotmail.example,+1-587-555-0153,CTR-1000006853,habitation,2024-05-25,2024-11-29,expiré,745.31,annuelle,prélèvement,AG-PR-003,2024-05-08,2026-06-29,,,
principal,CLI-00006989,Mme,Lily,Taylor,1973-08-12,F,en,5390,Boulevard,Garden,,,Repentigny,QC,Québec,J5Y 0X1,CA,lilytaylor@hotmail.example,+1-873-555-0146,CTR-1000006989,vie,2020-11-13,2026-10-17,actif,577.96,semestrielle,virement,AG-PR-007,2020-11-05,2026-05-05,,,
principal,CLI-00007077,M.,Étienne,Ho,1992-07-10,M,fr,8660,boulevard,du Moulin,Nord,,Laval,QC,Québec,H7N 4P7,CA,eho@gmail.example,+1-263-555-0154,CTR-1000007077,vie,2020-02-03,2027-04-07,actif,1766.12,annuelle,prélèvement,AG-PR-007,2020-01-17,2024-05-10,,,
principal,CLI-00007302,M.,Pierre,Fortin,1944-12-21,M,fr,386,chemin,de la Rivière,,941,Sherbrooke,QC,Québec,J1H 6N7,CA,pierre.fortin@hotmail.example,+1-438-555-0144,CTR-1000007302,habitation,2020-11-03,2027-08-18,actif,2278.19,mensuelle,prélèvement,AG-PR-001,2020-10-22,2022-09-25,,,
principal,CLI-00000863,M.,Gabriel,Patel,1954-10-04,M,fr,9749,promenade,des Érables,Sud,,Québec,SK,Saskatchewan,G1R 3P9,CA,gabrielpatel@gmail.example,+1-579-555-0159,CTR-1000007353,auto,2025-08-28,2026-06-09,expiré,1459.12,mensuelle,prélèvement,AG-PR-001,2025-08-01,2025-08-08,,,
principal,CLI-00007420,M.,Luc,Lapointe,1967-05-15,M,fr,7935,impasse,du Rocher,,,Fredericton,NB,Nouveau-Brunswick,E3B 9S8,CA,luc0390@gmail.example,+1-506-555-0183,CTR-1000007420,habitation,2020-06-21,2027-07-18,actif,1096.20,mensuelle,carte,AG-PR-001,2020-06-13,2022-07-28,,,
principal,CLI-00008056,Mme,Josée,Gauthier,1965-10-19,F,fr,7620,côte,des Mélèzes,,,Drummondville,QC,Québec,J2B 2B4,CA,josee.gauthier@yahoo.example,+1-819-555-0193,CTR-1000008056,habitation,2021-09-12,,actif,1671.43,trimestrielle,prélèvement,AG-PR-003,2021-08-17,2023-07-07,,,fermé
principal,CLI-00008726,Mme,lÉise,Gagné,1986-10-18,F,fr,6089,rang,des Pionniers,,,Brandon,QC,Québec,H3G 3X3,CA,eli64@gmail.example,+1-468-555-0181,CTR-1000008726,auto,2018-05-24,2027-07-29,actif,274.27,mensuelle,prélèvement,AG-PR-001,2018-04-27,2021-07-18,,,
principal,CLI-00008925,Mme,Caroline,Lavoie,1965-01-03,F,fr,9027,rue,de la Côte-Verte,,,Rouyn-Noranda,QC,Québec,J9Z 5W1,CA,caroline.lavoie@gmail.example,+1-438-555-0177,CTR-1000008925,voyage,2018-03-25,2027-03-09,actif,102.87,annuelle,carte,AG-PR-007,2018-03-02,2021-11-17,,,
principal,CLI-00009032,Mme,Caroline,Pham,1966-02-24,F,fr,6372,avenue,des Peupliers,,,Montréal,SK,Saskatchewan,H3G  9R7,CA,pham34@gmail.example,+1-450-555-0143,CTR-1000009032,habitation,2027-06-17,2026-02-11,suspendu,1119.45,mensuelle,virement,AG-PR-003,2026-01-26,2026-08-01,,,
principal,CLI-00009150,M.,Alain,Gauthier,1967-12-24,M,fr,4905,rue,de al Pinède,,,Grand Sudbury,ON,Ontario,P3A  0L4,ca,ala97@videotron.example,+1-519-555-0164,CTR-1000009150,habitation,2019-07-06,2026-11-23,actif,999.33,mensuelle,prélèvement,AG-PR-003,2019-06-21,2019-09-01,,,
principal,CLI-00010137,M.,Oliver,Adams,1976-07-17,M,en,3139,Avenue,Northgate,,,Terrebonne,QC,Québec,J6W 9Z4,CA,oa806@gmail.example,+1-438-555-0125,CTR-1000010137,habitation,2018-09-24,2019-08-24,expiré,2231.64,mensuelle,prélèvement,AG-PR-003,2018-09-01,2020-05-27,,,
principal,CLI-00010244,M.,Serge,Lefebvre,2003-01-15,M,fr,5708,rue,des Vents,,461,Lévis,QC,Québec,G6W 7H9,CA,mateo64@gmail.example,+1  514-555-0108,CTR-1000010244,habitation,2021-11-11,2027-03-02,actif,965.36,mensuelle,carte,AG-PR-005,2021-11-08,2024-02-12,,,
principal,CLI-00010268,M.,Noah,Nelso,1994-12-21,M,en,149,Terrace,Westwood,,644,Montréal,QC,Québec,H3G 0K2,CA,noahn@gmail.exampl e,+1-468-555-0144,CTR-1000010268,auto,2024-09-05,,actif,1960.06,mensuelle,prélèvement,AG-PR-002,2024-08-06,2025-08-08,2025-12-12,18641.88,fermé
principal,CLI-00010331,Mme,Valérie,Turcotte,1944-06-28,F,fr,9207,route,des Lilas,Ouest,,Magog,QC,Québec,J1X 3V1,CA,valerie.turcotte@proton.example,+1-819-555-0155,CTR-1000010331,auto,2018-03-05,2026-10-29,actif,825.45,mensuelle,prélèvement,AG-PR-002,2018-02-17,2021-12-11,2023-10-14,8610.17,fermé
principal,CLI-00010416,Mme,Monique,Ali,1990-08-14,F,fr,5256,rue,des Prairies,,25,Repentigny,QC,Québec,J5Y 5L7,CA,moniqueali@yahoo.example,+1-581-555-0118,CTR-1000010416,voyage,2019-06-11,2027-03-04,actif,444.64,annuelle,prélèvement,AG-PR-002,2019-05-23,2019-07-07,,,
principal,CLI-00010600,Mme,Manon,White,1975-12-24,F,fr,5907,rang,des Pins,,,Montréal,QC,Québec,H1A 9C6,CA,mwhite@icloud.example,+1-514-555-0140,CTR-1000010600,vie,2021-05-27,2027-06-06,actif,1563.70,mensuelle,prélèvement,AG-PR-003,2021-05-23,2022-09-26,,,
principal,CLI-00010606,Mme,Clara,Bouchard,2005-08-14,F,fr,2733,terrasse,des Chênes,,,Mascouche,QC,Québec,J7K 8N0,CA,clara.bouchard@icloud.example,+1-418-555-0110,CTR-1000010606,habitation,2023-10-04,2026-11-24,actif,1465.16,annuelle,carte,AG-PR-001,2023-09-28,2024-01-16,,,
principal,CLI-00010623,M.,Nicolas,Fournier,1953-08-17,M,fr,2738,autoroute,du Ruisseau,,642,Montréal,QC,Québec,H4A 8G9,CA,nf15@gmail.example,+1-450-555-0197,CTR-1000010623,auto,2017-02-20,2027-02-03,actif,1012.42,annuelle,chèque,AG-PR-005,2017-02-14,2023-05-14,2026-04-16,19612.12,fermé
principal,CLI-00010652,Mme,Marguerite,Ouellet,2001-03-07,F,fr,316,allée,du Boisé,,433,Québec,QC,Québec,G1R 5A9,CA,margueriteouellet@yahoo.example,+1-819-555-0144,CTR-1000010652,voyage,2024-12-22,2027-09-13,actif,216.44,mensuelle,prélèvement,AG-PR-002,2024-12-03,2026-03-23,,,
principal,CLI-00011018,Mme,Suzanne,Bélanger,2006-08-06,F,fr,9085,boulevard,des Pionniers,,,Baie-Comeau,QC,Québec,G4Z 9E4,CA,suzanne_belanger@gmail.example,+1-354-555-0182,CTR-1000011018,habitation,2025-10-21,2026-11-02,actif,1959.20,mensuelle,carte,AG-PR-004,2025-09-24,2025-11-22,,,
principal,CLI-00011145,M.,Serge,Dubé,1941-06-28,M,fr,7078,montée,de la Clairière,Ouest,,Montréal,QC,Québec,H4A 3W7,CA,serge.dube@outlook.example,+1-438-555-0127,CTR-1000011145,habitation,2017-05-23,2026-10-22,actif,2533.17,annuelle,prélèvement,AG-PR-001,2017-05-01,2020-01-03,,,
principal,CLI-00011164,Mme,Suzanne,Leblanc,1972-10-07,F,fr,8246,avenue,des Pins,,,Lévis,QC,Québec,G6W 4V2,CA,leblanc53@gmail.example,+1-418-555-0196,CTR-1000011164,habitation,2018-12-06,2027-09-03,actif,1086.98,mensuelle,virement,AG-PR-001,2018-12-05,2023-04-07,,,
principal,CLI-00011201,M.,Michel,Michaud,1996-11-25,M,fr,1443,rue,des Peupliers,,604,Gatineau,QC,Québec,J8Y 0X5,CA,michel479@outlook.example,+1-514-555-0173,CTR-1000011201,auto,2024-01-01,2027-01-01,actif,286.28,annuelle,prélèvement,AG-PR-004,2023-12-09,2024-02-21,,,
principal,CLI-00011360,Mme,Sofia,Stewart,1989-02-21,F,en,3643,Road,Riverside,,218,Hamilton,ON,Ontario,L8P 0J1,CA,sofiastewart@icloud.example,+1-289-555-0186,CTR-1000011360,auto,2024-09-21,2025-06-16,expiré,909.58,semestrielle,carte,AG-PR-005,2024-09-09,2025-07-30,,,
principal,CLI-00011386,Mme,Mélanie,Desjardins,1965-10-05,F,fr,1192,montée,des Sapins,,640,Laval,QC,Québec,H7N 1W3,CA,melanie19@outlook.example,+1-450-555-0181,CTR-1000011386,habitation,2020-09-18,2024-05-31,résilié,1173.64,trimestrielle,prélèvement,AG-PR-002,2020-08-31,2022-01-21,,,
principal,CLI-00011530,M.,Alain,Beaulieu,1937-05-26,M,fr,3802,côte,du Petit-Bois,Est,,Saint-Jérôme,QC,Québec,J7Y 1K8,CA,ala9410@proton.example,+1-418-555-0136,CTR-1000011530,voyage,2019-03-13,,actif,279.52,mensuelle,prélèvement,AG-PR-004,2019-02-27,2025-04-26,2020-03-13,9720.12,en_cours
principal,CLI-00011615,M.,Oliver,Hall,1944-02-27,M,en,6725,Drive,Orchard,,,Victoria,BC,Colombie-Britannique,V8V 4M1,CA,oliver7192@gmail.example,+1-604-555-0160,CTR-1000011615,voyage,2021-11-03,,actif,735.52,mensuelle,prélèvement,AG-PR-006,2021-10-14,2025-12-16,,,
principal,CLI-00011627,Mme,Florence,Bergeron,1991-12-29,F,fr,201,rue,des Champs,,,Trois-Rivières,QC,Québec,G8Z 4K4,CA,florence.bergeron@videotron.example,+1-438-555-0172,CTR-1000011627,vie,2025-05-14,2026-11-01,actif,1840.25,annuelle,chèque,AG-PR-001,2025-04-25,2025-07-04,,,
principal,CLI-00011731,M.,Daniel,Boucher,1963-11-07,M,fr,2284,avenue,du Marais,,,Gatineau,QC,Québec,J8Y 8Z2,CA,daniel_boucher@gmail.example,+1-450-555-0171,CTR-1000011731,auto,2019-06-23,2027-02-15,actif,1274.40,semestrielle,prélèvement,AG-PR-001,2019-06-04,2024-08-15,,,
principal,CLI-00011772,Mme,Christine,Bélanger,1962-04-04,F,fr,1635,impasse,des Pionniers,Ouest,309,Montréal,QC,Québec,H3G 0L4,CA,christine.belanger@yahoo.example,+1-418-555-0183,CTR-1000011772,auto,2017-12-11,2027-01-26,actif,893.44,mensuelle,carte,AG-PR-006,2017-12-03,2021-03-05,,,
principal,CLI-00000494,M.,André,Fournier,1943-09-16,M,fr,4983,rue,des Ormes,Sud,,Lévis,QC,Québec,G6W 4P0,CA,andre-fournier@proton.example,+1-418-555-0126,CTR-1000011886,voyage,2026-07-30,2026-10-28,actif,98.26,mensuelle,chèque,AG-PR-002,2026-07-08,2026-09-09,,,
principal,CLI-00011986,M.,Leo,Walker,1986-04-04,M,en,7543,Parkway,Kingfisher,,,Mississauga,ON,Ontario,L5B 5J5,CA,leo.walker@gmail.example,+1-613-555-0119,CTR-1000011986,vie,2016-12-28,2027-06-20,actif,1598.98,mensuelle,prélèvement,AG-PR-001,2016-12-21,2023-05-27,,,
principal,CLI-00012045,Mme,Olivia,Scott,1976-09-12,F,en,1466,Street,Oak,,,Dollard-des-Ormeaux,QC,Québec,H9A 9H9,CA,olivia.scott@yahoo.example,+1-354-555-0106,CTR-1000012045,voyage,2019-11-06,2026-10-16,actif,255.30,mensuelle,prélèvement,AG-PR-006,2019-10-17,2021-12-09,,,
principal,CLI-00012442,Mme,Maude,Côté,1994-12-29,F,fr,3513,avenue,de la Clairière,,683,Ottawa,ON,Ontario,K1A 0M4,CA,maude0597@gmail.example,+1-807-555-0188,CTR-1000012442,auto,2018-08-21,2027-01-19,actif,2128.33,trimestrielle,chèque,AG-PR-008,2018-08-01,2026-08-31,2021-09-05,25266.84,ouvert
principal,CLI-00012673,Mme,Sophia,Lewis,1963-03-07,F,en,233,Avenue,Parkside,,136,Trois-Rivières,QC,Québec,G9A 5H2,CA,catherine-campbell@gmail.example,+1-438-555-0170,CTR-1000012673,auto,2020-04-15,,actif,280.95,mensuelle,prélèvement,AG-PR-004,2020-03-27,2025-05-20,,,
principal,CLI-00013039,M.,Alain,Gauthier,1965-08-31,M,fr,8261,montée,des Bouleaux,,,Montréal,QC,Québec,H1A 2C2,CA,alaingauthier@rogers.example,+1-450-555-0171,CTR-1000013039,habitation,2020-07-28,,actif,2025.16,semestrielle,prélèvement,AG-PR-005,2020-07-08,2022-01-14,2025-08-28,,en_cours
principal,CLI-00013040,M.,Michel,Cmpbell,1947-11-12,M,fr,5291,rue,des Cèdres,,,Blainville,QC,Québec,J7B 0G0,CA,michel23@gmail.example,+1-418-555-0158,CTR-1000013040,habitation,2024-05-28,2026-11-02,actif,2052.41,annuelle,virement,AG-PR-003,2024-05-15,2026-07-13,,,
principal,CLI-00013142,Mme,Manon,Beaulieu,1966-01-23,F,fr,4363,rue,des Tulipes,,,Gatineau,QC,Québec,J9A 5K6,CA,man27@gmail.example,+1-438-555-0184,CTR-1000013142,habitation,2020-07-11,2026-11-17,actif,1159.26,annuelle,prélèvement,AG-PR-002,2020-06-23,2025-09-28,,,
principal,CLI-00013488,Mme,Florence,Wilson,1938-05-29,F,fr,6635,place,des Ormes,,,Saint-Jérôme,QC,Québec,J7Z 8T9,CA,florencewilson@gmail.example,+1-579-555-0188,CTR-1000013488,vie,2024-08-09,,actif,1329.33,mensuelle,carte,AG-PR-001,2024-07-28,2024-10-11,,,
principal,CLI-00013544,M.,William,Clark,1944-12-17,M,en,3301,Avenue,Spring,,,Vancouver,BC,Colombie-Britannique,V6B 6J7,CA,william_clark@hotmail.example,+1-250-555-0163,CTR-1000013544,auto,2022-05-19,2024-04-25,expiré,642.12,mensuelle,prélèvement,AG-PR-003,2022-04-23,2024-06-06,,,
principal,CLI-00013693,M.,Benjamin,Ouuellet,1946-06-09,M,en,7506,Trail,Valleyview,,,Québec,QC,Québec,G1V 6X1,CA,benjaminouellet@hotmail.example,+1-438-555-0111,CTR-1000013693,habitation,2026-12-30,2019-12-29,actif,632.98,mensuelle,prélèvement,AG-PR-001,2019-12-29,2020-04-24,,,
principal,CLI-00013832,Mme,Florence,Hébert,1986-02-08,F,fr,9199,avenue,des Lilas,,760,Mascouche,QC,Québec,J7K 2X3,CA,florence417@outlook.example,+1-581-555-0158,CTR-1000013832,auto,2026-05-27,2026-06-24,résilié,1743.55,mensuelle,prélèvement,AG-PR-006,2026-05-24,2026-09-12,2026-06-17,15072.52,en_cours
principal,CLI-00013835,M.,Michel,Bergeron,1985-04-24,M,fr,6401,avenue,du Ruisseau,,,Lévis,qc,Québec,G6V 7P8,CA,michel_bergeron@outlook.example,+1-514-555-0174,CTR-1000013835,habitation,2021-01-12,2027-09-03,suspendu,1023.93,annuelle,prélèvement,AG-PR-001,2021-01-01,2025-03-14,,,
principal,CLI-00014065,M.,Gilles,Boucher,1947-01-10,M,fr,6448,route,du Belvédère,,,Québec,QC,Québec,G1V 2H1,CA,gilles99@yahoo.example,+1-468-555-0138,CTR-1000014065,auto,2023-05-15,2027-08-09,actif,881.98,mensuelle,prélèvement,AG-PR-007,2023-04-17,2024-10-27,,,
principal,CLI-00014225,M.,Oliver,Walker,1980-08-01,M,en,4432,Drive,Greenfield,,,London,ON,Ontario,N6G 4T6,CA,walker.oliver@outlook.example,+1-905-555-0134,CTR-1000014225,auto,2023-02-09,,actif,737.27,annuelle,prélèvement,AG-PR-001,2023-01-17,2025-06-05,,,
principal,CLI-00014411,M.,Lucas,Wilson,1975-03-17,M,en,3808,Street,Birch,,,Montréal,QC,Québec,H2X 7K9,CA,lucas05@yahoo.example,+1-581-555-0137,CTR-1000014411,habitation,2018-01-22,2027-09-13,actif,2495.67,annuelle,virement,AG-PR-004,2017-12-30,2018-12-11,,,
principal,CLI-00000858,M.,Simon,Côté,2005-10-17,M,fr,3018,croissant,du Lac,,192,Gatineau,QC,Québec,J9A 1B6,CA,sc449@outlook.example,+1-450-555-0146,CTR-1000014422,habitation,2024-10-06,2027-03-26,actif,1653.98,annuelle,prélèvement,AG-PR-003,2024-09-28,2024-10-09,,,
principal,CLI-00014680,Mme,sylvie,michaud,1985-04-01,F,fr,1908,croissant,de l'aube,,,montreal,QC,quebec,H3G 1P2,CA,sylviemichaud@hotmail.example,+1-468-555-0178,CTR-1000014680,voyage,2022-06-11,,actif,262.73,annuelle,virement,AG-PR-003,2022-05-27,2024-04-05,,,
principal,CLI-00015045,M.,Owen,Choi,1961-08-19,M,en,7251,Road,Mountainview,West,45,Winnipeg,MB,Manitoba,R3T 8T4,CA,owenchoi@yahoo.example,+1-204-555-0194,CTR-1000015045,auto,2018-10-08,2027-04-26,actif,974.02,mensuelle,carte,AG-PR-008,2018-09-28,2025-05-07,,,
principal,CLI-00015046,Mme,Audrey,Hébert,1976-08-04,F,fr,4910,boulevard,des Trilliums,,877,Blainville,QC,Québec,J7C 0M6,CA,audrey98@outlook.example,+1-819-555-0171,CTR-1000015046,habitation,2025-02-24,2025-07-07,expiré,1713.08,mensuelle,chèque,AG-PR-001,2025-02-16,2025-12-25,,,
principal,CLI-00015088,Mme,Sophia,Roberts,1978-05-15,F,en,9915,Place,Willow,,,Surrey,BC,Colombie-Britannique,V3R 4X2,CA,sophia.roberts@gmail.example,+1-257-555-0182,CTR-1000015088,habitation,2024-04-07,2027-07-13,actif,1303.50,mensuelle,carte,AG-PR-007,2024-03-22,2025-01-17,,,
principal,CLI-00015099,Mme,Océane,Roy,2001-10-10,F,fr,2540,route,des Cèdres,Nord,,Lévis,QC,Québec,G6W 6E5,ca,oce230@outlook.example,+1-367-555-0178,CTR-1000015099,habitation,2026-03-27,2027-08-26,actif,3096.77,mensuelle,chèque,AG-PR-003,2026-03-05,2026-05-09,,,
principal,CLI-00015894,M.,Robert,Girard,1956-04-11,M,fr,8207,montée,des Bouleaux,,,Rouyn-Noranda,QC,Québec,J9Z 0K2,CA,robert.girard@videotron.example,+1-581-555-0170,CTR-1000015894,habitation,2016-12-25,,suspendu,1040.19,annuelle,chèque,AG-PR-003,2016-11-27,2025-06-08,,,
principal,CLI-00015967,Mme,Sylvie,Gauthier,2005-02-15,F,fr,6855,boulevard,du Belvédère,,845,Lévis,QC,Québec,G6W 7C6,CA,sylvie3314@gmail.example,+1-819-555-0162,CTR-1000015967,habitation,2025-12-22,2026-12-10,actif,1366.39,mensuelle,prélèvement,AG-PR-004,2025-12-19,2026-05-17,,,
principal,CLI-00016009,M.,Daniel,Lopez,2008-01-29,M,fr,6469,chemin,du Marais,,,Montréal,QC,Québec,H3G 1N1,CA,daniel68@icloud.example,+1-263-555-0145,CTR-1000016009,auto,2027-05-03,2026-04-03,actif,1639.62,mensuelle,carte,AG-PR-002,2026-03-04,2026-08-07,2026-06-27,15423.15,fermé
principal,CLI-00016063,M.,Jean,Grenier,1955-12-29,M,fr,2201,boulevard,du Ruisseau,Sud,996,Lévis,QC,Québec,G6V 4H0,CA,grenier.jean@gmail.example,+1-819-555-0123,CTR-1000016063,auto,2024-03-03,,actif,405.39,annuelle,prélèvement,AG-PR-001,2024-02-12,2026-06-14,,,
principal,CLI-00016132,M.,Oliver,Pham,1983-06-05,M,en,3742,Street,School,,806,Mississauga,ON,Ontario,L5G 1C6,CA,opham@hotmail.example,+1-613-555-0117,CTR-1000016132,voyage,2020-10-29,2026-11-02,actif,319.87,mensuelle,chèque,AG-PR-002,2020-10-18,2020-12-07,,,
principal,CLI-00016395,Mme,Aria,Chowdhury,1969-11-18,F,en,1438,Boulevard,Willow,,270,Edmonton,AB,Alberta,T5J 7H7,CA,aria_chowdhury@outlook.example,+1-403-555-0158,CTR-1000016395,auto,2019-03-31,2027-07-29,actif,986.07,annuelle,prélèvement,AG-PR-007,2019-03-19,2024-12-16,,,
principal,CLI-00016496,Mme,Sylvie,Fortin,1940-01-19,F,fr,5190,promenade,du Lac,,848,Alma,QC,Québec,G8E 9X7,CA,syl0143@outlook.example,+1-418-555-0125,CTR-1000016496,habitation,2016-09-29,2020-11-16,expiré,2214.46,semestrielle,virement,AG-PR-007,2016-09-08,2023-03-28,,,
principal,CLI-00017026,M.,Denis,Rdoriguez,2004-11-16,M,fr,5949,rue,des Lilas,Ouest,82,Blainville,QC,Québec,J7C 4R1,CA,denis_rodriguez@gmail.example,+1-581-555-0199,CTR-1000017026,vie,2025-10-29,,actif,1901.59,mensuelle,prélèvement,AG-PR-001,2025-10-18,2025-12-01,,,
principal,CLI-00017181,Mme,Anne-Marie,Le,1998-12-22,F,fr,8215,rue,des Peupliers,,,Laval,QC,Québec,H7N 3G8,CA,al638@outlook.example,+1-579-555-0110,CTR-1000017181,voyage,2024-07-29,,actif,630.84,mensuelle,prélèvement,AG-PR-003,2024-07-04,2024-07-14,2025-04-02,,ouvert
principal,CLI-00017467,M.,Claude,Côté,1947-10-20,M,fr,2900,rue,des Lilas,Ouest,,Sherbrooke,QC,Québec,J1K 0S5,CA,claude.cote@outlook.example,+1-514-555-0114,CTR-1000017467,auto,2016-12-19,,actif,1290.96,annuelle,carte,AG-PR-002,2016-12-12,2026-07-31,,,
principal,CLI-00017794,M.,Maxime,Garcia,1963-09-10,M,fr,3871,boulevard,du Plateau,,,Saint-Jérôme,QC,Québec,J7Z 0B5,CA,garcia.maxime@gmail.example,+1-418-555-0127,CTR-1000017794,vie,2017-07-28,2027-02-19,actif,1678.53,mensuelle,carte,AG-PR-003,2017-06-29,2023-07-15,,,
principal,CLI-00017823,Mme,Josée,Poirier,1995-07-22,F,fr,41,rang,du Marais,,,Gaspé,QC,Québec,G4X 5M6,CA,josee.poirier@hotmail.example,+1-450-555-0109,CTR-1000017823,vie,2025-04-25,2027-01-14,actif,965.20,mensuelle,virement,AG-PR-003,2025-04-13,2025-09-03,,,
principal,CLI-00017873,M.,Jacob,Lapointe,1956-08-27,M,fr,242,montée,des Mélèzes,,,Sept-Îles,QC,Québec,G4S 8H1,CA,jacob.lapointe@hotmail.example,+1-450-555-0177,CTR-1000017873,voyage,2025-03-05,2027-01-26,actif,231.49,mensuelle,prélèvement,AG-PR-001,2025-03-01,2026-08-24,,,
principal,CLI-00018023,M.,Benjamin,Martinez,1941-10-12,M,en,7183,Street,Oak,,,Hamilton,ON,Ontario,L8P 8Z0,CA,martinez372@hotmail.example,+1-905-555-0109,CTR-1000018023,voyage,2018-12-29,,suspendu,332.72,mensuelle,prélèvement,AG-PR-001,2018-12-07,2020-06-22,,,
principal,CLI-00018136,Mme,Mélanie,Lapointe,1941-06-18,F,fr,6824,rue,de la Rivière,Nord,,Montréal,QC,Québec,H2X 6A3,CA,melanie474@gmail.example,+1-514-555-0113,CTR-1000018136,habitation,2020-12-10,2027-05-03,actif,1871.78,annuelle,prélèvement,AG-PR-003,2020-11-21,2025-07-17,,,
principal,CLI-00018350,M.,Sébastien,Bouchard,1996-02-27,M,fr,5249,rue,de la Clairière,Est,,Québec,QC,Québec,G1R 3P3,CA,sebastien.bouchard@outlook.example,+1-468-555-0141,CTR-1000018350,habitation,2024-02-18,,actif,2996.47,annuelle,prélèvement,AG-PR-002,2024-01-19,2026-01-27,,,
principal,CLI-00018661,M.,André,Marquis,1967-02-15,M,fr,747,rue,des Mélèzes,Nord,,Gatineau,QC,Québec,J8Y 0T8,CA,amarquis@yahoo.example,+1-438-555-0135,CTR-1000018661,auto,2021-05-16,2027-03-12,actif,471.48,mensuelle,carte,AG-PR-001,2021-05-06,2024-07-03,,,
principal,CLI-00018856,M.,Simon,Fournier,1990-11-20,M,fr,8327,chemin,de la Clairière,,,Saint-Jérôme,QC,Québec,J7Y 5C9,CA,simon.fournier@yahoo.example,+1-418-555-0123,CTR-1000018856,auto,2021-05-01,2026-12-29,actif,1041.13,mensuelle,virement,AG-PR-001,2021-04-16,2022-10-02,,,
principal,CLI-00018960,M.,André,Zhang,1975-12-07,M,fr,9374,chemin,des Peupliers,Sud,,Québec,QC,Québec,G1R 1W4,CA,andre.zhang@icloud.example,+1-438-555-0101,CTR-1000018960,auto,2018-06-19,2021-03-19,résilié,947.38,mensuelle,prélèvement,AG-PR-007,2018-06-04,2023-06-10,,,
principal,CLI-00018981,M.,Daniel,Simard,2003-04-02,M,fr,1350,avenue,des Cèdres,Sud,944,Montréal,QC,Québec,H1A 5W0,CA,daniel_simard@outlook.example,+1-450-555-0139,CTR-1000018981,voyage,2022-06-16,2027-06-13,actif,279.57,mensuelle,virement,AG-PR-001,2022-05-27,2026-08-11,2026-01-05,6469.85,en_cours
principal,CLI-00019014,M.,Sébastien,Lévesque,1940-05-22,M,fr,3342,avenue,du Lac,,,Mirabel,QC,Québec,J7N 6E4,CA,sebastienl@proton.example,+1-819-555-0114,CTR-1000019014,habitation,2022-12-26,,actif,2703.82,mensuelle,prélèvement,AG-PR-006,2022-12-08,2023-11-27,,,
principal,CLI-00019025,M.,John,White,1989-09-03,M,en,1515,Way,Westwood,,,Calgary,AB,Alberta,T2P 0P9,CA,johnw@gmail.example,+1-368-555-0179,CTR-1000019025,auto,2018-07-29,2025-10-28,expiré,819.89,mensuelle,virement,AG-PR-004,2018-07-15,2024-12-05,,,
principal,CLI-00019120,M.,Charles,Bouchard,1975-07-13,M,fr,1248,avenue,du Belvédère,Sud,,Ottawa,ON,Ontario,K2P 1C0,CA,bouchard59@gmail.example,+1-942-555-0194,CTR-1000019120,auto,2026-07-31,2027-01-22,actif,1001.50,mensuelle,virement,AG-PR-005,2026-07-25,2026-09-01,,,
principal,CLI-00019123,Mme,Valérie,Lee,1953-02-27,F,fr,2265,boulevard,des Lilas,Ouest,,Halifax,NS,Nouvelle-Écosse,B3J 7A0,CA,valerie.lee@hotmail.example,+1-782-555-0196,CTR-1000019123,auto,2016-09-24,,actif,1125.76,mensuelle,prélèvement,AG-PR-006,2016-09-14,2025-05-15,,,
principal,CLI-00019560,M.,Mateo,Adams,1993-11-22,M,en,3565,Boulevard,Meadow,,620,Halifax,NS,Nouvelle-Écosse,B3H 4N2,CA,mateo.adams@outlook.example,+1-782-555-0127,CTR-1000019560,auto,2016-10-03,2027-01-19,actif,388.29,mensuelle,carte,AG-PR-001,2016-09-18,2025-09-02,,,
principal,CLI-00019720,Mme,Anne-Marie,St-Pierre,1944-09-24,F,fr,2397,boulevard,des Érables,,,Montréal,QC,Québec,H2X 4X2,CA,annemarie5005@outlook.example,+1-514-555-0113,CTR-1000019720,voyage,2025-08-02,2027-02-12,actif,574.99,trimestrielle,carte,AG-PR-004,2025-07-30,2026-01-22,,,
principal,CLI-00019989,M.,Thomas,Kim,1939-12-12,M,fr,9023,chemin,des Tulipes,,238,Saint-Jérôme,QC,Québec,J7Y 0X2,CA,thomas.kim@icloud.example,+1-819-555-0184,CTR-1000019989,vie,2023-03-11,2025-04-06,expiré,2452.72,annuelle,prélèvement,AG-PR-004,2023-02-24,2023-08-18,,,
principal,CLI-00020279,M.,François,Tremblay,1945-03-05,M,fr,5376,terrasse,de la Clairière,Ouest,,Shawinigan,QC,Québec,G9P 8T1,CA,francois_tremblay@hotmail.example,+1-581-555-0183,CTR-1000020279,auto,2024-10-18,2025-04-10,expiré,2092.38,mensuelle,prélèvement,AG-PR-006,2024-09-21,2026-06-01,,,
principal,CLI-00020346,M.,Henry,Nelson,2002-02-18,M,en,1548,Boulevard,Oak,North,,Hamilton,ON,Ontario,L8S 0K9,CA,henry.nelson@icloud.example,+1-289-555-0119,CTR-1000020346,vie,2026-03-31,2026-11-27,actif,1175.03,semestrielle,prélèvement,AG-PR-002,2026-03-24,2026-05-12,,,
principal,CLI-00020358,M.,Alexandre,Garcia,1987-12-05,M,fr,4355,rue,du Moulin,,,Saint-Jean-sur-Richelieu,QC,Québec,J3A 2M8,CA,alexandreg@hotmail.example,+1-418-555-0185,CTR-1000020358,vie,2026-05-27,2027-09-07,actif,2521.61,annuelle,prélèvement,AG-PR-005,2026-05-25,2026-06-13,,,
principal,CLI-00020522,Mme,Julie,Gauthier,1976-09-21,F,fr,4025,allée,des Pionniers,Ouest,465,Montréal,QC,Québec,H1A 9M7,CA,julie_gauthier@hotmail.example,+1-450-555-0130,CTR-1000020522,habitation,2017-06-29,2027-01-09,actif,910.53,annuelle,prélèvement,AG-PR-003,2017-06-24,2024-08-29,2019-08-07,80514.96,fermé
principal,CLI-00020647,M.,Michel,Kim,1985-04-19,M,fr,5909,avenue,des Mélèzes,,,Québec,QC,Québec,G2B 9E0,CA,michelkim@hotmail.example,+1-438-555-0166,CTR-1000020647,auto,2022-02-17,,actif,2084.13,annuelle,prélèvement,AG-PR-001,2022-02-11,2022-06-25,,,
principal,CLI-00020986,Mme,Louise,Tremblay,1962-01-24,F,fr,7823,allée,des Frênes,,711,La Tuque,QC,Québec,G9X 2L4,CA,louiset@outlook.example,+1-418-555-0119,CTR-1000020986,voyage,2023-05-17,,suspendu,561.07,mensuelle,prélèvement,AG-PR-004,2023-05-01,2026-07-01,,,
principal,CLI-00021101,M.,David,Martinez,1981-08-08,M,en,6337,Avenue,Willow,,866,Hamilton,ON,Ontario,L8P 5P8,CA,david.martinez@outlook.example,+1-249-555-0194,CTR-1000021101,vie,2018-03-09,2027-06-02,actif,1505.73,mensuelle,prélèvement,AG-PR-003,2018-02-09,2021-08-30,,,fermé
principal,CLI-00021529,M.,Mateo,Khan,1963-10-19,M,en,9026,Highway,Willow,South,,Moncton,NB,Nouveau-Brunswick,E1A 1Y7,CA,mateokhan@bell.example,+1-506-555-0174,CTR-1000021529,auto,2017-01-03,,actif,2482.61,mensuelle,prélèvement,AG-PR-008,2016-12-11,2022-12-14,2026-04-13,10230.26,ouvert
principal,CLI-00021942,M.,Claude,Girard,2006-10-22,M,fr,2663,rue,de l'Église,,703,Drummondville,QC,Québec,J2B 6H4,CA,girard011@gmail.example,+1-581-555-0146,CTR-1000021942,voyage,2025-08-07,,actif,471.26,mensuelle,prélèvement,AG-PR-001,2025-08-06,2025-11-19,,,
principal,CLI-00022075,Mme,Chloe,Le,1995-06-04,F,en,596,Way,Meadow,,,Châteauguay,QC,Québec,J6K 7K3,CA,chl126@gmail.example,+1-514-555-0127,CTR-1000022075,auto,2018-12-27,2027-07-06,actif,1530.76,mensuelle,carte,AG-PR-002,2018-12-25,2025-03-09,,,
principal,CLI-00022376,M.,Pierre-Luc,Wong,18-05-1939,M,fr,2941,route,du Boisé,,,Sherbrooke,QC,Québec,J1K 4V6,CA,pierreluc182@gmail.example,+1-438-555-0101,CTR-1000022376,vie,30-05-2022,28-11-2026,actif,848.39,trimestrielle,prélèvement,AG-PR-001,22-05-2022,17-02-2023,,,
principal,CLI-00022381,M.,Jacob,Turcotte,2004-12-20,M,fr,2067,rue,du Belvédère,Nord,,Lévis,QC,Québec,G6V 9M9,CA,turcotte420@gmail.example,+1-514-555-0121,CTR-1000022381,voyage,2024-07-29,2027-01-22,actif,315.87,mensuelle,virement,AG-PR-003,2024-07-12,2025-04-28,,,
principal,CLI-00022430,Mme,Julie,Cloutier,1989-07-14,F,fr,9080,chemin,des Bouleaux,,465,Saguenay,QC,Québec,G7J 1N6,CA,cloutier.julie@gmail.example,+1-263-555-0150,CTR-1000022430,auto,2019-01-16,,actif,1061.93,trimestrielle,prélèvement,AG-PR-001,2019-01-13,2019-06-07,2024-09-24,16881.06,en_cours
principal,CLI-00022481,M.,Denis,Patel,2001-08-03,M,fr,6863,terrasse,de l'Anse,,496,Gatineau,QC,Québec,J9A 9Y8,CA,denis.patel@gmail.example,+1-450-555-0149,CTR-1000022481,voyage,2024-01-24,2027-05-20,actif,557.87,mensuelle,virement,AG-PR-005,2024-01-23,2024-09-30,,,
principal,CLI-00022512,M.,Samuel,Lévesque,1942-09-03,M,fr,1195,boulevard,du Rocher,Nord,,Vaudreuil-Dorion,QC,Québec,J7V 2K8,CA,samuel.levesque@yahoo.example,+1-450-555-0154,CTR-1000022512,voyage,2021-03-01,2027-01-02,actif,533.69,mensuelle,prélèvement,AG-PR-001,2021-02-26,2022-02-14,,,
principal,CLI-00022524,M.,Stéphane,Smith,1944-09-13,M,fr,6239,route,du Lac,Est,634,Saint-Hyacinthe,QC,Québec,J2R 3X7,CA,stephane3081@outlook.example,+1-514-555-0129,CTR-1000022524,habitation,2026-05-09,2026-11-09,suspendu,2574.18,mensuelle,prélèvement,AG-PR-001,2026-05-03,2026-06-07,,,
principal,CLI-00022634,Mme,Noémie,Gagné,1958-05-13,F,fr,5604,rang,des Érables,,739,Trois-Rivières,QC,Québec,G9A 1N0,CA,noemieg@gmail.example,+1-873-555-0103,CTR-1000022634,vie,2017-07-25,2027-04-29,actif,2148.55,mensuelle,prélèvement,AG-PR-001,2017-07-02,2020-07-29,,,
principal,CLI-00022672,M.,Jean-François,Fortin,2002-08-26,M,fr,6827,avenue,des Chênes,,,Montréal,QC,Québec,H3G 3P8,CA,jeanfrancoisfortin@iclo ud.example,+1-354-555-0105,CTR-1000022672,vie,2024-11-19,2027-07-19,actif,1639.77,mensuelle,carte,AG-PR-002,2024-11-14,2025-06-26,,,
principal,CLI-00022810,M.,Ezra,Clark,1986-09-07,M,en,3202,Crescent,Redwood,,,Terrebonne,QC,Québec,J6W 9M3,CA,ezra78@gmail.example,+1-438-555-0187,CTR-1000022810,auto,2019-09-25,2025-12-29,expiré,1311.23,annuelle,prélèvement,AG-PR-005,2019-09-18,2025-03-04,,,
principal,CLI-00023243,Mme,Chantal,Lévesque,1961-05-04,F,fr,4030,rue,de la Traverse,,604,Québec,QC,Québec,G1R 5N3,CA,clevesque@yahoo.example,+1-438-555-0146,CTR-1000023243,vie,2022-03-23,2026-12-16,actif,1470.25,trimestrielle,virement,AG-ON-002,2022-03-04,2024-08-08,,,
principal,CLI-00023278,M.,Marc,Ouellet,1965-03-25,M,fr,441,boulevard,du Domaine,,,Red Deer,AB,Alberta,T4N 4R5,CA,marco@gmail.example,+1-368-555-0111,CTR-1000023278,auto,2025-12-03,2027-03-03,actif,1060.02,mensuelle,carte,AG-PR-008,2025-11-03,2025-12-02,,,
principal,CLI-00023629,Mme,Marie-Ève,Grenier,1978-11-08,F,fr,3412,avenue,des Sauless,,171,Québec,,Québec,G1R 8A5,CA,grenier259@gmail.example,+1-354-555-0123,CTR-1000023629,voyage,2020-06-09,2027-03-12,actif,225.01,mensuelle,carte,AG-PR-002,2020-06-03,2023-02-18,,,
principal,CLI-00023636,Mme,Julie,Roy,1961-11-05,F,fr,4826,carré,du Boisé,,,Montréal,QC,Québec,H2X 5M2,CA,roy26@icloud.example,+1-873-555-0155,CTR-1000023636,auto,2023-08-20,,actif,1413.55,mensuelle,carte,AG-PR-001,2023-07-22,2025-03-20,,,
principal,CLI-00023699,Mme,Anne,Gagné,1956-10-17,F,fr,6661,boulevard,des Pins,Sud,628,Dollard-des-Ormeaux,QC,Québec,H9B 2N3,CA,annegagne@gmail.example,+1-819-555-0103,CTR-1000023699,auto,2018-08-12,2027-03-26,actif,1169.97,mensuelle,carte,AG-PR-005,2018-07-29,2021-09-29,,,
principal,CLI-00023861,Mme,Anne-Marie,Nguyen,1952-10-18,F,fr,3935,allée,des Bouleaux,,,Laval,QC,Québec,H7W 9X9,CA,nguyen.annemarie@icloud.example,+1-450-555-0136,CTR-1000023861,habitation,2018-09-27,2026-01-26,résilié,1745.58,trimestrielle,prélèvement,AG-PR-002,2018-09-23,2023-09-05,,,
principal,CLI-00024160,Mme,Isabelle,Santos,1996-06-17,F,fr,9587,rue,du Belvédère,Est,,Gatineau,QC,Québec,8X 4H4,CA,isabellesantos@gmail.example,+1-450-555-0139,CTR-1000024160,auto,2026-06-27,2026-07-04,résilié,831.55,annuelle,prélèvement,AG-PR-002,2026-06-27,2026-07-11,,,
principal,CLI-00024490,Mme,Ava,Green,1936-11-11,F,en,2935,Avenue,School,North,,Surrey,BC,Colombie-Britannique,V3R 3C0,CA,ava.green@videotron.example,+1-672-555-0110,CTR-1000024490,habitation,2021-11-25,2026-10-29,actif,2645.08,mensuelle,carte,AG-PR-008,2021-11-17,2022-05-02,,,
principal,CLI-00024737,M.,Denis,Ouellet,1951-09-12,M,fr,4217,croissant,des Lilas,Sud,,Saguenay,QC,Québec,G7J 5C1,CA,denis_ouellet@gmail.example,+1-581-555-0147,CTR-1000024737,auto,2022-03-27,2027-07-17,actif,898.69,mensuelle,prélèvement,AG-PR-007,2022-03-13,2022-09-13,,,
principal,CLI-00024850,M.,Michel,Patel,1949-01-23,M,fr,9348,montée,dess Champs,Sud,,Laval,QC,Québec,H7W 5Y5,CA,genevieve-sato@yahoo.example,+1-418-555-0128,CTR-1000024850,voyage,2022-10-09,2027-06-14,actif,142.04,mensuelle,carte,AG--PR-004,2022-09-17,2025-07-01,,,
principal,CLI-00025738,Mme,Amélie,Phillips,1990-12-23,F,fr,8208,avenue,du Moulin,,168,Victoriaville,QC,Québec,G6P 5W7,CA,amelie-phillips@gmail.example,+1-418-555-0100,CTR-1000025738,habitation,2023-12-16,2024-11-08,résilié,1333.83,mensuelle,prélèvement,AG-PR-003,2023-11-23,2025-02-28,,,
principal,CLI-00025857,Mme,Gabrielle,Ahmed,1965-11-04,F,fr,1202,chemin,des Bouleaux,Sud,,Montreal,QC,Québec,H2X 0R5,CA,gahmed@gmail.example,+1-450-555-0159,CTR-1000025857,habitation,2022-03-21,2026-12-11,actif,2016.83,trimestrielle,carte,AG-PR-002,2022-03-18,2023-02-10,,,
principal,CLI-00026420,Mme,Harper,Turner,1995-09-10,F,en,4982,Court,Oak,,,Calgary,AB,Alberta,T2P 5T1,CA,harper.turner@outlook.example,+1-403-555-0196,CTR-1000026420,voyage,2021-03-03,2027-08-28,actif,327.57,trimestrielle,prélèvement,AG-PR-001,2021-02-07,2022-12-18,,,
principal,CLI-00026425,M.,Lucas,Ali,1980-08-08,M,en,384,Avenue,Cedar,North,,Ottawa,ON,Ontario,K2P 1N2,CA,lucasali@outlook.example,+1-807-555-0132,CTR-1000026425,auto,2023-08-03,,actif,431.30,mensuelle,virement,AG-PR-001,2023-07-07,2023-10-22,,,
principal,CLI-00026481,M.,Émile,Cormier,1947-08-28,M,fr,4069,montée,du Havre,,,Québec,QC,Québec,G1R 8G5,CA,emilecormier@gmail.example,+1-450-555-0142,CTR-1000026481,habitation,2018-08-11,2027-05-08,actif,2069.06,mensuelle,prélèvement,AG-PR-001,2018-07-15,2023-12-04,,,
principal,CLI-00027071,M.,Marc,Roy,1939-10-07,M,fr,5102,rang,des Tulipes,,,Sahnt-Jean-sur-Richelieu,QC,Québec,J3B 9J8,CA,marc_roy@yahoo.example,+1-514-555-0174,CTR-1000027071,habitation,2023-08-03,2027-06-18,actif,1156.05,mensuelle,prélèvement,AG-ON-001,2023-08-02,2025-03-07,,,
principal,CLI-00027230,M.,Hugo,Girard,1943-05-31,M,fr,8612,autoroute,des Hirondelles,Nord,,Sherbrooke,QC,Québec,J1H 6M2,CA,hgirard@gmail.example,+1-579-555-0163,CTR-1000027230,habitation,2021-01-31,2027-03-21,actif,1137.80,trimestrielle,prélèvement,AG-PR-001,2021-01-19,2022-03-04,,,
principal,CLI-00027707,Mme,Noémie,Simard,1975-12-14,F,fr,6956,rang,des Bouleaux,,,Sorel-Tracy,QC,Québec,J3R 2Y4,CA,noemies@proton.example,+1-468-555-0115,CTR-1000027707,habitation,2025-10-27,,actif,932.24,semestrielle,prélèvement,AG-PR-005,2025-10-17,2026-09-09,,,
principal,CLI-00027889,Mme,Camila,Adams,1963-07-07,F,en,627,Court,Meadow,,725,Shawinigan,QC,Québec,G9P 4G3,CA,camila.adams@gmail.example,+1-438-555-0131,CTR-1000027889,auto,2022-06-16,2027-03-26,actif,1790.71,mensuelle,prélèvement,AG-PR-005,2022-05-29,2026-03-24,,,
principal,CLI-00028539,Mme,Noémie,Ahmed,1957-12-29,F,fr,6088,rang,de la Traverse,,425,Granby,QC,Québec,J2G 3H6,CA,noemie81@outlook.example,+1-468-555-0125,CTR-1000028539,habitation,2018-05-17,,actif,804.47,mensuelle,prélèvement,AG-PR-001,2018-05-12,2022-12-05,,,
principal,CLI-00028875,Mme,Mélanie,Tremblay,2006-06-08,F,fr,9220,rue,des Pionniers,,,Repentigny,QC,Québec,J5Y 2X9,CA,melanie55@outlook.example,+1-514-555-0140,CTR-1000028875,auto,2025-10-09,2027-08-12,actif,688.59,annuelle,prélèvement,AG-PR-005,2025-09-28,2026-02-18,,,
principal,CLI-00028957,M.,Leo,Parker,1960-12-10,M,en,4558,Highway,Mountainview,,,Dollard-des-Ormeaux,QC,Québec,H9B 7P5,CA,leo.parker@outlook.example,+1-514-555-0107,CTR-1000028957,auto,2017-06-07,2020-09-04,expiré,1281.65,semestrielle,prélèvement,AG-PR-001,2017-05-22,2023-11-22,,,
principal,CLI-00029185,M.,Marc,Poirier,1962-08-28,M,fr,4415,allée,des Pionniers,,,Gatineau,QC,Québec,J8Y  0A5,CA,poirier14@gmail.example,+1-514-555-0104,CTR-1000029185,auto,2024-01-12,2027-04-20,actif,614.98,mensuelle,carte,AG-PR-006,2023-12-23,2025-05-10,2026-13-40,36041.32,fermé
principal,CLI-00029332,M.,Gilles,Paquette,1948-05-31,M,fr,4740,route,du Lac,,,Longueuil,QC,Québec,J4H 7G2,CA,gil654@gmail.example,+1-579-555-0167,CTR-1000029332,auto,2018-05-22,2026-12-27,actif,1461.48,mensuelle,carte,AG-PR-001,2018-05-08,2018-12-15,,,
principal,CLI-00029580,Mme,Élise,Paquette,1944-06-30,F,fr,7721,boulevard,de l'Anse,,,Lévis,QC,Québec,G6V 1T6,CA,elise_paquette@outlook.example,+1-514-555-0131,CTR-1000029580,voyage,2025-07-14,,actif,237.31,annuelle,prélèvement,AG-PR-001,2025-07-03,2025-09-07,,,
principal,CLI-00029883,M.,Pierre-Luc,Pelletier,1954-02-13,M,fr,9406,rue,du Lac,,,Terrebonne,QC,Québec,J6W 2J4,CA,pp85@outlook.example,+1-873-555-0166,CTR-1000029883,auto,2024-01-19,2027-08-25,suspendu,1832.44,mensuelle,chèque,AG-PR-001,2024-01-03,2025-05-03,,,
principal,CLI-00029904,Mme,Jade,Yamamoto,1997-07-23,F,fr,6310,route,des Chênes,Ouest,,Gatineau,QC,Québec,N6A 5S1,CA,jad348@icloud.example,+1-581-555-0107,CTR-1000029904,habitation,2020-06-30,2027-07-20,suspendu,1166.79,mensuelle,prélèvement,AG-PR-007,2020-06-05,2025-12-04,,,
principal,CLI-00029947,Mme,Geneviève,Morin,2026-13-40,F,fr,5640,rue,des Trilliums,,,Doll  ard-des-Ormeaux,QC,Québec,H9A 3C4,CA,gm9685@outlook.example,+1-514-555-0177,CTR-1000029947,habitation,2019-09-13,2027-09-02,actif,2621.38,mensuelle,prélèvement,AG-PR-001,2019-08-21,2024-12-07,,,
principal,CLI-00030121,Mme,Monique,Gauthier,1956-09-10,F,fr,6477,chemin,des Peupliers,,156,Drummondville,QC,Québec,J2B 3J5,CA,monique.gauthier@icloud.example,+1-450-555-0144,CTR-1000030121,auto,2021-01-12,2027-05-11,actif,691.97,semestrielle,virement,AG-PR-008,2020-12-29,2023-09-05,,,
principal,CLI-00030127,Mme,Léa,Pelletier,1953-03-28,F,fr,9230,boulevard,du Moulin,,,Montréal,QC,Québec,H1A 9B9,CA,pelletier.lea@gmail.example,+1-263-555-0177,CTR-1000030127,habitation,2016-10-21,2019-08-25,expiré,2190.10,trimestrielle,virement,AG-PR-001,2016-10-11,2023-10-11,,,
principal,CLI-00030143,M.,Serge,Chen,1988-12-29,M,fr,1804,rang,des Trois-Lacs,,332,Sherbrooke,QC,Québec,J1H 9G5,CA,serge2166@gmail.example,+1-438-555-0106,CTR-1000030143,auto,2022-02-01,2024-12-10,expiré,1548.83,annuelle,prélèvement,AG-PR-008,2022-01-27,2024-05-17,2023-08-06,8748.70,ouvert
principal,CLI-00030436,Mme,Sophie,Le,1962-02-21,F,fr,7871,rue,de la Grande-Allée,,,Gatineau,QC,Québec,J9A 3R9,CA,sop566@videotron.example,+1-514-555-0164,CTR-1000030436,habitation,2017-03-05,2027-02-01,actif,1525.90,annuelle,virement,AG-PR-006,2017-02-06,2017-10-30,2023-12-04,47372.12,fermé
principal,CLI-00030594,Mme,Noémie,Lévesque,1993-08-16,F,fr,8285,avenue,de la Rivière,,168,Québec,QC,Québec,G1V 0S7,CA,noemie-levesque@gmail.example,+1  418-555-0183,CTR-1000030594,voyage,2026-04-01,2027-02-28,actif,410.85,mensuelle,virement,AG-PR-006,2026-03-28,2026-04-03,,,
principal,CLI-00030646,M.,Jacques,Leblanc,1943-08-15,M,fr,2333,côte,du Ruisseau,,744,Mirabel,QC,Québec,J7N 4S0,CA,jac80@yahoo.example,+1-579-555-0182,CTR-1000030646,vie,2017-04-14,2026-11-26,actif,1612.01,mensuelle,prélèvement,AG-PR-006,2017-04-03,2017-11-01,,,
principal,CLI-00030690,M.,Thomas,Girard,1993-12-21,M,fr,9952,terrasse,du Parc,,,Saint-Jérôme,QC,Québec,J7Y 1J9,CA,girard5749@gmail.example,+1-514-555-0189,CTR-1000030690,vie,2017-09-25,2026-11-03,actif,2375.69,trimestrielle,virement,AG-PR-001,2017-08-27,2025-03-15,,,
principal,CLI-00030775,M.,Serge,Fournier,1968-11-13,M,fr,390,boulevard,des Sommets,,,Châteauguay,QC,Québec,J6J 3E8,CA,ser939@hotmail.example,+1-418-555-0153,CTR-1000030775,voyage,2023-04-30,2027-02-24,suspendu,351.06,mensuelle,prélèvement,AG-PR-007,2023-04-17,2026-03-14,,,
principal,CLI-00030916,Mme,Camille,Fournier,1997-05-30,F,fr,4661,avenue,des Pins,,968,Mascouche,QC,Québec,J7K 5P7,CA,camillefournier@icloud.example,+1-450-555-0117,CTR-1000030916,auto,2025-01-22,,actif,1010.61,trimestrielle,prélèvement,AG-PR-001,2025-01-11,2026-08-23,,,
principal,CLI-00031055,Mme,Alice,Tremblay,1976-05-25,F,fr,8779,chemin,des Peupliers,,,Montréal,QC,Québec,H2X 9V7,CA,alice_tremblay@icloud.example,+1-579-555-0160,CTR-1000031055,habitation,2017-09-25,2023-02-07,résilié,682.32,mensuelle,chèque,AG-PR-008,2017-09-11,2021-11-10,,,
principal,CLI-00031072,Mme,Harper,Fournier,1963-07-22,F,en,5685,Street,Lakeview,,956,Winnipeg,MB,Manitoba,R3C 5S6,CA,harper87@hotmail.example,+1-204-555-0117,CTR-1000031072,auto,2020-06-24,2027-05-28,actif,453.95,mensuelle,prélèvement,AG-PR-001,2020-06-04,2025-12-15,,,
principal,CLI-00031152,M.,Gilles,Cloutier,1956-12-18,M,fr,3036,rue,des Cèdres,,254,Winnipeg,MB,Manitoba,R3C 3Z4,CA,gilles680@icloud.example,+1-431-555-0116,CTR-1000031152,vie,2018-12-04,2026-11-24,actif,3027.31,mensuelle,carte,AG-PR-008,2018-11-23,2025-07-27,,,
principal,CLI-00031196,M.,Alexandre,Tremblay,1951-01-29,M,fr,1700,rang,de l'Anse,,201,Saint-Jérôme,QC,Québec,J7Z 5W9,CA,alexandre.tremblay@hotmail.example,+1-438-555-0153,CTR-1000031196,habitation,2023-07-17,2026-12-10,actif,2527.05,trimestrielle,prélèvement,AG-PR-002,2023-06-28,2025-12-14,,,
principal,CLI-00031346,Mme,Sylvie,Boucher,1989-01-11,F,fr,593,route,de la Gare,,,Québec,QC,Québec,G2B 0P2,CA,sylvieboucher@gmail.example,+1-819-555-0171,CTR-1000031346,auto,2025-05-22,2027-02-11,actif,1716.21,trimestrielle,carte,AG-PR-001,2025-05-22,2026-07-20,,,
principal,CLI-00000569,M.,Simon,Bell,1968-10-13,M,fr,2673,terrasse,de la Rivière,Sud,59,Montréal,QC,Québec,H4A 0P2,CA,simon_bell@gmail.example,+1-438-555-0140,CTR-1000031665,voyage,2021-07-27,2027-08-17,actif,543.51,mensuelle,virement,AG-PR-001,2021-07-26,2022-01-14,,,
principal,CLI-00031672,Mme,Julie,Fournier,1994-07-11,F,fr,7578,rang,des Mélèzes,,754,Trois-Rivières,QC,Québec,G8Z 1V5,CA,joseefournier@icloud.example,+1-579-555-0164,CTR-1000031672,voyage,2018-04-23,,actif,529.53,mensuelle,prélèvement,AG-PR-001,2018-04-18,2026-03-03,,,
principal,CLI-00031800,M.,Gilles,Adams,1951-11-28,M,fr,4230,rang,des Champs,Sud,,Gatineau,QC,Québec,J2J 8V3,CA,gadams@videotron.example,+1-450-555-0189,CTR-1000031800,voyage,2022-06-09,2027-09-02,actif,200.26,mensuelle,virement,AG-PR-006,2022-05-17,2024-04-20,,,
principal,CLI-00032040,Mme,Marguerite,Beaulieu,1943-05-15,F,fr,975,rang,de la Traverse,,,Mirabel,QC,Québec,J7J 2K1,CA,mbeaulieu@icloud.example,+1-418-555-0184,CTR-1000032040,auto,2018-06-22,2021-12-04,expiré,665.58,mensuelle,prélèvement,AG-PR-004,2018-06-20,2019-10-24,,,
principal,CLI-00032121,M.,Michael,Baker,1966-09-07,M,en,2755,Street,Lakeshore,,,Victoriaville,QC,Québec,G6S 2T2,CA,mbaker@gmail.example,+1-579-555-0105,CTR-1000032121,auto,2022-03-13,2027-05-30,actif,777.71,annuelle,virement,AG-PR-005,2022-02-26,2022-11-14,,,
principal,CLI-00032528,Mme,Rosalie,Campbell,1986-01-13,F,fr,5674,montée,du Marais,,541,Shawinigan,QC,Québec,G9P 7A6,CA,ros607@bell.example,+1-581-555-0188,CTR-1000032528,habitation,2017-03-29,2025-08-09,expiré,2371.76,mensuelle,prélèvement,AG-PR-001,2017-03-20,2024-03-09,,,
principal,CLI-00032637,M.,Henry,Brown,1945-09-15,M,en,6794,Circle,Maple,South,,Toronto,ON,Ontario,M4W 4E5,CA,hb266@hotmail.example,+1-343-555-0162,CTR-1000032637,auto,2016-11-10,2027-05-25,actif,1141.54,mensuelle,prélèvement,AG-PR-005,2016-11-09,2026-09-14,,,
principal,CLI-00032846,M.,Luc,Pelletier,1978-09-09,M,fr,1431,rue,des Cèdres,,349,Laval,QC,Québec,H7N 5G2,CA,luc-pelletier@bell.example,+1  579-555-0198,CTR--1000032846,habitation,2025-05-25,2027-01-31,actif,3008.57,mensuelle,virement,AG-PR-003,2025-05-06,2026-06-27,2026-07-12,99334.91,fermé
principal,CLI-00032851,M.,François,Côté,1973-10-14,M,fr,482,rang,des Mélèzes,,340,Laval,QC,Québec,H7N 5N0,CA,francoiscote@hotmail.example,+1-873-555-0184,CTR-1000032851,habitation,2023-05-31,2027-07-20,actif,1427.81,annuelle,prélèvement,AG-PR-008,2023-05-10,2023-08-29,,,
principal,CLI-00033062,M.,Alexis,Paquette,1987-09-10,M,fr,6938,boulevard,du Belvédère,Ouest,,Rivière-du-Loup,QC,Québec,G5R 7Z6,CA,alexisp@outlook.example,+1-819-555-0109,CTR-1000033062,habitation,2026-01-26,2026-12-20,actif,1297.61,mensuelle,carte,AG-PR-006,2026-01-11,2026-06-01,,,
principal,CLI-00033316,M.,Émile,Roy,1941-02-16,M,fr,780,avenue,du Marais,,,Québec,QC,Québec,G2B 8M9,CA,emi13@gmail.example,+1-367-555-0196,CTR-1000033316,auto,2023-08-10,2027-02-01,actif,1155.67,mensuelle,prélèvement,AG-PR-001,2023-08-03,2024-02-15,,,
principal,CLI-00033390,M.,Daniel,Vachon,2003-07-14,M,fr,9818,route,de la Clairière,,,Montréal,QC,Québec,H4A 8T7,CA,daniel.vachon@outlook.example,+1-581-555-0104,CTR-1000033390,habitation,2024-06-11,,actif,1394.35,semestrielle,carte,AG-PR-001,2024-05-19,2025-06-20,,,
principal,CLI-00034371,M.,Asher,Smith,2006-09-09,M,en,5908,Lane,Harbour,,,Toronto,ON,Ontario,M6G 9G8,CA,as42@outlook.example,+1-905-555-0159,CTR-1000034371,auto,2026-03-01,2026-11-16,actif,772.30,annuelle,prélèvement,AG-PR-001,2026-02-14,2026-05-09,,,
principal,CLI-00034394,Mme,Evelyn,Phillips,1974-10-04,F,en,4058,Drive,Riverside,North,,Edmonton,AB,Alberta,T6G 0V8,CA,evelynp@hotmail.example,+1-587-555-0158,CTR-1000034394,auto,2021-08-17,2025-09-07,résilié,438.63,annuelle,prélèvement,AG-PR-004,2021-08-05,2023-10-16,,,
principal,CLI-00034576,Mme,Manon,Martel,1993-10-17,F,fr,925,montée,du Lac,Ouest,,Gatineau,QC,Québec,J8X 3Y6,CA,manonmartel@outlook.example,+1-263-555-0120,CTR-1000034576,vie,2023-02-19,,actif,3900.40,mensuelle,prélèvement,AG-PR-007,2023-02-08,2023-06-01,,,
principal,CLI-00034593,Mme,Marie-Ève,Pelletier,1997-06-19,F,fr,4718,terrasse,des Geais-Bleus,,944,Gatineau,QC,Québec,J8X 3P3,CA,marieevepelletier@gmail.example,+1-418-555-0175,CTR-1000034593,voyage,2023-04-12,,actif,452.60,annuelle,prélèvement,AG-PR-001,2023-03-18,2024-04-20,,,
principal,CLI-00034919,M.,Daniel,Lefebvre,1997-05-14,M,fr,6186,place,des Deux-Rivières,,694,Beloeil,QC,Québec,J3G 2C1,CA,lefebvre759@yahoo.example,+1-450-555-0141,CTR-1000034919,habitation,2025-06-14,2027-02-12,actif,924.12,mensuelle,carte,AG-PR-004,2025-05-20,2025-10-18,,,
principal,CLI-00035288,M.,Gabriel,Fournier,1989-12-14,M,fr,7136,avenue,des Mélèzes,,765,Victoriaville,QC,Québec,G6P 6R6,CA,gabriel435@gmail.example,+1-514-555-0187,CTR-1000035288,voyage,2026-01-31,2026-12-19,actif,494.77,trimestrielle,carte,AG-PR-006,2026-01-16,2026-03-29,2026-03-27,11358.14,fermé
principal,CLI-00035347,M.,Stéphane,Gagné,1942-04-18,M,fr,1384,croissant,des Hirondelles,,,Rouyn-Noranda,QC,Québec,J9X 9K2,CA,stephaneg@outlook.example,+1-819-555-0133,CTR-1000035347,voyage,2019-12-03,2027-04-20,actif,374.92,mensuelle,prélèvement,AG-PR-006,2019-12-01,2024-01-17,,,
principal,CLI-00035699,Mme,Sophie,Lee,1938-09-22,F,fr,4738,chemin,de la Gare,Ouest,152,Sherbrooke,QC,Québec,J1H 4S8,CA,sop08@gmail.example,+1-819-555-0141,CTR-1000035699,auto,2023-06-19,2024-08-27,expiré,848.83,annuelle,virement,AG-PR-001,2023-05-27,2025-12-13,,,
principal,CLI-00035875,Mme,Isabella,Campbell,1970-09-04,F,en,1642,Drive,Cedar,,,Toronto,ON,Ontario,M5V 6L6,CA,isa91@icloud.example,+1-613-555-0186,CTR-1000035875,auto,2017-06-17,,actif,232.95,mensuelle,carte,AG-PR-005,2017-06-05,2018-03-28,2023-12-13,27000.69,rejeté
principal,CLI-00035939,Mme,Lucie,Lapointe,1964-09-22,F,fr,5686,rue,de la Colline,,,Montréal,QC,Québec,H2X 6A5,CA,lucie.lapointe@gmail.example,+1-450-555-0108,CTR-1000035939,voyage,2020-04-13,2025-08-18,expiré,521.60,mensuelle,carte,AG-PR-007,2020-03-22,2021-02-07,,,
principal,CLI-00036120,M.,Éric,Paquette,1971-02-18,M,fr,5492,route,de la Traverse,,,Victoriaville,QC,Québec,G6P  1L7,CA,ericpaquette@gmail.example,+1-450-555-0100,CTR-1000036120,auto,2020-11-01,2026-12-10,suspendu,623.47,mensuelle,prélèvement,AG-PR-005,2020-10-11,2022-06-18,,,
principal,CLI-00036862,M.,Sébastien,Tremblay,1993-10-06,M,fr,8766,rue,de l'Église,Sud,265,Montréal,QC,Québec,H3G 7M2,CA,tremblay.sebastien@gmail.example,+1-819-555-0199,CTR-1000036862,habitation,2019-09-15,2018-03-05,expiré,2032.18,mensuelle,prélèvement,AG-PR-001,2018-02-07,2023-11-29,,,
principal,CLI-00036927,Mme,Elizabeth,Lewis,1988-11-21,F,en,8875,Avenue,Parkside,,,Brampton,ON,Ontario,G9T 7Y8,CA,elizabethlewis@outlook.example,+1-289-555-0152,CTR-1000036927,voyage,2026-05-13,,actif,230.22,mensuelle,prélèvement,AG-PR-001,2026-04-17,2026-08-01,,,
principal,CLI-00036958,M.,Hudson,Wilson,1947-12-19,M,en,5191,Street,Oai,,,Saint John,NB,Nouveau-Brunswick,E2L 1C5,CA,hud87@gmail.example,+1-428-555-0180,CTR-1000036958,vie,2026-07-06,2027-01-14,actif,3729.65,mensuelle,prélèvement,AG-PR-001,2026-06-16,2026-08-27,,,
principal,CLI-00037016,M.,Mathieu,Gagnon,1961-02-09,M,fr,7763,impasse,du Belvédère,,181,Trois-Rivières,QC,Québec,G8Z 3E1,CA,manon.simard@hotmail.example,+1-581-555-0180,CTR-1000037016,auto,2022-11-17,2027-06-23,suspendu,2209.04,mensuelle,carte,AG--PR-001,2022-10-24,2023-05-16,,,
principal,CLI-00037095,Mme,Lucie,Fortin,2000-12-20,F,fr,1278,avenue,du Belvédère,,489,Val-d'Or,QC,Québec,J9P 8S8,ca,fortin53@outlook.example,+1-418-555-0150,CTR-1000037095,habitation,2023-10-12,2027-05-04,actif,1841.62,mensuelle,prélèvement,AG-PR-004,2023-09-18,2025-09-01,,,
principal,CLI-00037343,M.,Patrick,Girard,1991-11-02,M,fr,8976,terrasse,des Trois-Lacs,,,Lévis,QC,Québec,G6W 9V1,CA,patrick24@hotmail.example,+1-514-555-0178,CTR-1000037343,auto,2017-08-20,2027-02-14,actif,310.57,mensuelle,prélèvement,AG-PR-003,2017-08-19,2025-10-01,,,
principal,CLI-00037707,M.,Martin,Gauthier,1993-10-27,M,fr,2249,terrasse,du Versan,,,Gatineau,qc,Québec,J8Y 7E6,CA,martin.gauthier@gmail.example,+1-450-555-0146,CTR-1000037707,habitation,2020-10-22,,suspendu,1031.80,mensuelle,prélèvement,AG-PR-001,2020-09-29,2022-02-01,,,
principal,CLI-00037737,M.,Hugo,Fournier,1995-11-10,M,fr,6684,croissant,des Pins,,,Gatineau,QC,Québec,J8X 5V0,CA,cote.hugo@gmail.example,+1-438-555-0116,CTR-1000037737,auto,2021-05-08,,actif,2101.66,annuelle,prélèvement,AG-PR-004,2021-04-22,2025-02-10,,,
principal,CLI-00037976,M.,Marc,Lee,1964-01-21,M,fr,3944,chemin,de la Gare,,,Saint-Jean-sur-Richelieu,QC,Québec,J3A 4H5,CA,marc.lee@gmail.example,+1-450-555-0154,CTR-1000037976,auto,2020-07-17,,actif,2007.64,mensuelle,carte,AG-PR-001,2020-06-21,2025-11-02,,,
principal,CLI-00038261,M.,Sylvain,Paquette,1973-01-07,M,fr,4648,impasse,de la Rivière,,,aVl-d'Or,QC,Québec,J9P 3A9,CA,syl40@videotron.example,+1-450-555-0119,CTR-1000038261,habitation_X,2022-08-12,,actif,2097.00,mensuelle,virement,AG-PR-002,2022-08-07,2023-06-20,,,
principal,CLI-00038289,Mme,Mélanie,Lapointe,1951-07-07,F,fr,3951,rue,de la Gare,,791,Longueuil,QC,Québec,J4K 9Z7,CA,melanie.lapointe@gmail.example,+1-873-555-0183,CTR-1000038289,auto,2019-05-13,2027-02-23,actif,350.12,mensuelle,carte,AG-PR-002,2019-04-18,2022-02-08,,,
principal,CLI-00038430,M.,Alain,St-Pierre,1954-03-16,M,fr,2605,rang,des Bouleaux,,180,Laval,QC,Québec,H7N 6X1,CA,ala82@outlook.example,+1-438-555-0193,CTR-1000038430,voyage,2019-10-01,2027-08-17,suspendu,192.16,mensuelle,prélèvement,AG-PR-005,2019-09-12,2024-08-01,,,
principal,CLI-00038480,M.,Luke,Walker,1946-09-04,M,en,9805,Boulevard,Market,,,Charlottetown,PE,Île-du-Prince-Édouard,C1E 0M3,CA,luke.walker@gmail.example,+1-782-555-0106,CTR-1000038480,auto,2022-07-08,2027-03-03,actif,773.25,mensuelle,carte,AG-PR-003,2022-06-16,2025-09-12,,,
principal,CLI-00038877,Mme,Léa,Lavoie,1963-03-18,F,fr,811,montée,des Bouleaux,,,Brossard,QC,Québec,J4W 5J1,CA,lea1020@outlook.example,+1-819-555-0198,CTR-1000038877,auto,2022-04-08,2027-05-29,actif,848.62,mensuelle,carte,AG-PR-002,2022-04-01,2023-04-25,2023-05-06,17413.29,en_cours
principal,CLI-00038935,Mme,Élise,Ouellet,1946-12-10,F,fr,9274,route,des Laurentides,Ouest,,Victoriaville,QC,Québec,G6S 6A2,CA,elise.ouellet@icloud.example,+1-450-555-0122,CTR-1000038935,voyage,2023-09-18,2026-01-01,expiré,266.21,mensuelle,virement,AG-PR-005,2023-08-29,2025-09-20,,,
principal,CLI-00039112,Mme,Harp  er,Martinez,1942-03-28,F,en,9262,Street,Lakeview,,,Surrey,BC,Colombie-Britannique,V3R 2Y4,CA,harper.martinez@hotmail.example,+1-250-555-0108,CTR-1000039112,auto,2021-07-10,2027-01-04,actif,983.89,mensuelle,prélèvement,AG-PR-002,2021-06-24,2023-08-29,,,
principal,CLI-00039141,M.,Dylan,Taylor,1949-12-02,M,en,7284,Boulevard,Westwood,,954,Alma,QC,Québec,G8E 6A0,CA,dylantaylor@proton.example,+1-873-555-0193,CTR-1000039141,voyage,2021-03-04,2027-01-23,actif,234.83,annuelle,prélèvement,AG-PR-002,2021-02-09,2022-05-08,,,
principal,CLI-00000706,Mme,Mila,Young,2008-09-09,F,en,2869,Place,Meadow,,,Laval,QC,Québec,H7W 4S4,CA,melanie.poirier@outlook.example,+1-263-555-0197,CTR-1000039177,voyage,2026-09-14,2027-06-14,actif,201.78,annuelle,prélèvement,AG-PR-001,2026-09-14,2026-09-14,,,
principal,CLI-00039928,Mme,Élise,Parent,1955-05-13,F,fr,797,avenue,des Prairies,,498,Rimouski,QC,Québec,G5M 4B4,CA,elise_parent@gmail.example,+1-581-555-0159,CTR-1000039928,vie,2023-11-27,2027-08-06,actif,1685.01,mensuelle,prélèvement,AG-PR-001,2023-11-05,2025-07-11,,,
principal,CLI-00040191,M.,Olivier,Gagné,1962-01-21,M,fr,609,boulevard,des Lils,Est,,Gaspé,QC,Québec,G4X 0C6,CA,olivier_gagne@hotmail.example,+1-579-555-0100,CTR-1000040191,auto,2025-07-28,2027-06-11,actif,787.23,mensuelle,carte,AG-PR-003,2025-07-13,2025/11/20,,,fermé
principal,CLI-00000037,Mme,Gianna,Ali,,F,en,1523,Street,Stonebridge,,,Surrey,BC,Colombie-Britannique,V3R 9R7,CA,gianna952@gmail.example,+1-604-555-0151,CTR-1000040290,voyage,2020-08-31,2027-08-18,actif,290.53,semestrielle,prélèvement,AG-PR-002,2020-08-18,2025-01-15,,,
principal,CLI-00040595,M.,Martin,R oy,1944-01-08,M,fr,4083,chemin,du Parc,,,Repentigny,QC,Québec,J5Y  6H3,CA,martin77@gmail.example,+1-514-555-0197,CTR-1000040595,vie,2018-09-14,2023-12-22,résilié,2242.94,annuelle,carte,AG-PR-007,2018-08-20,2025-09-20,,,
principal,CLI-00040609,Mme,Caroline,Fortin,1993-02-08,F,fr,1257,rue,de la Gare,,,Montréal,QC,Québec,H4A 6J1,CA,caroline-fortin@yahoo.example,+1-450-555-0167,CTR-1000040609,auto,2020-01-28,2020-02-04,résilié,652.04,annuelle,prélèvement,AG-PR-006,2020-01-09,2026-07-11,,,
principal,CLI-00040739,Mme,Nora,Chowdhury,1938-01-27,F,en,368,Street,Lakeview,,,Saguenay,QC,Québec,G7H 7J2,CA,norachowdhury@outlook.example,+1-819-555-0163,CTR-1000040739,voyage,2025-03-08,2027-01-13,actif,353.15,mensuelle,carte,AG-ON-001,2025-03-08,2025-12-08,2025-11-22,12341.85,en_cours
principal,CLI-00040796,Mme,Louise,Plante,1982-07-14,F,fr,7233,rue,des Bouleaux,,,Magog,QC,Québec,J1X 9C5,CA,louise.plante@hotmail.example,+1-819-555-0159,CTR-1000040796,habitation,2023-09-11,2027-03-23,actif,647.07,mensuelle,prélèvement,AG-PR-006,2023-08-28,2025-09-20,,,
principal,CLI-00040877,Mme,Laurence,Paquette,1945-05-01,F,fr,9041,impasse,du Lac,,238,Val-d'Or,QC,Québec,J9P 3K1,CA,paquette.laurence@gmail.example,+1-450-555-0124,CTR-1000040877,habitation,2023-05-20,2023-11-20,expiré,1218.68,mensuelle,prélèvement,AG-PR-001,2023-05-15,2026-07-16,,,
principal,CLI-00041134,M.,Samuel,Patel,1978-10-13,M,fr,2858,route,des Érables,Nord,,Shawinigan,QC,Québec,G9T 3R2,CA,samuel76@hotmail.example,+1-418-555-0171,CTR-1000041134,habitation,2023-12-08,2027-03-19,actif,1503.21,annuelle,carte,AG-PR-002,2023-12-07,2024-01-23,,,
principal,CLI-00041251,M.,Luc,Chen,1972-07-08,M,fr,193,rue,du Cap,,,Longueuil,QC,Québec,J4K 3A0,CA,luc_chen@hotmail.example,+1-468-555-0183,CTR-1000041251,auto,2026-08-21,2026-11-05,actif,642.37,annuelle,prélèvement,AG-PR-001,2026-07-25,2026-07-26,2026-09-13,17548.12,fermé
principal,CLI-00041288,Mme,Charlotte,Roy,1955-07-25,F,fr,5796,terrasse,des Hirondelles,,886,Gatineau,QC,Québec,J8Y 9L6,CA,charlotte.roy@yahoo.example,+1-438-555-0126,CTR-1000041288,auto,2019-12-25,2027-05-05,actif,1304.58,trimestrielle,prélèvement,AG-PR-001,2019-12-25,2026-01-06,,,
principal,CLI-00041353,Mme,Gabrielle,Parent,1966-07-30,F,fr,153,route,des Champs,,297,Montréal,QC,Québec,H4A 6W9,CA,gabrielle.parent@gmail.example,+1-873-555-0170,CTR-1000041353,auto,2017-07-28,2027-03-26,actif,1096.25,mensuelle,prélèvement,AG-PR-001,2017-07-28,2019-04-06,2022-02-06,3129.44,fermé
principal,CLI-00041423,Mme,Rosalie,Fortin,1999-08-16,F,fr,6003,rue,de la Falaise,,,Gaspé,QC,Québec,G4X 1C3,CA,rosalief@outlook.example,+1-514-555-0190,CTR-1000041423,habitation,2021-09-20,2027-05-02,actif,715.42,mensuelle,prélèvement,AG-PR-004,2021-09-07,2022-07-12,,,
principal,CLI-00041520,Mme,Suzanne,Lavoie,2003-03-19,F,fr,3678,chemin,des Bouleaux,,,Laval,QC,Québec,H7N 9Y0,CA,suzanne4810@gmail.example,+1-873-555-0173,CTR-1000041520,habitation,2025-08-15,2027-06-22,actif,1844.76,trimestrielle,virement,AG-PR-007,2025-07-19,2025-11-08,,,
principal,CLI-00041753,Mme,Anne-Marie,Gonzalez,1946-03-01,F,fr,9483,boulevard,de la Colline,,,Terrebonne,QC,Québec,J6W 9Y1,CA,annemarie72@hotmail.example,+1-581-555-0144,CTR-1000041753,habitation,2026-08-27,2027-01-30,actif,665.28,annuelle,prélèvement,AG-PR-004,2026-08-15,2026-08-19,,,
principal,CLI-00041762,M.,Luc,Wong,1971-04-28,M,fr,3689,avenue,du Versant,Nord,863,Québec,QC,Québec,G2B 2J2,CA,luc526@gmail.example,+1-450-555-0117,CTR-1000041762,habitation,2021-08-22,2027-07-21,actif,1120.23,mensuelle,prélèvement,AG-PR-002,2021-08-04,2023-04-24,,,
principal,CLI-00041830,M.,Daniel,Brown,1958-10-05,M,en,6779,Street,Cedar,,254,Mississauga,ON,Ontario,L5B 3A7,CA,db8078@outlook.example,+1  807-555-0171,CTR-1000041830,auto,2023-09-02,2027-04-10,actif,1427.65,annuelle,prélèvement,AG-PR-001,2023-08-31,2025-12-25,,,
principal,CLI-00041933,M.,Thomas,Roy,1962-04-25,M,fr,7550,croissant,des Prairies,,912,Longueuil,QC,Québec,J4K 2R9,CA,thomas.roy@proton.example,+1-418-555-0129,CTR-1000041933,voyage,2019-12-29,2027-06-07,actif,416.49,mensuelle,virement,AG-PR-008,2019-12-25,2024-07-02,,,
principal,CLI-00042354,Mme,Zoé,Lévesque,1972-04-04,F,fr,7786,avenue,de l'Aube,,185,Magog,QC,Québec,J1X 9W8,CA,zlevesque@hotmail.example,+1-418-555-0195,CTR-1000042354,voyage,2020-10-26,2027-03-21,suspendu,275.62,mensuelle,prélèvement,AG-PR-001,2020-10-14,2024-12-15,,,
principal,CLI-00042543,M.,Robert,Landry,1948-05-08,M,fr,5103,avenue,des Sommets,,,Sherbrooke,QC,Québec,J1K 2N3,CA,rlandry@gmail.example,+1-873-555-0131,CTR-1000042543,auto,2024-09-03,2027-07-08,actif,1403.32,mensuelle,virement,AG-PR-003,2024-08-12,2025-06-20,,,
principal,CLI-00042648,Mme,Camille,Martinez,1980-10-19,F,fr,4819,boulevard,de la Rivière,,,Montréal,QC,Québec,H1A 9J1,CA,camille.martinez@gmail.example,+1-581-555-0198,CTR-1000042648,vie,2025-09-06,2027-05-24,actif,1726.24,mensuelle,prélèvement,AG-PR-001,2025-08-15,2026-07-10,,,
principal,CLI-00043635,M.,Jean-Philippe,Fortin,1968-10-19,M,fr,9625,montée,du Marché,Est,,Vancouver,BC,Colombie-Britannique,V6B 2A6,CA,jeanphilippe.fortin@gmail.example,+1-672-555-0113,CTR-1000043635,habitation,2022-11-07,2027-03-03,actif,1033.92,mensuelle,prélèvement,AG-PR-001,2022-10-23,2026-05-21,,,
principal,CLI-00043845,M.,Charles,Fournier,1953-06-30,M,fr,4030,boulevard,de la Colline,,790,Trois-Rivières,QC,Québec,G9A 5N2,CA,charlesfournier@gmail.example,+1-450-555-0138,CTR-1000043845,habitation,2019-08-14,2027-09-16,actif,2923.16,mensuelle,virement,AG-PR-001,2019-08-09,2022-01-19,,,
principal,CLI-00044309,Mme,Béatrice,Gagnon,1951-12-27,F,fr,8289,route,des Pins,,655,Laval,QC,Québec,H7N 3N2,CA,beatricegagnon@hotmail.example,+1-581-555-0128,CTR-1000044309,auto,2018-02-27,2027-05-18,actif,1303.08,mensuelle,carte,AG-PR-001,2018-02-19,2019-06-12,2024-06-30,13719.22,en_cours
principal,CLI-00044593,M.,Michel,Roy,1967-08-23,M,fr,1613,rue,de la Clairière,Nord,,Laval,QC,Québec,H7W 6J6,CA,michelroy@bell.example,+1-514-555-0177,CTR-1000044593,habitation,2018-06-04,2027-05-14,actif,1996.81,mensuelle,prélèvement,AG-PR-005,2018-05-14,2023-08-23,,,
principal,CLI-00044821,Mme,Manon,Pelletier,1959-01-27,F,fr,6633,chemin,des Mélèzes,,,Gaspé,QC,Québec,G4X 5H4,CA,pelletier99@icloud.example,+1-438-555-0169,CTR-1000044821,vie,2021-10-06,2027-09-16,suspendu,2201.87,trimestrielle,prélèvement,AG-PR-008,2021-09-28,2023-02-28,,,
principal,CLI-00044863,M.,Thomas,Lessard,1967-11-05,M,fr,8629,terrasse,des Hirondelles,,239,Mascouche,QC,Québec,J7K 7R8,CA,tho73@outlook.example,+1-873-555-0107,CTR-1000044863,auto,2022-04-06,2022-12-10,expiré,771.43,mensuelle,carte,AG-PR-004,2022-03-24,2022-09-13,,,
principal,CLI-00045829,M.,William,Tremblay,1955-09-03,M,fr,9316,promenade,de la Traverse,Sud,,Laval,QC,Québec,H7W 3B6,CA,william-tremblay@gmail.example,+1-581-555-0145,CTR-1000045829,habitation,2019-05-15,,actif,1932.13,mensuelle,prélèvement,AG-PR-001,2019-05-12,2025-11-17,,,
principal,CLI-00045928,M.,Claude,Cormier,1990-09-28,M,fr,277,boulevard,du Parc,,381,Rimouski,QC,Québec,G5N 0T0,CA,claudec@videotron.example,+1-873-555-0126,CTR-1000045928,habitation,2023-05-17,,actif,1048.97,mensuelle,prélèvement,AG-PR-008,2023-05-12,2024-06-11,2025-11-09,38857.04,en_cours
principal,CLI-00045973,M.,Jack,Martinez,1956-11-06,M,en,3891,Boulevard,Rosewood,South,,Vancouver,BC,Colombie-Britannique,V6B 1S2,CA,jmartinez@hotmail.example,+1-604-555-0146,CTR-1000045973,vie,2019-08-29,2027-08-10,actif,1648.39,semestrielle,chèque,AG-PR-001,2019-08-28,2025-12-23,,,
principal,CLI-00046213,Mme,Violet,Choi,1988-05-18,F,en,5062,Street,Highland,,,Whitehorse,YT,Yukon,Y1A 0Z2,CA,violet.choi@bell.example,+1-867-555-0106,CTR-1000046213,auto,2021-11-04,2023-08-07,expiré,262.23,mensuelle,virement,AG-PR-004,2021-10-10,2022-02-06,,,
principal,CLI-00046993,Mme,Marie-Ève,Patel,1963-09-06,F,fr,8136,boulevard,des Cèdres,,810,Shawinigan,QC,Québec,G9N 2H2,CA,marieeve.patel@hotmail.example,+1-819-555-0165,CTR-1000046993,auto,2019-04-21,,actif,169.18,mensuelle,virement,AG-PR-003,2019-03-31,2024-10-17,,,
principal,CLI-00047451,M.,Philippe,Lavoie,2000-04-27,M,fr,3313,boulevard,du Soleil-Levant,Est,,Val-d'Or,QC,Québec,J9P 1T8,CA,plavoie@proton.example,+1-450-555-0198,CTR-1000047451,vie,2024-02-05,2024-11-03,expiré,2041.31,mensuelle,prélèvement,AG-PR-001,2024-01-24,2026-04-16,,,
principal,CLI-00047912,M.,Félix,Tremblay,1973-11-06,M,fr,7533,rue,des Laurentides,,648,Lévis,QC,Québec,G6V 4N6,CA,tremblay.felix@outlook.example,+1-418-555-0137,CTR-1000047912,auto,2025-01-29,2027-01-12,actif,574.65,mensuelle,prélèvement,AG-PR-001,2025-01-03,2026-04-02,2025-04-02,25073.89,en_cours
principal,CLI-00047951,M.,Jean,Dubé,1962-02-26,M,fr,9150,avenue,des Prairies,,,Joliette,QC,Québec,J6E 7L1,CA,jean_dube@yahoo.example,+1-873-555-0171,CTR-1000047951,voyage,2018-10-29,2026-10-19,actif,498.95,mensuelle,prélèvement,AG-PR-001,2018-10-26,2026-01-27,,,
principal,CLI-00048225,M.,Ezra,Thompson,1944-04-18,M,en,1735,Street,Mountainview,,,Vancouver,BC,Colombie-Britannique,V6B 7Z3,CA,ezra871@hotmail.example,+1-236-555-0164,CTR-1000048225,voyage,2021-08-29,2025-04-13,expiré,254.17,mensuelle,carte,AG-PR-006,2021-08-13,2025-02-20,,,
principal,CLI-00048226,Mme,Léa,P elletier,1995-09-14,F,fr,6765,avenue,du Vzrsant,Ouest,,Brossard,QC,Québec,J4W 6P0,CA,lea75@gmail.example,+1-579-555-0188,CTR-1000048226,auto,2025-02-15,,actif,570.03,mensuelle,virement,AG-PR-007,2025-01-31,2025-02-26,,,
principal,CLI-00048287,M.,Nicolas,Garcia,1961-06-14,M,fr,9267,chemin,de la Rivière,,,Montréal,QC,Québec,H4A 8S1,CA,nicolas.garcia@icloud.example,+1-873-555-0177,CTR-1000048287,voyage,2023-10-14,,actif,266.16,trimestrielle,prélèvement,AG-PR-002,2023-10-07,2026-09-04,,,
principal,CLI-00048333,M.,Louis-Philippe,Michaud,1982-10-05,M,fr,3488,route,des Sommets,Est,302,Québec,QC,Québec,G1R 8W9,CA,louisphilippe.michaud@gmail.example,+1-418-555-0160,CTR-1000048333,vie,2026-04-17,2027-05-18,actif,3792.12,mensuelle,prélèvement,AG-PR-001,2026-04-01,2026-04-17,,,
principal,CLI-00048544,Mme,,Gauthier,,F,fr,7857,boulevard,de la Source,Nord,,Rivière-du-Loup,QC,Québec,G5R 7V0,CA,suzanne169@yahoo.example,+1-819-555-0141,CTR-1000048544,auto,2026-08-22,2027-06-23,actif,1478.24,mensuelle,virement,AG-PR-005,2026-08-01,2026-08-06,,,
principal,CLI-00048969,M.,Alain,Savard,1982-09-05,M,fr,687,boulevard,des Mélèzes,,400,Montréal,QC,Québec,H1A 0J4,CA,savard438@gmail.example,+1-468-555-0118,CTR-1000048969,habitation,2026-06-25,,actif,1019.34,trimestrielle,carte,AG-PR-006,2026-05-28,2026-06-19,,,
principal,CLI-00049363,Mme,Caroline,Marquis,2005-08-11,F,fr,6778,chemin,du Cap,,,Joliette,QC,Québec,J6E 0C8,CA,caroline_marquis@outlook.example,+1-418-555-0135,CTR-1000049363,habitation,2025-10-21,,actif,853.24,trimestrielle,chèque,AG-PR-007,2025-10-08,2025-12-16,,,
principal,CLI-00049412,Mme,Gabrielle,Lavoie,1964-03-26,F,fr,7654,chemin,des Saules,Ouest,691,Trois-Rivières,QC,Québec,G8Z 2C0,CA,gabrielle-lavoie@hotmail.example,+1-514-555-0186,CTR-1000049412,auto,2023-10-03,,actif,748.87,mensuelle,virement,AG-PR-006,2023-09-18,2023-11-24,,,
principal,CLI-00049448,M.,Daniel,Poirier,1965-12-08,M,fr,8919,avenue,du Versant,Nord,665,Val-d'Or,QC,Québec,J9P 3P6,CA,daniel.poirier@outlook.example,+1-514-555-0196,CTR-1000049448,habitation,2023-09-01,2026-12-06,actif,1268.42,mensuelle,prélèvement,AG-PR-001,2023-08-10,2024-12-20,,,
principal,CLI-00049460,Mme,Sophie,Gagnon,1998-07-13,F,fr,9874,boulevard,des Sommets,Nord,107,Moncton,NB,Nouveau-Brunswick,E1C 7W8,CA,sophie.gagnon@gmail.example,+1-506-555-0124,CTR-1000049460,auto,2026-06-11,2026-12-23,actif,1516.91,annuelle,prélèvement,AG-PR-003,2026-06-02,2026-06-11,2026-09-11,15167.56,fermé
principal,CLI-00049506,M.,Jean,Gauthier,1973-06-27,M,fr,2844,rue,des Laurentides,Est,,Montréal,QC,Québec,H3G 3C5,CA,jea853@videotron.example,+1-450-555-0175,CTR-1000049506,habitation,2024-08-29,2025-03-01,expiré,367.77,annuelle,prélèvement,AG-PR-004,2024-08-04,2026-01-08,,,
principal,CLI-00049689,M.,James,Lee,1944-09-07,M,en,9219,Terrace,Orchard,,582,Edmonton,AB,Alberta,T6G  6P4,CA,james.lee@hotmail.example,+1-780-555-0112,CTR-1000049689,habitation,2025-06-11,,actif,2586.65,mensuelle,prélèvement,AG-PR-001,2025-05-25,2025-09-19,,,
principal,CLI-00049832,M.,Elias,Wilson,1995-05-17,M,en,4290,Boulevard,Lakeview,West,137,Regina,SK,Saskatchewan,S4P 3X2,CA,eliaswilson@gmail.example,+1-306-555-0119,CTR-1000049832,auto,2026-02-24,2027-02-21,actif,1447.08,mensuelle,virement,AG-PR-001,2026-02-17,2026-06-25,,,
principal,CLI-00049846,M.,Éric,Grenier,1939-01-06,M,fr,4381,rue,de la Traverse,,874,Montréal,QC,Québec,H3G 1G7,CA,eri59@gmail.example,+1-418-555-0124,CTR-1000049846,auto,2025-08-11,2026-01-17,expiré,682.22,mensuelle,carte,AG-PR-005,2025-08-04,2026-06-27,,,
principal,CLI-00050142,M.,Pierre,Chen,1986-11-03,M,fr,3621,route,des Saules,,703,Saint-Hyacinthe,QC,Québec,J2S 7Y0,CA,pierrec@hotmail.example,+1-418-555-0178,CTR-1000050142,habitation,2025-01-16,,actif,1521.90,mensuelle,virement,AG-PR-004,2024-12-27,2026-04-16,2026-03-26,,rejeté
principal,CLI-00050595,Mme,Isabelle,Pelletier,1975-01-13,F,fr,5469,boulevard,des Tulipes,,643,Longueuil,QC,Québec,J4H 5J1,CA,ip66@gmail.example,+1-819-555-0146,CTR-1000050595,auto,2018-12-09,2027-03-29,actif,379.36,trimestrielle,carte,AG-PR-004,2018-11-22,2020-01-20,,,
principal,CLI-00050762,M.,Martin,Fortin,1942-03-25,M,fr,2761,rue,du Moulin,Ouest,490,Laval,QC,Québec,H7W 6C2,CA,mar5560@gmail.example,+1-514-555-0150,CTR-1000050762,vie,2020-10-29,2024-04-13,expiré,1686.91,annuelle,carte,AG-PR-002,2020-10-26,2026-05-13,,,
principal,CLI-00050783,M.,Gilles,Nadeau,1974-09-24,M,fr,1510,boulevard,des Lilas,Est,85,Saguenay,QC,Québec,G7J 9C7,CA,gilles467@gmail.example,+1-450-555-0116,CTR-1000050783,auto,2026-09-15,2026-11-22,actif,1333.54,trimestrielle,prélèvement,AG-PR-007,2026-09-04,2026-09-06,,,
principal,CLI-00050931,Mme,Ava,Anderson,1971-05-16,F,en,199,Court,Church,,,Bra mpton,ON,Ontario,L6X  8Y3,CA,ava83@hotmail.example,+1-905-555-0142,CTR-1000050931,auto,2019-09-26,2027-01-28,actif,1170.24,mensuelle,carte_X,AG-PR-005,2019-09-25,2023-03-27,,,
principal,CLI-00051031,M.,Hudson,Nguyen,1975-01-30,M,en,5918,Road,Greenfield,East,,Charlottetown,PE,Île-du-Prince-Édouard,C1A 7M1,CA,hud90@gmail.example,+1-902-555-0188,CTR-1000051031,auto,2019-07-27,2027-02-09,actif,575.85,semestrielle,virement,AG-PR-001,2019-07-14,2019-12-28,2026-04-16,25371.88,ouvert
principal,CLI-00051179,Mme,Mila,Ouellet,1964-10-06,F,en,5701,Highway,Maple,,,Mississauga,ON,Ontario,L5B 4P9,CA,milao@yahoo.example,+1-807-555-0148,CTR-1000051179,habitation,2023-09-11,2027-03-01,actif,3134.02,mensuelle,carte,AG-PR-001,2023-09-11,2025-06-27,,,
principal,CLI-00051406,Mme,Amélie,Simard,1964-10-18,F,fr,4605,rue,de la Rivière,,,Victoriaville,QC,Québec,G6S 1H0,CA,asimard@yahoo.example,+1-581-555-0173,CTR-1000051406,voyage,2025-06-26,2027-03-31,actif,178.01,mensuelle,prélèvement,AG-PR-003,2025-06-13,2026-02-02,,,
principal,CLI-00051876,M.,Olivier,Desjardins,2006-11-24,M,fr,5558,carré,du Parc,,,Saint-Jean-sur-Richelieu,QC,Québec,J3A 2R2,CA,olivier-desjardins@yahoo.example,+1-418-555-0114,CTR-1000051876,habitation,2025-07-08,2026-11-17,actif,3157.33,trimestrielle,prélèvement,AG-PR-003,2025-06-08,2026-02-24,,,
principal,CLI-00051944,Mme,Christine,Simard,2005-01-19,F,fr,2742,rue,des Peupliers,,705,Gatineau,QC,Québec,J8Y 0K8,CA,chr695@outlook.example,+1-579-555-0126,CTR-1000051944,auto,2026-08-01,2027-05-28,actif,844.52,mensuelle,prélèvement,AG-PR-006,2026-07-25,2026-09-10,,,
principal,CLI-00051992,M.,Marc,Cloutier,1953-01-25,M,fr,4595,place,de l'Aube,,,Lévis,QC,Québec,G6V 2J6,CA,mar138@outlook.example,+1-579-555-0119,CTR-1000051992,habitation,2017-06-26,2027-04-23,actif,2934.61,mensuelle,prélèvement,AG-PR-005,2017-06-06,2021-11-12,,,
principal,CLI-00052120,Mme,Camila,Anderson,1962-06-10,F,en,4653,Drive,Fairview,South,962,Québec,QC,Québec,G1V 6K7,CA,camila7475@rogers.example,+1-450-555-0122,CTR-1000052120,auto,2018-02-16,2027-01-24,actif,1802.86,mensuelle,carte,AG-PR-005,2018-01-22,2021-08-22,,,
principal,CLI-00052347,M.,Stéphane,Rodriguez,1957-12-07,M,fr,5796,route,du Ruisseau,,,Montréal,QC,Québec,H3G 8Y9,CA,stephaner@hotmail.example,+1-819-555-0160,CTR-1000052347,auto,2017-04-02,2027-01-30,suspendu,774.45,mensuelle,prélèvement,AG-PR-006,2017-03-10,2024-07-14,,,
principal,CLI-00052360,Mme,Charlotte,Gonzalez,1942-10-30,F,fr,2914,carré,de la Falaise,,,Laval,QC,Québec,H7N 7C0,CA,cg706@gmail.example,+1-581-555-0146,CTR-1000052360,vie,2022-03-10,2027-09-11,actif,3880.06,mensuelle,prélèvement,AG-PR-008,2022-02-09,2022-10-28,,,
principal,CLI-00053306,Mme,Maude,Chen,1938-08-23,F,fr,7395,boulevard,du Domaine,Ouest,,Trois-Rivières,QC,Québec,G8Z 9C8,CA,maude.chen@outlook.example,+1-450-555-0145,CTR-1000053306,voyage,2022-08-29,2027-07-30,actif,383.24,mensuelle,prélèvement,AG-PR-001,2022-08-02,2024-06-26,,,
principal,CLI-00053385,M.,Maxime,Lavoie,1995-07-02,M,fr,9999,route,des Frênes,,,Montréal,QC,Québec,H3G 1W1,CA,maximelavoie@videotron.example,+1-263-555-0140,CTR-1000053385,vie,2024-03-23,2027-08-04,actif,1239.62,trimestrielle,prélèvement,AG-PR-001,2024-03-02,2025-04-29,,,
principal,CLI-00053548,Mme,Madison,Thompson,1950-08-20,F,en,1388,Trail,Lakeshore,East,753,Waterloo,ON,Ontario,N2J 4B3,CA,madisont@gmail.example,+1-365-555-0174,CTR-1000053548,habitation,2021-12-11,2022-09-14,expiré,1160.39,semestrielle,chèque,AG-PR-001,2021-11-11,2021-12-29,,,
principal,CLI-00053801,M.,Marc,Michaud,1942-09-19,M,fr,6270,place,des Tulipes,,,Québec,QC,Québec,G1R 6A8,CA,marc1534@gmail.example,+1-418-555-0141,CTR-1000053801,voyage,2023-01-05,2024-11-24,résilié,160.03,mensuelle,prélèvement,AG-PR-001,2022-12-09,2025-12-28,,,
principal,CLI-00053939,M.,Benjamin,Wilson,1942-12-10,M,en,2769,Boulevard,Garden,West,,Montréal,QC,Québec,H3G 2K0,CA,benjaminwilson@gmail.example,+1-873-555-0164,CTR-1000053939,voyage,2017-03-12,2027-07-21,actif,403.52,mensuelle,prélèvement,AG-PR-008,2017-02-13,2019-07-20,,,
principal,CLI-00054019,Mme,France,Morin,1973-01-29,F,fr,5073,promenade,de la Rivière,,157,Grand Sudbury,ON,Ontario,P3E 3Y7,CA,france.morin@outlook.example,+1-249-555-0146,CTR-1000054019,voyage,2025-08-19,2026-02-27,expiré,74.34,mensuelle,prélèvement,AG-PR-004,2025-08-07,2026-06-25,2025-09-27,,en_cours
principal,CLI-00054152,Mme,Eleanor,Morris,1981-07-24,F,en,3590,Boulevard,School,West,,Red Deer,AB,Alberta,T4R 9W9,CA,eleanor_morris@outlook.example,+1-780-555-0142,CTR-1000054152,auto,2017-05-27,2022-01-23,expiré,2263.34,mensuelle,prélèvement,AG-PR-004,2017-05-13,2018-09-12,,,
principal,CLI-00054159,M.,Martin,Morin,1970-07-14,M,fr,2606,chemin,des Deux-Rivières,Nord,794,Saint-Jean-sur-Richelieu,QC,Québec,J3B 8S6,CA,martin_morin@rogers.example,+1-354-555-0100,CTR-1000054159,voyage,2025-10-01,2026-11-25,actif,614.80,mensuelle,prélèvement,AG-PR-002,2025-09-26,2026-07-03,,,
principal,CLI-00054272,M.,Luc,Dubé,1958-02-03,M,fr,3548,terrasse,de la Rivière,,47,Québec,QC,Québec,G1R 3W9,CA,luc.dube@gmail.example,+1-367-555-0116,CTR-1000054272,habitation,2025-01-26,2027-04-24,actif,2055.54,trimestrielle,prélèvement,AG-PR-003,2025-01-06,2025-02-22,,,
principal,CLI-00054391,M.,Étienne,Parent,1950-09-20,M,fr,2176,rue,de la Colline,,56,Gatineau,QC,Québec,J8X 3A6,CA,etienne.parent@outlook.example,+1-354-555-0187,CTR-1000054391,auto,2018-02-14,2027-06-21,suspendu,1104.80,mensuelle,virement,AG-PR-001,2018-01-23,2022-05-31,,,
principal,CLI-00054547,Mme,Geneviève,Boucher,1974-06-15,F,fr,3585,place,des Trois-Lacs,Est,710,Saint-Jean-sur-Richelieu,QC,Québec,J3B 9N3,CA,genevieve.boucher@gmail.example,+1-514-555-0149,CTR-1000054547,voyage,2026-06-23,2027-06-07,actif,497.86,semestrielle,prélèvement,AG-PR-006,2026-05-24,2026-06-26,,,
principal,CLI-00054642,Mme,Elizabeth,Mitchell,1940-01-08,F,en,2210,Court,Station,,,Calgary,AB,Alberta,T2P 9L6,CA,elizabethmitchell@bell.example,+1-587-555-0188,CTR-1000054642,auto,2024-08-05,2027-05-01,actif,345.65,mensuelle,prélèvement,AG-PR-003,2024-07-22,2026-06-03,,,
principal,CLI-00054715,M.,Simon,Lavoie,1970-11-27,M,fr,197,autoroute,des Érables,,9,Montréal,QC,Québec,H3G 8G3,CA,sl76@gmail.example,+1-579-555-0119,CTR-1000054715,habitation,2020-08-20,2027-03-17,actif,1023.42,trimestrielle,prélèvement,AG-PR-002,2020-07-24,2023-01-12,,,
principal,CLI-00054843,M.,Sébastien,Boucher,,M,fr,6778,place,du Boisé,Nord,,Montréal,QC,Québec,H1A 8N1,CA,sboucher@icloud.example,+1-418-555-0181,CTR-1000054843,auto,2022-12-16,2027-04-14,actif,1579.26,annuelle,carte,AG-PR-004,2022-11-18,2022-11-19,,,
principal,CLI-00054972,M.,Daniel,Martel,1976-07-04,M,fr,2153,place,des Bouleaux,,,Gatineau,QC,Québec,J8Y 6M6,CA,daniel.martel@hotmail.example,+1-819-555-0109,CTR-1000054972,voyage,2020-06-29,2026-11-14,actif,679.75,mensuelle,prélèvement,AG-PR-003,2020-05-31,2024-03-27,,,
principal,CLI-00055256,M.,Alain,Mohammed,1952-01-12,M,fr,1648,chemin,des Hirondelles,,,Drummondville,QC,Québec,J2B 0V2,CA,amohammed@hotmail.example,+1-514-555-0104,CTR-1000055256,habitation,2022-09-22,2027-08-11,actif,2260.49,annuelle,carte,AG-PR-003,2022-09-07,2023-09-09,,,
principal,CLI-00055908,Mme,Gianna,Lewis,14-07-2007,F,en,5225,Place,Spring,,,Saint John,NB,Nouveau-Brunswick,E2L 6H3,CA,lewis.gianna@outlook.example,+1-428-555-0165,CTR-1000055908,auto,04-12-2025,,actif,996.46,annuelle,prélèvement,AG-PR-006,17-11-2025,05-03-2026,12-06-2026,14731.85,fermé
principal,CLI-00056189,Mme,Amélie,Leblanc,1973-06-11,F,fr,8747,rang,du Vieux-Pont,,493,Lévis,QC,Québec,G6V 6M8,CA,ameliel@proton.example,+1-450-555-0184,CTR-1000056189,habitation,2026-03-25,2027-08-04,actif,1022.61,semestrielle,carte,AG-PR-005,2026-03-08,2026-09-12,,,
principal,CLI-00056286,M.,Asher,Cook,1982-05-26,M,en,1627,Boulevard,Willow,,,Châteauguay,QC,Québec,J6J 7Y0,CA,ashercook@gmail.example,+1-367-555-0184,CTR-1000056286,auto,2021-07-22,,actif,2287.24,annuelle,carte,AG-PR-002,2021-07-19,2023-03-08,2026-07-15,31904.44,fermé
principal,CLI-00056887,Mme,Harper,Lewis,1983-11-28,F,en,1477,Boulevard,Eastwood,,,Montréal,QC,Québec,H2X  9M5,CA,har69@hotmail.example,+1-514-555-0147,CTR-1000056887,voyage,2022-04-11,2027-07-05,actif,2669.18,annuelle,prélèvement,AG-PR-004,2022-03-27,2025-05-20,,,
principal,CLI-00057113,Mme,Julie,Girard,1955-08-04,F,fr,3620,croissant,des Hirondelles,Ouest,,Lévis,QC,Québec,G6V 9Z5,CA,julie2241@gmail.example,+1-581-555-0144,CTR-1000057113,auto,2017-09-01,2027-04-16,actif,1569.49,semestrielle,prélèvement,AG-PR-001,2017-08-28,2022-06-15,,,
principal,CLI-00057118,Mme,Sylvie,Plante,1962-11-06,F,fr,901,boulevard,des Sommets,,,Trois-Rivières,QC,Québec,G8Z 3P5,CA,plante31@outlook.example,+1-581-555-0128,CTR-1000057118,habitation,2019-06-26,,actif,728.67,mensuelle,prélèvement,AG-PR-001,2019-06-05,2019-09-08,,,
principal,CLI-00057362,Mme,Chantal,Gonzalez,1970-11-06,F,fr,6181,boulevard,de l'Aube,,,Saguenay,QC,Québec,G7J 5T3,CA,chantal6718@gmail.example,+1-418-555-0157,CTR-1000057362,habitation,2018-06-11,,actif,741.15,mensuelle,prelevement,AG-PR-007,2018-05-19,2021-12-16,2019-08-09,29419.03,fermé
principal,CLI-00057660,Mme,Marie-Ève,Leblanc,1941-04-26,F,fr,467,rue,du Versant,,,Rouyn-Noranda,QC,Québec,J9Z 5N4,CA,leblanc3053@gmail.example,+1-450-555-0146,CTR-1000057660,vie,2024-11-25,2026-01-23,expiré,3064.44,mensuelle,carte,AG-PR-008,2024-11-23,2025-11-19,,,
principal,CLI-00058044,M.,Lucas,Roberts,1967-08-27,M,en,6328,Boulevard,Greenfield,,741,Toronto,ON,Ontario,M6G 2A1,CA,lucasroberts@hotmail.example,+1-365-555-0185,CTR-1000058044,voyage,2021-07-04,,suspendu,110.69,mensuelle,prélèvement,AG-PR-001,2021-06-06,2022-08-11,,,
principal,CLI-00058145,Mme,Christine,Fournier,1964-05-21,F,fr,6953,montée,du Versant,,,Montréal,QC,Québec,H4A 2W1,CA,christinefournier@gmail.example,+1-873-555-0181,CTR-1000058145,habitation,2016-10-13,,suspendu,381.82,mensuelle,prélèvement,AG-PR-001,2016-10-10,2023-01-16,,,
principal,CLI-00058287,M.,Michel,Morin,1958-11-28,M,fr,4751,rue,des Trilliums,Sud,210,Terrebonne,QC,Québec,J6X 6H1,CA,morin21@yahoo.example,+1-579-555-0117,CTR-1000058287,habitation,2020-09-15,2027-08-24,actif,1608.04,mensuelle,prélèvement,AG-PR-004,2020-08-24,2024-01-08,,,
principal,CLI-00058500,Mme,Olivia,'OBrien,2007-08-09,F,fr,645,avenue,des Cèdres,Sud,,Rivière-du-Loup,QC,Québec,G5R 4Z3,ca,oli0098@gmail.example,+1-613-555-0167,CTR-1000058500,auto,2025-12-07,,actif,779.07,mensuelle,prélèvement,AG-PR-003,2025-11-25,2026-06-08,,,
principal,CLI-00058520,Mme,Béatrice,Nadeau,2002-09-13,F,fr,2563,montée,des Laurentides,Nord,,Lévis,QC,Québec,G6V 1S0,CA,beatrice5174@outlook.example,+1-418-555-0182,CTR-1000058520,auto,2025-08-12,2025-09-21,résilié,1399.40,trimestrielle,carte,AG-PR-001,2025-07-22,2025-08-26,,,
principal,CLI-00058725,Mme,Élise,Nadeau,1958-04-13,F,fr,3097,montée,de l'Aube,,,Sherbrooke,QC,Québec,J1H 4B6,CA,eli350@gmail.example,+1-418-555-0148,CTR-1000058725,auto,2026-08-17,,actif,742.82,mensuelle,prélèvement,AG-PR-003,2026-08-13,2026-08-15,,,
principal,CLI-00058910,M.,Sylvain,Nguyen,1985-12-09,M,fr,1697,rue,des Laurentides,Est,231,Terrebonne,,Québec,6X 9V4,CA,sylvain10@hotmail.example,+1  819-555-0197,CTR-1000058910,habitation,2022-12-29,2025-08-04,expiré,777.82,annuelle,virement,AG-PR-001,2022-12-09,2025-10-26,,,
principal,CLI-00059107,M.,Claude,Fortin,2003-09-11,M,fr,6859,route,du Parc,,932,Montréal,QC,Québec,H3G 1K3,CA,cla1910@gmail.example,+1-418-555-0168,CTR-1000059107,auto,2025-07-10,2027-02-15,suspendu,467.19,mensuelle,carte,AG-PR-003,2025-07-02,2025-12-01,,,
principal,CLI-00059217,M.,William,Dubé,1996-05-31,M,fr,206,rue,des Bouleaux,,,Québec,QC,Québec,G2B 2B9,CA,williamdube@gmail.example,+1-438-555-0189,CTR-1000059217,habitation,2021-02-14,2023-06-22,expiré,1085.18,mensuelle,prélèvement,AG-PR-007,2021-01-15,2025-04-25,,,
principal,CLI-00059586,M.,Étiexne,Girard,1967-05-26,M,fr,5713,rue,du Moulin,,,Repentigny,QC,Québec,J6A 7J8,CA,egirard@outlook.example,+1-438-555-0157,CTR-1000059586,auto,2024-06-02,2026-11-25,actif,1189.25,annuelle,virement,AG-PR-001,2024-05-07,2026-08-27,,,
principal,CLI-00059652,Mme,Marguerite,Côté,1969-02-16,F,fr,3882,avenue,des Ormes,,412,Rouyn-Noranda,QC,Québec,J9X 2V1,CA,marguerite.cote@icloud.example,+1-579-555-0146,CTR-1000059652,auto,2016-11-21,2027-08-30,actif,2119.70,mensuelle,carte,AG-PR-001,2016-11-03,2023-05-06,,,
principal,CLI-00059697,Mme,MMarie-Ève,Nguyen,2007-01-31,F,fr,5056,rang,des Cascades,,,Repentigny,qc,Québec,J6A 1B1,CA,nguyen4988@outlook.example,+1-450-555-0189,CTR-1000059697,habitation,2025-04-18,2027-07-26,actif,1459.38,semestrielle,virement,AG-PR-006,2025-04-13,2026-02-27,,,
principal,CLI-00060147,M.,Marc,Pelletier,1965-09-17,M,fr,8810,avenue,des Lilas,Ouest,,Montréal,QC,Québec,H2X 0B6,CA,marc_pelletier@gmail.example,+1-418-555-0193,CTR-1000060147,habitation,2021-05-01,,actif,774.60,semestrielle,prélèvement,AG-PR-006,2021-04-07,2026-08-14,,,
principal,CLI-00060168,Mme,Laurence,Pelletier,1951-05-11,F,fr,50,chemin,du Lac,,,Montréal,QC,Québec,H4A 4A5,CA,lau5070@gmail.example,+1-468-555-0167,CTR-1000060168,auto,2024-12-31,2027-05-17,actif,2297.75,mensuelle,prélèvement,AG-PR-005,2024-12-14,2026-04-27,,,
principal,CLI-00060215,Mme,Stéphanie,Lévesque,1986-07-25,F,fr,5770,boulevard,de la Gare,,,Montréal,QC,Québec,H4A 6A0,CA,stephanie.levesque@gmail.example,+1-873-555-0100,CTR-1000060215,vie,2023-07-22,,actif,2347.32,mensuelle,prélèvement,AG-PR-004,2023-07-17,2024-09-24,,,
principal,CLI-00060278,Mme,Christine,Bélanger,1976-04-27,F,fr,6046,rang,du Moulin,,563,Longueuil,QC,Québec,J4H 1H1,CA,christine_belanger@gmail.example,+1-579-555-0156,CTR-1000060278,auto,2023-04-18,2026-09-08,expiré,1439.40,annuelle,prélèvement,AG-PR-007,2023-04-11,2026-03-28,2025-09-23,10469.68,fermé
principal,CLI-00060360,M.,Charles,Nguyen,2003-11-14,M,fr,1767,rue,de la Gare,Ouest,961,Brossard,QC,Québec,J4W 7R4,CA,charles1476@gmail.example,+1-367-555-0196,CTR-1000060360,auto,2025-10-25,2027-08-16,actif,950.02,mensuelle,prélèvement,AG-PR-003,2025-10-19,2026-08-21,2026-03-03,23627.42,fermé
principal,CLI-00060370,M.,Alexis,Brown,1970-08-10,M,fr,9235,impasse,des Laurentides,Nord,817,Dollard-des-Ormeaux,QC,Québec,J3G 5T6,CA,alexisbrown@gmail.example,+1-581-555-0126,CTR-1000060370,voyage,2022-07-07,2027-09-07,actif,375.04,trimestrielle,virement,AG-PR-004,2022-06-25,2026-04-20,,,
principal,CLI-00060521,M.,Mateo,Campbell,1943-05-11,M,en,2861,Place,Parkside,,,Hamilton,ON,Ontario,L8S 4J4,CA,mateocampbell@hotmail.example,+1-647-555-0124,CTR-1000060521,auto,2021-02-09,2027-01-11,actif,984.98,semestrielle,prélèvement,AG-PR-001,2021-01-15,2023-06-15,,,
principal,CLI-00060771,M.,Daniel,Li,1949-07-13,M,fr,1932,boulevard,des Trois-Lacs,Sud,,Montréal,QC,Québec,H2X 9R9,CA,daniel_li@outlook.example,+1-514-555-0189,CTR-1000060771,voyage,2019-08-13,2027-07-01,actif,559.44,mensuelle,prélèvement,AG-PR-001,2019-08-10,2023-12-09,,,
principal,CLI-00060958,M.,François,Bouchard,1998-01-15,M,fr,7221,rue,des Érables,,,Drummondville,QC,Québec,J2B 8T9,CA,francois_bouchard@proton.example,+1-438-555-0149,CTR-1000060958,auto,2021-08-06,2026-12-29,actif,2267.25,trimestrielle,prélèvement,AG-PR-001,2021-07-17,2021-11-14,2025-04-11,,en_cours
principal,CLI-00061010,M.,Hugo,Paquette,2001-07-22,M,fr,836,avenue,des Sommets,,,Levis,QC,Québec,G6W 6M5,CA,hugopaquette@outlook.example,+1-819-555-0135,CTR-1000061010,habitation,2024-06-27,2027-05-06,suspendu,533.12,mensuelle,carte,AG-PR-004,2024-06-10,2025-01-04,,,
principal,CLI-00061521,Mme,Emily,Baker,1990-09-12,F,en,6646,Avenue,Eastwood,,452,Victorria,QC,Québec,V8V 1V9,CA,baker.emily@hotmail.example,+1-236-555-0194,CTR-1000061521,voyage,2017-10-09,2027-02-23,actif,176.98,mensuelle,carte,AG-PR-007,2017-10-05,2020-11-27,,,
principal,CLI-00061860,M.,Sébastien,Parent,1955-03-15,M,fr,898,montée,des Pins,,378,Gatineau,QC,Québec,J8Y 2S8,CA,sebastien4389@gmail.example,+1-263-555-0160,CTR-1000061860,auto,2018-07-20,,actif,924.48,mensuelle,virement,AG-PR-007,2018-06-22,2024-02-09,,,
principal,CLI-00061962,Mme,Mélanie,Singh,1982-05-17,F,fr,6764,boulevard,des Geais-Bleus,Est,313,Sherbrooke,QC,Québec,J1H 4B4,CA,melanie.singh@videotron.example,+1-418-555-0180,CTR-1000061962,auto,2019-07-25,2027-02-17,actif,874.02,mensuelle,prélèvement,AG-PR-002,2019-06-29,2023-08-25,,,
principal,CLI-00062323,M.,Logan,Bergeron,1997-01-09,M,en,7421,Boulevard,Lakeview,,,Brossard,QC,Québec,J4W 0T2,CA,loganbergeron@outlook.example,+1-418-555-0180,CTR-1000062323,habitation,2023-12-27,2027-01-09,actif,2089.79,mensuelle,prélèvement,AG-PR-004,2023-12-25,2025-11-18,,,
principal,CLI-00062328,M.,Patrick,Boucher,1966-05-16,M,fr,7685,boulevard,des Champs,,,Drummondville,QC,Québec,J2C 2G1,CA,patrick.boucher@yahoo.example,+1-418-555-0167,CTR-1000062328,auto,2019-01-23,,actif,952.12,mensuelle,prélèvement,AG-PR-005,2018-12-30,2021-08-28,,,
principal,CLI-00062429,M.,Mathieu,Paquette,1970-02-02,M,fr,8362,avenue,des Champs,Nord,808,Shawinigan,QC,Québec,G9N 5B4,CA,paquette1234@bell.example,+1-450-555-0160,CTR-1000062429,auto,2026-07-13,2026-07-29,résilié,1037.15,mensuelle,prélèvement,AG-PR-004,2026-06-14,2026-06-14,2026-07-15,18135.86,en_cours
principal,CLI-00062473,M.,Alexis,Roy,1984-03-09,M,fr,6134,avenue,des Tulipes,,,krummondville,QC,Québec,J2B 2H6,CA,alexisroy@gmail.example,+1-514-555-0162,CTR-1000062473,habitation,2021-11-20,2027-02-23,actif,699.32,mensuelle,carte,AG-PR-002,2021-10-21,2021-12-03,2022-11-26,,ouvert
principal,CLI-00062603,M.,Levi,Brown,1952-09-15,M,en,2297,Court,Highland,West,,Winnipeg,MB,Manitoba,R3C 2W4,CA,brown110@gmail.example,+1-204-555-0100,CTR-1000062603,habitation,2018-12-27,2026-04-21,expiré,1499.69,annuelle,prélèvement,AG-PR-008,2018-12-12,2023-02-22,,,
principal,CLI-00062674,Mme,Caroline,RRoy,1951-03-01,F,fr,7498,rue,des Bouleaux,,274,Québec,QC,Québec,G2B 3Z6,CA,lun156@gmail.example,+1-819-555-0123,CTR-1000062674,habitation,2019-07-17,2024-06-05,expiré,670.20,annuelle,prélèvement,AG-PR-002,2019-06-26,2021-12-19,,,
principal,CLI-00062695,M.,Simon,Nadeau,1937-10-11,M,fr,8895,route,des Peupliers,,,Alma,QC,Québec,G8C 2J2,CA,sim8505@gmail.example,+1-514-555-0105,CTR-1000062695,auto,2019-05-14,2027-07-01,actif,987.44,mensuelle,carte,AG-PR-006,2019-05-05,2021-12-13,,,
principal,CLI-00062895,Mme,Evelyn,Stewart,1957-05-17,F,en,833,Drive,Birch,,149,Hamilton,ON,Ontario,L8P 4Z3,CA,evelyn-stewart@yahoo.example,+1-613-555-0112,CTR-1000062895,auto,2016-09-19,2026-10-16,actif,654.76,annuelle,prélèvement,AG-PR-002,2016-08-31,2023-01-13,,,
principal,CLI-00063045,M.,Philippe,Mohammed,1993-05-05,M,fr,1339,chemin,des Laurentides,,572,Blainville,QC,Québec,J7C 6W7,CA,philippemohammed@hotmail.example,+1-354-555-0103,CTR-1000063045,auto,2024-03-12,2026-12-19,actif,1157.74,mensuelle,carte,AG-PR-001,2024-02-12,2024-04-05,,,
principal,CLI-00063478,Mme,Alice,Parent,1952-09-16,F,fr,7948,autoroute,de la Falaise,,569,Saguenay,QC,Québec,G7J 3H0,CA,alice_parent@outlook.example,+1-819-555-0160,CTR-1000063478,voyage,2021-06-23,2027-05-08,suspendu,449.96,mensuelle,prélèvement,AG-PR-006,2021-05-25,2024-01-15,,,
principal,CLI-00063768,Mme,Émilie,Huang,1986-05-25,F,fr,2951,avenue,des Trois-Lacs,,,Montréal,QC,Québec,H1A 6C1,CA,emilie.huang@gmail.example,+1-819-555-0102,CTR-1000063768,vie,2023-05-21,2025-12-13,expiré,1859.66,mensuelle,chèque,AG-PR-002,2023-04-27,2025-01-05,,,
principal,CLI-00064014,M.,Jean-François,Paquette,1939-03-24,M,fr,8771,boulevard,de la Grande-Allée,Ouest,882,Saint-Hyacinthe,QC,Québec,J2S 2G6,CA,jeanfrancois.paquette@bell.example,+1-581-555-0190,CTR-1000064014,auto,2022-08-20,2027-05-22,actif,887.51,annuelle,carte,AG-PR-001,2022-08-14,2022-10-16,2022-11-15,12971.84,fermé
principal,CLI-00064367,Mme,Grace,Morris,2002-01-17,F,en,2371,Way,Meadow,,,Québec,QC,Québec,G1V 3K5,CA,grace1140@yahoo.example,+1-450-555-0135,CTR-1000064367,voyage,2026-05-03,,actif,87.08,mensuelle,prélèvement,AG-PR-005,2026-04-25,2026-09-01,,,
principal,CLI-00064436,M.,Philippe,Fournier,1985-11-26,M,fr,537,route,du Vieux-Pont,,,Laval,QC,Québec,H7N 2S6,ca,philippe.fournier@hotmail.example,+1-418-555-0128,CTR-1000064436,vie,2026-03-18,2027-03-22,actif,2078.29,trimestrielle,prélèvement,AG-PR-005,2026-03-17,2026-03-22,,,
principal,CLI-00064521,M.,Sylvain,Bergeron,1973-05-21,M,fr,8606,croissant,des Lilas,,,Saguenay,QC,Québec,G7H 5L8,CA,sylvain.bergeron@outlook.example,+1-581-555-0185,CTR-1000064521,voyage,2026-07-25,2027-04-15,actif,67.65,mensuelle,prélèvement,AG-PR-007,2026-07-20,2026-08-15,2026-08-24,6850.29,fermé
principal,CLI-00064704,Mme,Catherine,St-Pierre,1954-12-01,F,fr,5459,avenue,du Havre,,,Shawinigan,QC,Québec,G9T 8S5,CA,catherine609@hotmail.e  xample,+1-418-555-0181,CTR-1000064704,auto,2017-10-19,2027-08-14,actif,1348.86,mensuelle,carte,AG-PR-007,2017-10-02,2024-05-04,,,
principal,CLI-00064838,Mme,Élise,Tran,1982-08-02,F,fr,7451,rue,des Sapins,Sud,,Magog,QC,Québec,J1X 6M6,CA,eli282@outlook.example,+1-514-555-0121,CTR-1000064838,auto,2023-10-18,2026-12-15,actif,1111.03,annuelle,prélèvement,AG-PR-006,2023-10-03,2025-07-18,,,
principal,CLI-00065104,M.,Serge,Bergeron,1955-07-05,M,fr,2256,rue,des Bouleaux,,,Sorel-Tracy,QC,Québec,J3R 6E6,CA,ser353@icloud.example,+1-450-555-0137,CTR-1000065104,habitation,2022-02-02,,actif,2029.53,mensuelle,carte,AG-PR-008,2022-01-06,2026-05-20,,,
principal,CLI-00065263,Mme,Maude,Tremblay,1946-08-14,F,fr,5389,autoroute,des Pins,,964,Rouyn-Noranda,QC,Québec,J9Z 7T0,CA,maude.tremblay@hotmail.example,+1-873-555-0134,CTR-1000065263,habitation,2019-01-18,2019-11-12,expiré,2095.74,trimestrielle,carte,AG-PR-005,2018-12-26,2026-08-10,,,
principal,CLI-00065306,M.,Mateo,Baker,1987-11-19,M,en,5113,Lane,Lakeview,,,Rimouski,QC,Québec,G5M 4B0,CA,mbaker@rogers.example,+1-468-555-0148,CTR-1000065306,habitation,2023-02-18,2027-03-26,actif,1276.84,annuelle,prélèvement,AG-PR-001,2023-02-12,2025-02-23,,,
principal,CLI-00065411,Mme,Charlotte,King,2002-08-04,F,en,9868,Drive,Birch,West,,Edmonton,AB,Alberta,T5J 8C4,CA,cha143@gmail.example,+1-587-555-0164,CTR-1000065411,voyage,2026-04-20,2027-01-14,actif,172.43,mensuelle,chèque,AG-PR-003,2026-04-02,2026-05-07,,,
principal,CLI-00065949,Mme,Josée,Côté,2007-02-12,F,fr,9491,route,des Pins,,,Shawinigan,QC,Québec,G9N 4M3,CA,jos25@hotmail.example,+1-450-555-0116,CTR-1000065949,voyage,2025-10-21,2026-12-20,actif,429.31,mensuelle,prélèvement,AG-PR-008,2025-09-24,2026-09-10,,,
principal,CLI-00066572,M.,Martin,Leblanc,1958-10-06,M,fr,6514,avenue,de la Rivière,,483,Ottawa,ON,Ontario,K2P 6W1,CA,martin_leblanc@gmail.example,+1-249-555-0110,CTR-1000066572,habitation,2025-03-30,2027-09-12,actif,2239.81,mensuelle,virement,AG-PR-003,2025-03-02,2026-01-30,,,
principal,CLI-00066640,Mme,Lucie,Côté,1996-10-31,F,fr,1289,boulevard,des Sapins,Nord,303,Magog,QC,Québec,J1X 3G4,CA,luciecote@proton.example,+1-418-555-0122,CTR-1000066640,auto,2019-02-19,,actif,1733.81,mensuelle,prélèvement,AG-PR-001,2019-02-02,2019-10-10,,,
principal,CLI-00066979,M.,François,Ahmed,1974-07-29,M,fr,4037,rue,du Havre,,,Gatineau,QC,Québec,J9A 8W8,CA,francois.ahmed@gmail.example,+1-418-555-0158,CTR-1000066979,auto,2021-07-28,2024-05-10,expiré,1594.59,mensuelle,prélèvement,AG-PR-002,2021-07-27,2024-11-14,,,
principal,CLI-00067157,M.,Pierre,Gagnon,2001-08-29,M,fr,3496,croissant,des Champs,,728,Laval,QC,Québec,H7W 3T6,CA,pie3900@gmail.example,+1-819-555-0120,CTR-1000067157,habitation,2024-05-09,2025-04-12,expiré,651.81,mensuelle,virement,AG-PR-007,2024-05-06,2025-08-10,,,
principal,CLI-00068389,Mme,Christine,Gauthier,1997-12-03,F,fr,9841,route,des Pionniers,Ouest,,Québec,QC,Québec,G2B 6A8,CA,chr092@gmail.example,+1-438-555-0127,CTR-1000068389,vie,2020-02-11,2020-10-18,expiré,3175.29,annuelle,carte,AG-PR-006,2020-02-11,2025-02-02,,,
principal,CLI-00068410,Mme,Julie,Gonzalez,1975-09-19,F,fr,6416,rue,du Rocher,,,Sherbrooke,QC,Québec,J1H 2H0,CA,julie59@gmail.example,+1-367-555-0115,CTR-1000068410,habitation,2018-12-19,2027-08-02,actif,939.08,mensuelle,carte,AG-PR-007,2018-12-13,2019-06-23,,,
principal,CLI-00068524,Mme,Caroline,Caron,1947-04-23,F,fr,806,route,des Chênes,Sud,,Sherbrooke,QC,Québec,J1H 1W2,CA,caroline28@hotmail.example,+1-819-555-0161,CTR-1000068524,auto,2023-01-26,,actif,1140.30,annuelle,virement,AG-PR-001,2023-01-10,2023-03-29,,,
principal,CLI-00068669,Mme,Nova,Carter,1942-09-21,F,en,7237,Street,Forest,,,Gatineau,QC,Québec,J8Y 8C0,CA,nova.carter@icloud.example,+1-450-555-0179,CTR-1000068669,auto,2021-10-17,2027-08-14,actif,2123.37,annuelle,prélèvement,AG-PR-003,2021-09-20,2026-01-01,,,
principal,CLI-00068985,M.,André,Gagnon,1937-12-15,M,fr,204,carré,des Peupliers,Sud,,Shawinigan,QC,Québec,G9P 5C5,CA,andregagnon@videotron.example,+1-514-555-0167,CTR-1000068985,voyage,2023-06-30,,suspendu,231.23,mensuelle,carte,AG-PR-002,2023-06-17,2023-06-29,2024-11-25,12623.46,ouvert
principal,CLI-00069252,Mme,Christine,Hernandez,1967-05-11,F,fr,6420,avenue,du Ruisseau,,,Salaberry-de-Valleyfield,QC,Québec,J6T 2V3,CA,christine.hernandez@outlook.example,+1-581-555-0126,CTR-1000069252,voyage,2021-01-27,2027-09-09,suspendu,179.27,mensuelle,carte,AG-PR-005,2020-12-31,2022-02-20,,,
principal,CLI-00069529,Mme,Isabelle,Chen,1937-12-23,F,fr,7270,boulevard,des Champs,,,Montréal,QC,Québec,H3G 0W5,CA,chen.isabelle@yahoo.example,+1-819-555-0158,CTR-1000069529,auto,2017-09-16,2027-05-12,actif,784.87,semestrielle,prélèvement,AG-PR-002,2017-08-19,2020-03-10,,,
principal,CLI-00069534,M.,Robert,Gagnon,1971-05-19,M,fr,1436,place,des Épinettes,,,Longueuil,QC,Québec,J4H 6K0,CA,robertgagnon@icloud.example,+1-450-555-0199,CTR-1000069534,voyage,2018-09-01,,suspendu,444.57,mensuelle,virement,AG-PR-001,2018-08-25,2026-07-02,,,
principal,CLI-00069691,M.,Olivier,Parent,1968-04-28,M,fr,7476,avenue,des Champs,,844,Montréal,QC,Québec,H3G 9B8,CA,olivier.parent@hotmail.example,+1-438-555-0184,CTR-1000069691,auto,2025-05-28,,actif,1291.57,annuelle,prélèvement,AG-PR-001,2025-05-15,2026-04-10,,,
principal,CLI-00070032,Mme,Clara,Lopez,1957-10-12,F,fr,1977,avenue,de la Rivière,,,Repentigny,QC,Québec,J6A 2Y6,CA,clara_lopez@icloud.example,+1-438-555-0190,CTR-1000070032,voyage,2019-02-24,,suspendu,121.22,semestrielle,carte,AG-PR-001,2019-01-25,2020-02-05,,,
principal,CLI-00070558,Mme,Lucie,Fortin,2003-04-08,F,fr,5474,rue,des Vents,Est,,Saguenay,QC,Québec,7H 8B4,CA,luc6877@gmail.example,+1-418-555-0119,CTR-1000070558,habitation,2023-01-15,2027-01-03,actif,1687.82,mensuelle,prélèvement,AG-PR-005,2023-01-07,2024-06-14,,,
principal,CLI-00000090,M.,Étienne,Gagné,1998-08-21,M,fr,8752,rue,des Chênes,Nord,,Laval,QC,Québec,H7N 0R8,CA,eti510@gmail.example,+1-450-555-0184,CTR-1000071389,auto,2020-07-30,2026-12-21,actif,1468.72,mensuelle,prélèvement,AG-PR-002,2020-07-17,2022-10-17,2023-09-26,,en_cours
principal,CLI-00071557,Mme,Ellie,Brown,1969-03-01,F,en,9367,Drive,Valleyview,West,,St. John's,NL,Terre-Neuve-et-Labrador,A1C 3L2,CA,brown.ellie@yahoo.example,+1-709-555-0136,CTR-1000071557,auto,2021-10-05,,actif,588.32,mensuelle,virement,AG-PR-004,2021-09-23,2025-07-06,,,
principal,CLI-00071754,M.,François,Fernandes,1952-02-14,M,fr,3332,rue,des Peupliers,,322,Shawinigan,QC,Québec,G9N 8J0,CA,ffernandes@gmail.example,+1-819-555-0140,CTR-1000071754,habitation,2018-04-18,2027-05-01,actif,1601.73,mensuelle,carte,AG-PR-007,2018-04-18,2024-12-04,,,
principal,CLI-00071852,M.,Martin,Gagnon,1973-06-13,M,fr,1288,avenue,de l'Aube,,,Montréal,QC,Québec,H4A 0K1,CA,martin_gagnon@proton.example,+1-418-555-0165,CTR-1000071852,auto,2017-10-25,2027-08-18,actif,1562.18,mensuelle,carte,AG-PR-002,2017-10-21,2023-08-26,,,
principal,CLI-00072375,Mme,Louise,Lessard,1993-04-16,F,fr,3920,rue,des Épinettes,,,Rivière-du-Loup,QC,Québec,G5R  6H5,CA,louise.lessard@gmail.example,+1-819-555-0122,CTR-1000072375,habitation,2023-12-20,2027-03-24,actif,3036.82,annuelle,prélèvement,AG-PR-004,2023-12-13,2025-09-06,,,
principal,CLI-00072670,Mme,Marie,Fortin,1995-10-10,F,fr,7611,chemin,des Pionniers,,,Joliette,QC,Québec,J6E 7J1,CA,marie34@gmail.example,+1  514-555-0181,CTR-1000072670,auto,2021-06-13,2027-02-18,actif,1604.58,mensuelle,virement,AG-PR-001,2021-06-08,2024-08-12,,,
principal,CLI-00072787,M.,Logan,Cox,1974-10-11,M,en,3299,Street,Redwood,,32,Vancouver,BC,Colombie-Britannique,V5K 8E1,CA,logan-cox@outlook.example,+1-250-555-0190,CTR-1000072787,auto,2019-05-16,2027-05-03,actif,1783.11,mensuelle,virement,AG-PR-002,2019-05-11,2024-03-18,,,
principal,CLI-00072899,M.,Sébastien,Poirier,1992-10-23,M,fr,1115,rang,du Versant,,791,Lévis,QC,Québec,G6V 7R2,CA,sebastienpoirier@yahoo.example,+1-819-555-0199,CTR-1000072899,voyage,2022-05-25,2027-08-08,actif,335.60,trimestrielle,prélèvement,AG-PR-003,2022-05-13,2023-10-29,,,
principal,CLI-00073107,Mme,Emma,Scott,1967-11-01,F,en,7600,Way,Brookside,,,Kelowna,BC,Colombie-Britannique,V1Y 4X9,CA,emmascott@yahoo.example,+1-604-555-0102,CTR-1000073107,voyage,2016-12-06,2026-10-27,actif,536.37,mensuelle,prélèvement,AG-PR-002,2016-12-01,2025-05-29,,,
principal,CLI-00073240,M.,Martin,Poulin,2006-06-09,M,fr,2965,rue,des Pins,,218,Repentigny,QC,Québec,J5Y 0P1,CA,martin.poulin@outlook.example,+1-581-555-0133,CTR-1000073240,auto,2026-09-02,2026-11-05,actif,1244.47,trimestrielle,prélèvement,AG-PR-005,2026-08-22,2026-09-15,,,
principal,CLI-00073335,M.,Luc,Pelletier,1960-05-02,M,fr,8288,boulevard,des Sapins,Ouest,,Lévis,QC,Québec,G6V 6Y9,CA,lucpelletier@outlook.example,+1-263-555-0187,CTR-1000073335,auto,2018-04-26,2022-10-01,expiré,453.79,mensuelle,prélèvement,AG-PR-001,2018-04-01,2024-10-30,,,
principal,CLI-00073345,Mme,Charlotte,Huang,1940-11-14,F,en,352,Road,Spring,,329,Brossard,QC,Québec,J4X 2W3,CA,charlottehuang@outlook.example,+1-873-555-0134,CTR-1000073345,auto,2017-05-14,,actif,1411.50,mensuelle,prélèvement,AG-PR-001,2017-04-24,2020-01-19,,,
principal,CLI-00073463,Mme,Isabelle,Boucher,1994-10-31,F,fr,6273,avenue,des Bouleaux,,,Châteauguay,QC,Québec,J6K 8A8,CA,isabelleboucher@yahoo.example,+1-579-555-0159,CTR-1000073463,auto,2019-02-28,2026-11-29,actif,1026.39,mensuelle,prélèvement,AG-PR-001,2019-02-13,2019-10-03,,,
principal,CLI-00073487,Mme,Anne,Smith,1951-07-14,F,fr,7948,route,des Hirondelles,Nord,788,Montréal,QC,Québec,H3G 4B8,CA,anne413@yahoo.example,+1-450-555-0158,CTR-1000073487,habitation,2017-02-06,2027-02-17,actif,460.16,trimestrielle,carte,AG-PR-004,2017-02-06,2021-12-07,,,
principal,CLI-00073566,M.,Gabriel,Hébert,1972-09-18,M,fr,3359,place,du Plateau,,716,Gatineau,QC,Québec,J8X 3T4,CA,gabriel08@gmail.example,+1-579-555-0152,CTR-1000073566,habitation,2018-02-27,,actif,1442.49,mensuelle,virement,AG-PR-004,2018-02-05,2019-10-16,,,
principal,CLI-00073762,M.,Serge,Boucher,1978-12-19,M,fr,1681,rue,des Champs,,,Québec,QC,Québec,G1V 5W2,CA,serge_boucher@icloud.example,+1-468-555-0118,CTR-1000073762,vie,2020-06-19,2025-10-31,expiré,1574.24,mensuelle,carte,AG-PR-001,2020-06-08,2024-07-07,,,
principal,CLI-00074527,Mme,Véronique,Bouchard,1991-03-23,F,fr,4565,boulevard,des Prairies,,,Montréal,QC,Québec,H3G 1L9,CA,veronique.bouchard@hotmail.example,+1-367-555-0176,CTR-1000074527,auto,2024-01-10,2026-11-14,actif,1360.99,mensuelle,carte,AG-PR-002,2023-12-24,2025-02-19,,,
principal,CLI-00074638,Mme,Audrey,Khan,2001-03-27,F,fr,6589,avenue,du Belvédère,Sud,,Longueuil,QC,Québec,J4H 7X7,CA,audreykhan@hotmail.example,+1-579-555-0193,CTR-1000074638,habitation,2024-08-27,2027-03-22,actif,2609.86,mensuelle,prélèvement,AG-PR-001,2024-08-02,2026-05-16,,,
principal,CLI-00074768,Mme,Suzanne,Fournier,1996-02-26,F,fr,4752,boulevard,des Mélèzes,,,Magog,QC,Québec,J1X 4P9,CA,suzanne327@gmail.example,+1-418-555-0100,CTR-1000074768,auto,2025-09-04,2027-06-11,suspendu,768.42,mensuelle,virement,AG-PR-003,2025-08-09,2026-09-01,,,
principal,CLI-00074897,M.,Marc-André,Murphy,2004-05-20,M,fr,6774,rue,des Geais-Bleus,,188,Gatineau,QC,Québec,J9A 4T6,CA,marcandremurphy@rogers.example,+1-450-555-0194,CTR-1000074897,voyage,2025-09-20,2026-03-21,expiré,584.91,mensuelle,carte,AG-PR-004,2025-08-23,2025-10-26,,,
principal,CLI-00075545,Mme,Catherine,Pelletier,1959-03-17,F,fr,9730,rue,du Lac,,,Longueuil,QC,Québec,J4H 2V2,CA,pelletier107@outlook.example,+1-579-555-0185,CTR-1000075545,habitation,2021-07-10,2024-06-10,expiré,525.48,mensuelle,chèque,AG-PR-002,2021-06-23,2022-01-25,2023-12-10,,ouvert
principal,CLI-00075690,M.,Mateo,Caron,2000-07-02,M,en,43,Avenue,Station,North,898,Vaudreuil-Dorion,QC,Québec,J7T 7X6,CA,mateo82@gmail.example,+1-418-555-0159,CTR-1000075690,auto,2026-07-16,2026-12-29,actif,1087.57,mensuelle,prélèvement,AG-PR-006,2026-07-01,2026-08-11,2026-08-11,19947.50,fermé
principal,CLI-00075730,Mme,Scarlett,Howard,1966-06-03,F,en,5858,Place,Church,North,363,Toronto,ON,Ontario,M4W 7C5,CA,showard@hotmail.example,+1-613-555-0166,CTR-1000075730,habitation,2016-11-21,2027-05-21,actif,1303.63,annuelle,prélèvement,AG-PR-003,2016-11-07,2025-11-07,,,
principal,CLI-00076098,Mme,Chloe,Wilson,1964-04-18,F,en,555,Boulevard,Highland,,,Yellowknife,NT,Territoires du Nord-Ouest,X1A 3X9,CA,chloe.wilson@outlook.example,+1-867-555-0180,CTR-1000076098,habitation,2018-10-11,2027-07-24,actif,2971.97,mensuelle,prélèvement,AG-PR-002,2018-10-03,2024-11-26,,,
principal,CLI-00076245,Mme,Juliette,Proulx,1959-09-13,F,fr,9663,avenue,des Saules,,,Ottawa,ON,Ontario,K1P 2J9,CA,proulx060@gmail.example,+1-807-555-0133,CTR-1000076245,voyage,2022-08-17,2026-02-05,résilié,343.96,semestrielle,prélèvement,AG-PR-001,2022-07-19,2024-11-30,,,
principal,CLI-00076758,M.,Henry,Campbell,1977-01-12,M,en,1176,Road,Fairview,,92,London,ON,Ontario,N6A 0M9,CA,campbell.henry@gmail.example,+1-807-555-0153,CTR-1000076758,vie,2017-09-04,2027-07-06,actif,3417.41,trimestrielle,virement,AG-PR-004,2017-08-26,2022-01-29,,,
principal,CLI-00076976,M.,Éric,Tremblay,1950-11-09,M,fr,6611,avenue,du Belvédère,,,Beloeil,QC,Québec,J3G 3H0,CA,et32@hotmail.example,+1-581-555-0156,CTR-1000076976,voyage,2025-08-13,2027-07-10,suspendu,245.03,mensuelle,prélèvement,AG-PR-001,2025-07-27,2026-03-20,,,
principal,CLI-00077116,Mme,Clara,Cook,1940-04-26,F,fr,7044,rue,de l'Église,,482,Gatineau,QC,Québec,J9A 6W5,CA,clara80@outlook.example,+1-514-555-0155,CTR-1000077116,auto,2017-05-06,,actif,1958.50,mensuelle,carte,AG-PR-004,2017-04-23,2026-04-02,,,
principal,CLI-00077264,M.,Émile,Roy,2008-01-29,M,fr,9296,boulevard,des Pins,,366,Laval,QC,Québec,H7N 1Z5,CA,emileroy@yahoo.example,+1-418-555-0190,CTR-1000077264,voyage,2026-04-13,2026-10-26,actif,552.05,mensuelle,prélèvement,AG-PR-004,2026-03-23,2026-08-05,,,
principal,CLI-00077480,M.,Jacques,Fournier,1961-04-30,M,fr,9127,croissant,de la Grande-Allée,,508,Fredericton,NB,Nouveau-Brunswick,E3B 9S6,CA,jacques_fournier@bell.example,+1-506-555-0174,CTR-1000077480,voyage,2021-04-29,2027-06-10,actif,212.05,trimestrielle,prélèvement,AG-PR-001,2021-04-02,2021-11-28,,,
principal,CLI-00077693,M.,André,Hébert,1942-11-16,M,fr,8598,avenue,du Rocher,,,Granby,QC,Québec,J2G 4N1,CA,andrehebert@icloud.example,+1-450-555-0195,CTR-1000077693,vie,2024-02-27,2026-11-03,actif,3436.77,mensuelle,carte,AG-PR-001,2024-02-25,2024-11-14,,,
principal,CLI-00077721,M.,Ethan,Adams,1949-12-09,M,en,599,Street,Riverside,,,Winnipeg,MB,Manitoba,R3C 3B4,CA,ethan.adams@outlook.example,+1-431-555-0105,CTR-1000077721,auto,2019-02-10,2026-12-04,actif,1183.32,mensuelle,prélèvement,AG-PR-005,2019-01-26,2020-08-01,,,
principal,CLI-00077927,M.,Philippe,Ouellet,1981-11-02,M,fr,4937,boulevard,des Cascades,,,Repentigny,QC,Québec,J5Y 4Y1,CA,ouellet.philippe@icloud.example,+1-438-555-0171,CTR-1000077927,habitation,2020-11-17,2026-12-11,actif,1956.58,trimestrielle,prélèvement,AG-PR-007,2020-11-10,2025-06-24,,,
principal,CLI-00077947,Mme,Marie,Leblanc,1956-11-10,F,fr,229,montée,du Havre,,,Terrebonne,QC,Québec,J6W 4Y2,CA,marie899@outlook.example,+1-514-555-0140,CTR-1000077947,voyage,2026-02-24,2027-01-20,actif,154.43,trimestrielle,prélèvement,AG-PR-001,2026-02-04,2026-06-25,,,
principal,CLI-00078008,Mme,Amélie,Wong,1996-02-04,F,fr,1169,rue,du Moulin,,485,Longueuil,QC,Québec,J4H 0C5,CA,amelie.wong@hotmail.example,+1-450-555-0146,CTR-1000078008,auto,2021-10-23,2027-04-16,actif,1457.91,trimestrielle,prélèvement,AG-QC-004,2021-10-13,2025-12-28,2022-12-01,19684.23,en_cours
principal,CLI-00078037,Mme,Josée,Lapointe,2001-12-07,F,fr,1319,croissant,des Chênes,Ouest,,Gatineau,QC,Québec,J8Y 7Z6,CA,jl07@hotmail.example,+1-438-555-0156,CTR-1000078037,vie,2025-07-14,2027-01-24,actif,-2452.19,annuelle,prélèvement,AG-PR-001,2025-06-21,2025-09-17,,,
principal,CLI-00078070,Mme,Clara,Paquette,1955-04-12,F,fr,430,avenue,des Geais-Bleus,Nord,21,Laval,QC,Québec,H7N 0Z9,CA,clara.paquette@outlook.example,+1-819-555-0155,CTR-1000078070,vie,2021-04-06,2027-07-25,actif,2318.02,annuelle,prélèvement,AG-PR-002,2021-03-20,2026-03-25,,,
principal,CLI-00078171,M.,Louis,Roy,1985-12-18,M,fr,4189,montée,du Ruisseau,,,Montréal,QC,Québec,H2X 5X6,CA,roy00@gmail.example,+1-438-555-0167,CTR-1000078171,vie,2020-02-25,2027-05-02,actif,1456.07,trimestrielle,prélèvement,AG-PR-003,2020-02-03,2024-08-24,,,
principal,CLI-00078211,M.,Liam,Taylor,2001-05-18,M,en,6499,Street,Oak,,,Saint John,NB,Nouveau-Brunswick,E2L 5B8,CA,lia789@icloud.example,+1-428-555-0119,CTR-1000078211,voyage,2024-12-03,2027-02-23,actif,409.89,trimestrielle,prélèvement,AG-PR-007,2024-11-21,2026-06-02,,,
principal,CLI-00078255,Mme,Lucie,Poulin,1937-04-13,F,fr,3380,rang,des Tulipes,,,Beloeil,QC,Québec,J3G 2Y1,CA,poulin198@yahoo.example,+1-819-555-0145,CTR-1000078255,voyage,2023-08-10,2026-09-12,expiré,191.90,trimestrielle,chèque,AG-PR-001,2023-07-20,2023-12-08,,,
principal,CLI-00078329,Mme,Anne,Simard,1939-04-10,F,fr,5919,route,des Lilas,,,Montréal,QC,Québec,H4A 3N7,CA,annes@outlook.example,+1-514-555-0174,CTR-1000078329,voyage,2017-10-18,2027-02-05,actif,669.56,mensuelle,prélèvement,AG-PR-001,2017-09-22,2024-02-27,,,
principal,CLI-00078502,Mme,Alice,Tremblay,1997-10-22,F,fr,544,avenue,du Boisé,,,Dollard-des-Ormeaux,QC,Québec,H9A 4A0,CA,ali269@hotmail.example,+1-438-555-0185,CTR-1000078502,habitation,2017-03-13,,actif,1412.53,trimestrielle,carte,AG-PR-006,2017-03-13,2024-06-15,,,
principal,CLI-00078565,Mme,Sophie,Michaud,1968-12-28,F,fr,3849,montée,des Mélèzes,,,Mirabel,QC,Québec,J7J 0G0,CA,sophie51@hotmail.example,+1-438-555-0140,CTR-1000078565,voyage,2018-01-12,2027-06-03,suspendu,96.72,mensuelle,virement,AG-PR-002,2018-01-04,2024-07-17,,,
principal,CLI-00000063,Mme,Josée,Li,1984-04-27,F,fr,1579,montée,du Sentier,,,Trois-Rivières,QC,Québec,G8Z 3J2,CA,annemarie_li@hotmail.example,+1-418-555-0106,CTR-100007913,habitation,2016-11-28,,actif,1996.14,mensuelle,carte,AG-PR-007,2016-11-26,2019-04-16,,,
principal,CLI-00079177,M.,Levi,Johnson,1971-11-12,M,en,7587,Crescent,Foxglove,,,Sydney,NS,Nouvelle-Écosse,B1S 3N2,CA,johnson.levi@icloud.example,+1-782-555-0161,CTR-1000079177,auto,2025-09-05,2027-09-03,suspendu,577.79,mensuelle,prélèvement,AG-PR-007,2025-08-26,2025-08-31,,,
principal,CLI-00079285,M.,Daniel,Paquette,1996-03-23,M,fr,1192,avenue,de la Clairière,,,Montréal,QC,Québec,H4A 1V7,CA,dp744@yahoo.example,+1-438-555-0126,CTR-1000079285,habitation,2023-12-29,2027-06-05,actif,1795.19,annuelle,prélèvement,AG-PR-004,2023-12-12,2025-08-13,,,
principal,CLI-00079303,M.,Alexis,Nguyen,2001-01-25,M,fr,3692,avenue,du Boisé,,1,Saint-Jean-sur-Richelieu,QC,Québec,J3B 4C8,CA,alexis19@yahoo.example,+1-450-555-0178,CTR-1000079303,habitation,2021-05-19,2027-05-02,actif,1312.92,mensuelle,chèque,AG-PR-005,2021-04-27,2022-06-13,,,
principal,CLI-00079349,Mme,Isabella,Clark,1941-04-04,F,en,9623,Parkway,Station,,,Sept-Îles,QC,Québec,G4R  8G7,CA,isa715@gmail.example,+1-819-555-0180,CTR-1000079349,vie,2022-08-02,2027-02-15,actif,1107.51,semestrielle,prélèvement,AG-PR-008,2022-07-25,2024-11-30,,,
principal,CLI-00079533,M.,Claude,Tremblay,2000-06-25,M,fr,9832,route,des Érables,,,Québec,QC,Québec,G1R 3G9,CA,cla05@gmail.example,+1-418-555-0130,CTR-1000079533,habitation,2019-10-20,2027-04-30,suspendu,757.53,trimestrielle,prélèvement,AG-PR-002,2019-10-06,2024-10-19,2022-05-03,59014.10,fermé
principal,CLI-00079589,M.,Michel,Bélanger,1982-04-27,M,fr,7496,boulevard,du Ruisseau,,,Gatineau,QC,Québec,J9A 7G4,CA,mic33@gmail.example,+1-514-555-0159,CTR-1000079589,voyage,2020-03-08,2025-05-03,résilié,188.77,mensuelle,carte,AG-PR-002,2020-02-27,2020-03-26,2024-05-16,2245.00,fermé
principal,CLI-00079713,Mme,Catherine,Michaud,1974-10-26,F,fr,3187,avenue,des Prairies,,,Trois-Rivières,QC,Québec,G9A 9S1,CA,catherine-michaud@hotmail.example,+1-581-555-0119,CTR-1000079713,habitation,2018-09-21,2027-05-01,actif,2008.94,mensuelle,virement,AG-PR-002,2018-09-20,2025-08-30,,,
principal,CLI-00080352,M.,Félix,Li,1979-08-29,M,fr,9372,rue,des Épinettes,,358,Terrebonne,QC,Québec,J6X 1S2,CA,fl3911@outlook.example,+1-819-555-0139,CTR-1000080352,auto,2026-01-17,,actif,1158.30,annuelle,prélèvement,AG-PR-002,2025-12-23,2026-09-04,,,
principal,CLI-00080442,Mme,Laurence,Chowdhury,1969-12-01,F,fr,8635,rue,du Moulin,Est,761,Montréal,QC,Québec,H2X 7K4,CA,lchowdhury@proton.example,+1-450-555-0166,CTR-1000080442,auto,2019-07-27,2019-12-13,expiré,562.54,mensuelle,prélèvement,AG-PR-001,2019-07-27,2024-04-07,,,fermé
principal,CLI-00080480,Mme,Sarah-Maude,Lee,1990-05-12,F,fr,9590,avenue,des Bouleaux,,371,Saint-Jérôme,QC,Québec,T4N 7V7,CA,sarahmaudelee@hotmail.example,+1-450-555-0149,CTR-1000080480,auto,2017-04-13,2026-12-03,actif,1642.18,trimestrielle,carte,AG-PR-001,2017-04-11,2026-08-14,,,
principal,CLI-00080569,M.,Michel,Nguyen,1947-12-26,M,fr,6401,impasse,des Cèdres,,700,Sainte-Julie,QC,Québec,J3E 6X7,CA,nguyen7601@outlook.example,+1-873-555-0168,CTR-1000080569,habitation,2026-13-40,2027-07-17,actif,1969.32,mensuelle,prélèvement,AG-PR-001,2020-06-08,2026-04-13,,,
principal,CLI-00080581,M.,Jean,Paquette,1970-10-18,M,fr,3834,boulevard,des Sommets,,,Montréal,QC,Québec,H2X 7B8,CA,paquette6885@gmail.example,+1  354-555-0160,CTR-1000080581,habitation,2019-11-18,2027-02-02,actif,1050.47,mensuelle,carte,AG-PR-002,2019-10-23,2026-07-30,,,
principal,CLI-00080900,Mme,Monique,Bergeron,1947-06-16,F,fr,489,rue,des Sommets,Nord,955,Mascouche,QC,Québec,J7K 7W9,CA,moniquebergeron@yahoo.example,+1-873-555-0136,CTR-1000080900,habitation,2021-03-29,,actif,2350.17,mensuelle,carte,AG-PR-004,2021-03-28,2022-07-16,2023-06-25,18749.49,fermé
principal,CLI-00081118,Mme,Louise,Beaulieu,1950-05-01,F,fr,5322,montée,des Pins,,,Longueuil,QC,Québec,J4H 3P3,CA,louise.beaulieu@yahoo.example,+1-468-555-0177,CTR-1000081118,auto,2023-10-22,2027-07-30,actif,1473.07,annuelle,virement,AG-PR-004,2023-10-04,2026-01-15,,,
principal,CLI-00081163,Mme,Geneviève,Lévesque,1947-03-06,F,fr,6944,route,de l'Abe,Nord,,Longueuil,QC,Québec,J4K 8H1,CA,genevieve.levesque@hotmail.example,+1-367-555-0111,CTR-1000081163,auto,2017-07-01,2027-07-06,actif,1011.71,mensuelle,carte,AG-QC-001,2017-06-07,2024-05-10,,,fermé
principal,CLI-00081200,Mme,Isabella,Kim,1943-04-01,F,en,7166,Street,Cedar,,,Dollard-des-Ormeaux,QC,Québec,H9A 7N3,CA,kim6373@yahoo.example,+1-514-555-0160,CTR-1000081200,vie,2024-08-15,2026-03-11,résilié,621.12,annuelle,carte,AG-PR-001,2024-07-19,2025-01-26,,,
principal,CLI-00081373,M.,Émile,Proulx,1962-01-17,M,fr,1061,promenade,des Pins,,336,Sherbrooke,QC,Québec,J1K 4L7,CA,emile5116@hotmail.example,+1-450-555-0140,CTR-1000081373,auto,2022-10-13,2027-07-28,actif,858.97,mensuelle,virement,AG-PR-005,2022-09-16,2026-04-08,,,
principal,CLI-00081438,M.,Robert,Bergeron,1952-07-21,M,fr,4022,boulevard,des Ormes,,,Longueuil,QC,Québec,J4K 7K1,CA,robert64@gmail.example,+1-450-555-0178,CTR-1000081438,voyage,2023-01-31,2027-05-05,actif,181.22,mensuelle,prélèvement,AG-PR-002,2023-01-11,2024-08-24,,,
principal,CLI-00082136,M.,Nicolas,Bergerno,2004-12-26,M,fr,4911,avenue,de la Falaise,,,Laval,QC,Québec,H7W  2P2,CA,nicolas-bergeron@outlook.example,+1-514-555-0111,CTR-1000082136,auto,2022-12-30,2027-06-14,actif,656.25,trimestrielle,prélèvement,AG-PR-005,2022/12/27,2026-05-28,,,
principal,CLI-00082276,M.,David,Brown,1966-06-25,M,en,4620,Place,Market,,,Toronto,ON,Ontario,M5V 7M5,CA,david.brown@gmail.example,+1-548-555-0108,CTR-1000082276,voyage,2022-01-22,2027-06-13,actif,213.32,mensuelle,prélèvement,AG-PR-004,2022-01-11,2023-06-17,,,
principal,CLI-00082529,Mme,Sophie,Plante,2007-07-24,F,fr,3338,boulevard,du Rocher,,,Mascouche,QC,Québec,J7K 3S7,CA,sophie_plante@outlook.example,+1-450-555-0123,CTR-1000082529,habitation,2025-08-03,2026-02-07,expiré,1684.75,annuelle,virement,AG-PR-007,2025-07-27,2026-02-23,,,
principal,CLI-00082563,Mme,Béatrice,Collins,1950-09-07,F,fr,3679,impasse,des Pins,Nord,362,Laval,QC,Québec,H7N 4X3,CA,bcollins@outlook.example,+1-581-555-0137,CTR-1000082563,auto,2018-12-02,2026-10-16,actif,1526.00,mensuelle,prélèvement,AG-PR-002,2018-12-01,2020-02-29,,,
principal,CLI-00082835,Mme,Juliette,,1983-07-25,F,fr,6167,avenue,du Boisé,,183,Saguenay,QC,Québec,G7H 2Z0,CA,juliette.stewart@icloud.example,+1-579-555-0153,CTR-1000082835,auto,2024-04-28,2027-03-02,actif,1588.67,mensuelle,virement,AG-PR-006,2024-04-16,2026-03-12,,,
principal,CLI-00083008,M.,André,Bélanger,2004-02-01,M,fr,2860,promenade,du Versant,,,Québec,QC,Québec,G1R 1W8,CA,andrebelanger@yahoo.example,+1-579-555-0143,CTR-1000083008,auto,2024-02-19,2026-08-17,expiré,1086.48,annuelle,prélèvement,AG-PR-001,2024-02-16,2024-06-22,,,
principal,CLI-00083193,Mme,Marie-Claude,Bouchard,1962-02-19,F,fr,5975,avenue,des Pins,Est,384,Blainville,QC,Québec,J7B 7E7,CA,marieclaude82@gmail.example,+1-354-555-0129,CTR-1000083193,auto,2020-04-15,2027-09-16,actif,399.06,mensuelle,carte,AG-PR-004,2020-04-08,2022-04-20,,,
principal,CLI-00083265,Mme,Catherine,Hébert,1984-08-01,F,fr,1476,rue,du Versant,,,Québec,QC,Québec,G1V 9E0,CA,catherine.hebert@gmail.example,+1-468-555-0105,CTR-1000083265,habitation,2016-11-12,2027-04-18,actif,1134.44,mensuelle,carte,AG-PR-002,2016-11-04,2020-12-13,,,
principal,CLI-00083293,M.,Noa h,Ahmed,1948-08-21,M,en,4402,Way,Bluebird,,,Calgary,AB,Alberta,T3A 9G0,CA,ahmed445@gmail.example,+1-825-555-0127,CTR-1000083293,habitation,2027-06-03,2018-04-30,actif,2868.91,mensuelle,carte,AG-PR-004,2018-04-14,2024-12-07,2024-07-02,68819.45,fermé
principal,CLI-00083435,Mme,Manon,St-Pierre,1945-07-20,F,fr,9837,croissant,des Champs,,,Vancouver,BC,Colombie-Britannique,V5K 2K5,CA,manonstpierre@outlook.example,+1-778-555-0117,CTR-1000083435,vie,2023-05-12,2023-08-17,résilié,2305.70,mensuelle,carte,AG-PR-004,2023-05-06,2023-07-09,,,
principal,CLI-00083525,Mme,Avery,Cook,1995-03-02,F,en,7900,Road,Cedar,,690,Victoria,BC,Colombie-Britannique,V8V 7M4,CA,avery.cook@yahoo.example,+1-604-555-0149,CTR-1000083525,habitation,2026-06-10,2026-12-06,actif,1994.50,mensuelle,prélèvement,AG-PR-004,2026-05-26,2026-07-16,,,
principal,CLI-00083554,Mme,Camila,Baker,1939-06-10,F,en,3268,Court,Willow,,644,Brandon,MB,Manitoba,R7B 6P2,CA,camila3830@bell.example,+1-431-555-0157,CTR-1000083554,auto,2025-08-22,2026-10-30,actif,1496.66,annuelle,prélèvement,AG-PR-001,2025-08-17,2025-12-12,,,
principal,CLI-00083606,M.,Luc,Bouchard,2006-10-10,M,fr,8452,rue,des Mélèzes,Sud,43,Sherbrooke,QC,Québec,J1H 0V7,CA,lucbouchard@bell.example,+1-438-555-0171,CTR-1000083606,auto,2026-05-02,2026-12-31,actif,1171.60,annuelle,chèque,AG-PR-002,2026-04-19,2026-07-17,2026-06-12,2339.54,fermé
principal,CLI-00083936,M.,Michael,Taylor,1984-10-07,M,en,3810,Place,Southridge,South,,Vaudreuil-Dorion,QC,Québec,J7T 3Z7,CA,michael_taylor@gmail.example,+1-581-555-0134,CTR-1000083936,auto,2023-12-01,,actif,1482.07,mensuelle,chèque,AG-PR-001,2023-11-19,2025-01-07,,,
principal,CLI-00084013,Mme,Eleanor,Li,1973-09-10,F,en,3700,Parkway,Stonebridge,,,Red Deer,AB,Alberta,T4R 6G8,CA,eli@gmail.example,+1-403-555-0192,CTR-1000084013,habitation,2019-02-17,,suspendu,1483.51,annuelle,prélèvement,AG-PR-001,2019-02-05,2021-05-05,2024-01-14,113407.16,fermé
principal,CLI-00084233,Mme,Laurence,Simard,1971-05-17,F,fr,9573,boulevard,des Cèdres,Ouest,,Repentigny,QC,Québec,J5Y 7C2,CA,simard.laurence@hotmail.example,+1-450-555-0139,CTR-1000084233,auto,2024-03-23,2027-03-10,suspendu,1424.98,mensuelle,carte,AG-PR-007,2024-03-20,2026-06-10,2025-02-01,12397.00,fermé
principal,CLI-00084366,Mme,Rosalie,Leclerc,1984-05-08,F,fr,683,allée,des Lilas,,,Sorel-Tracy,QC,Québec,J3P 2V6,CA,rosalieleclerc@outlook.example,+1-819-555-0139,CTR-1000084366,habitation,2020-01-26,2027-07-20,suspendu,875.42,annuelle,virement,AG-PR-002,2020-01-14,2021-06-28,,,
principal,CLI-00084426,Mme,Nathalie,Bélanger,1937-10-27,F,fr,7122,place,des Prairies,Est,,Drummondville,QC,Québec,J2C 9E9,CA,nat0180@gmail.example,+1-450-555-0134,CTR-1000084426,habitation,2022-01-07,2027-02-15,actif,1411.12,mensuelle,prélèvement,AG-PR-007,2021-12-25,2025-01-31,,,
principal,CLI-00084686,Mme,Alice,Lavoie,1987-06-24,F,fr,6627,rang,des Lilas,Ouest,,Longueuil,QC,Québec,J4H 1K2,CA,alice15@icloud.example,+1-367-555-0116,CTR-1000084686,habitation,2016-09-20,,actif,2542.51,mensuelle,prélèvement,AG-PR-001,2016-08-24,2024-01-02,,,
principal,CLI-00084871,Mme,Camila,Chowdhury,1973-12-18,F,en,858,Boulevard,Maple,,,Brampton,ON,Ontario,L6Y 4Y0,CA,camila.chowdhury@hotmail.example,+1-519-555-0119,CTR-1000084871,auto,2021-10-06,,actif,2071.63,trimestrielle,prélèvement,AG-PR-004,2021-10-01,2023-12-20,2025-10-12,4865.16,ouvert
principal,CLI-00084885,Mme,Nova,Turner,1985-11-18,F,en,3233,Lane,Valleyview,,208,Toronto,ON,Ontario,M4W 8B6,CA,nova7901@bell.example,+1-365-555-0103,CTR-1000084885,voyage,2017-02-16,2027-06-30,actif,206.61,mensuelle,prélèvement,AG-PR-001,2017-01-24,2017-12-19,,,
principal,CLI-00084932,M.,Antoine,Lachance,1940-03-23,M,fr,2074,route,des Geais-Bleus,,,Laval,QC,Québec,H7N 0Z7,CA,antoine.lachance@gmail.example,+1-418-555-0160,CTR-1000084932,voyage,2020-06-25,2027-08-04,actif,508.73,trimestrielle,carte,AG-PR-002,2020-06-08,2026-04-13,,,
principal,CLI-00085456,M.,Alexis,Morin,1961-05-11,M,fr,7652,avenue,des Peupliers,,,Saguenay,QC,Québec,G7H 8E6,CA,morin252@gmail.example,+1-263-555-0134,CTR-1000085456,auto,2026-04-10,2027-05-26,actif,647.60,annuelle,prélèvement,AG-PR-003,2026-03-27,2026-04-11,,,
principal,CLI-00085520,M.,Olivier,Wilson,1968-04-26,M,fr,8565,carré,des Ormes,Est,879,Sherbrooke,QC,Québec,J1K 6J8,CA,olivierwilson@gmail.example,+1-579-555-0167,CTR-1000085520,voyage,2024-09-10,2027-06-05,actif,650.99,mensuelle,virement,AG-PR-007,2024-08-25,2026-06-03,,,
principal,CLI-00085539,Mme,Ellie,Smith,1949-02-02,F,en,8915,Street,Seabreeze,,989,Waterloo,ON,Ontario,N2L 0P5,CA,elliesmith@outlook.example,+1-289-555-0156,,voyage,2016-11-27,,actif,341.96,mensuelle,chèque,AG-PR-001,2016-10-31,2024-05-15,,,
principal,CLI-00085878,M.,Philippe,Santos,1970-05-15,M,fr,7590,boulevard,des Prairies,,576,Trois-Rivières,QC,Québec,G9A 7B9,CA,philippesantos@gmail.example,+1-514-555-0116,CTR-1000085878,voyage,2026-05-01,2027-09-01,actif,305.78,mensuelle,virement,AG-PR-001,2026-04-29,2026-05-10,,,
principal,CLI-00086029,M.,Nathan,Morgan,1987-08-31,M,en,8398,Road,Greenfield,,944,Dollard-des-Ormeaux,QC,Québec,H9B 0B7,CA,nathanmorgan@hotmail.example,+1-468-555-0183,CTR-1000086029,auto,2023-01-07,2027-03-06,actif,1713.35,trimestrielle,prélèvement,AG-PR-003,2023-01-03,2025-01-27,,,
principal,CLI-00086110,M.,Olivier,Lavoie,1986-05-05,M,fr,2823,boulevard,du Domaine,,,Montréal,QC,Québec,H2X 5L4,CA,olivier2989@videotron.example,+1-514-555-0158,CTR-1000086110,habitation,2027-08-25,2019-11-22,actif,1457.74,mensuelle,prélèvement,AG-PR-005,2019-11-17,2023-12-28,,,
principal,CLI-00086238,Mme,Nova,Sott,1988-02-21,F,en,33,Place,Mountainview,,4,Montréal,QC,Quebec,H1A 4W4,CA,scott.nova@icloud.example,+1-438-555-0140,CTR--1000086238,auto,2020-01-13,2027-07-02,suspendu,555.35,mensuelle,chèque,AG-PR-003,2019-12-29,2026-09-02,2020-06-04,,en_cours
principal,CLI-00086451,Mme,Nathalie,Lopez,1965-03-25,F,fr,478,promenade,du Havre,Est,,Sherbrooke,QC,Québec,J1K 3V1,CA,nathalielopez@gmail.example,+1-418-555-0188,CTR-1000086451,voyage,2021-09-22,2025-03-15,expiré,238.76,mensuelle,prélèvement,AG-PR-002,2021-09-22,2026-04-22,,,
principal,CLI-00086574,M.,François,Bergeron,1963-04-29,M,fr,9987,boulevard,des Peupliers,,715,Québec,QC,Québec,G1V 3E5,CA,bergeron91@yahoo.example,+1-450-555-0148,CTR-1000086574,vie,2023-07-28,2027-04-10,actif,1441.95,mensuelle,carte,AG-PR-002,2023-07-20,2025-02-15,,,
principal,CLI-00086780,Mme,Florence,Côté,1942-10-02,F,fr,1886,autoroute,de la Côte-Verte,Nord,836,Blainville,QC,Québec,J7C 3C0,CA,cote.florence@hotmail.example,+1-581-555-0130,CTR-1000086780,auto,2019-12-08,2026-11-17,suspendu,978.68,mensuelle,prélèvement,AG-PR-002,2019-12-01,2020-10-31,,,
principal,CLI-00086782,Mme,Caroline,Martel,1942-04-28,F,fr,7822,rue,des Vents,,660,Dollard-des-Ormeaux,QC,Québec,H9A 7W5,CA,caroline.martel@gmail.example,+1-581-555-0128,CTR-1000086782,auto,2020-09-04,2027-06-01,actif,1156.49,mensuelle,prélèvement,AG-PR-001,2020-08-21,2024-04-29,,,
principal,CLI-00086983,M.,Julian,Wright,1978-07-17,M,en,8171,Place,Stonebridge,,,Winnipeg,MB,Manitoba,R3C 5Z0,CA,julian_wright@gmail.example,+1-204-555-0190,CTR-1000086983,auto,2023-10-29,2027-01-08,actif,2031.58,mensuelle,virement,AG-PR-008,2023-10-12,2024-12-05,2025-12-21,10005.38,fermé
principal,CLI-00087103,Mme,Isabella,Chowdhury,1979-12-29,F,en,7262,Street,Valleyview,West,,Brossard,QC,Québec,J4Y 1Z2,CA,isabella.chowdhury@yahoo.example,+1-579-555-0185,CTR-1000087103,voyage,2025-03-13,,suspendu,221.42,mensuelle,prélèvement,AG-PR-008,2025-03-13,2026-03-25,,,
principal,CLI-00087438,M.,Oliver,D'Souza,1992-03-05,M,en,3955,Street,Garden,,811,Toronto,ON,Ontario,M4W 0J2,CA,dsouza.oliver@gmail.example,+1-742-555-0129,CTR-1000087438,auto,2021-02-23,2027-07-01,actif,666.97,annuelle,carte,AG-PR-001,2021-02-08,2022-07-21,2021-05-21,48009.05,
principal,CLI-00087609,Mme,Béatrice,Kim,1961-12-16,F,fr,4455,avenue,des Érables,,,Montréal,QC,Québec,H1A 8N3,CA,beatrice.kim@proton.example,+1-418-555-0153,CTR-1000087609,vie,2022-06-08,,actif,456.66,mensuelle,prélèvement,AG-PR-004,2022-05-23,2023-11-09,,,
principal,CLI-00087684,M.,Serge,Boucher,1965-07-03,M,fr,9591,route,des Épinettes,,900,Blainville,QC,Québec,J7C 5G3,CA,serge_boucher@gmail.example,+1-438-555-0153,CTR-1000087684,auto,2019-09-16,2027-03-10,actif,1311.61,mensuelle,prélèvement,AG-PR-005,2019-08-17,2025-05-18,,,
principal,CLI-00087902,M.,Patrick,Martinez,1942-07-27,M,fr,7953,avenue,des Sommets,Nord,,Montréal,QC,Québec,H4A 2J2,CA,patrick.martinez@outlook.example,+1-514-555-0186,CTR-1000087902,voyage,2018-06-30,2023-01-08,résilié,326.58,mensuelle,prélèvement,AG-PR-002,2018-06-11,2021-06-08,,,
principal,CLI-00088277,Mme,Léa,Pelletier,2003-01-17,F,fr,3680,rue,des Saules,Est,,Québec,QC,Québec,G2B 6Y0,CA,leapelletier@hotmail.example,+1-819-555-0165,CTR-1000088277,auto,2023-12-03,2024-01-09,expiré,751.84,mensuelle,prélèvement,AG-PR-002,2023-11-15,2025-08-04,,,
principal,CLI-00088406,Mme,Lucie,Lopez,1993-12-17,F,fr,4249,rue,du Cap,,,Val-d'Or,QC,Québec,J9P 5L3,CA,ll9033@outlook.example,+1-581-555-0176,CTR-1000088406,vie,2016-11-23,,actif,2796.04,mensuelle,carte,AG-PR-002,2016-11-03,2024-06-16,,,
principal,CLI-00088424,M.,Elijah,Rodriguez,1959-01-21,M,en,3215,Avenue,Spring,,,Hamilton,ON,Ontario,L8P 4J8,CA,eli20@hotmail.example,+1-416-555-0132,CTR-1000088424,auto,2023-08-06,2027-03-16,actif,306.46,annuelle,prélèvement,AG-PR-002,2023-08-06,2024-05-30,,,
principal,CLI-00088495,M.,Liam,Campbell,1949-07-29,M,en,3097,Boulevard,Oak,,22,Saguenay,QC,Québec,G7H 0S4,CA,liam68@yahoo.example,+1-450-555-0187,CTR-1000088495,auto,2017-06-13,2026-10-29,actif,1403.44,annuelle,prélèvement,AG-PR-007,2017-05-20,2017-09-24,,,
principal,CLI-00088598,Mme,Zoé,Bélange,1948-01-08,F,fr,3307,rue,des Peupliers,,,Blainville,QC,Québec,J7C 3W4,CA,zoe9807@gmail.example,+1-514-555-0152,CTR-1000088598,voyage,2016-09-27,2027-03-21,actif,315.29,mensuelle,prélèvement,AG-PR-002,2016-09-23,2026-01-29,,,
principal,CLI-00088671,Mme,Evelyn,Bélanger,2001-06-26,F,en,3075,Boulevard,Westwood,,,Toronto,ON,Ontario,M4W 7X7,CA,evelyn502@gmail.example,+1-519-555-0141,CTR-1000088671,voyage,2023-09-18,2027-07-15,actif,757.24,mensuelle,carte,AG-PR-001,2023-09-11,2025-10-02,2025-04-03,7672.77,ouvert
principal,CLI-00088739,M.,Samuel,Thompson,2005-01-29,M,en,4438,Avenue,Southridge,,,Chateauguay,QC,Québec,J6K 2Z9,CA,sam12@hotmail.example,+1-450-555-0196,CTR-100008873,voyage,2026-07-28,2027-08-12,actif,366.42,mensuelle,prélèvement,AG-PR-003,2026-06-30,2026-07-26,,,
principal,CLI-00088926,M.,Louis-Philippe,Morin,1955-05-24,M,fr,868,boulevard,de l'Anse,,,Saguenay,QC,Québec,G7J 9G2,CA,lou9039@outlook.example,+1-514-555-0148,CTR-1000088926,vie,2019-05-17,2027-03-21,actif,1252.51,mensuelle,carte,AG-PR-008,2019-04-27,2024-12-19,,,
principal,CLI-00089044,Mme,Marie-Claude,Côté,1973-05-08,F,fr,5580,rue,de la Rivière,Sud,,Québec,QC,Québec,G1V 3Z5,CA,marieclaudec@proton.example,+1-579-555-0135,CTR-1000089044,habitation,2020-01-12,2027-01-09,actif,1591.22,mensuelle,virement,AG-PR-003,2020-01-05,2022-11-25,,,
principal,CLI-00089192,M.,Louis,Smith,1968-02-08,M,fr,8690,impasse,des Geais-Bleus,Sud,824,Mirabel,QC,Québec,J7J 1G2,CA,louiss@hotmail.example,+1-418-555-0167,CTR-1000089192,auto,2021-04-26,2027-02-28,actif,1951.05,trimestrielle,prélèvement,AG-PR-001,2021-04-03,2023-10-16,2024-03-28,9201.52,fermé
principal,CLI-00089514,M.,Sébastien,Young,1956-12-31,M,fr,1441,route,des Geais-Bleus,,,Shawinigan,QC,Québec,G9N 9T5,CA,young87@gmail.example,+1-579-555-0159,CTR-1000089514,vie,2020-03-06,,actif,2443.03,mensuelle,carte,AG-PR-001,2020-02-20,2024-11-04,,,
principal,CLI-00089519,M.,Jacob,Grenier,1979-03-01,M,fr,1006,rue,des Bouleaux,Est,,Gatineau,QC,Québec,J8Y 4N3,CA,jacobgrenier@icloud.example,+1-450-555-0176,CTR-1000089519,auto,2019-08-15,2027-04-15,actif,2318.24,mensuelle,chèque,AG-PR-003,2019-08-14,2021-02-09,,,
principal,CLI-00089703,Mme,Stéphanie,Lee,1983-08-09,F,fr,4491,boulevard,de la Traverse,,,Granby,QC,Québec,J2H 6A9,CA,sl26@outlook.example,+1-819-555-0104,CTR-1000089703,habitation,2025-05-24,2027-07-15,actif,2146.60,annuelle,carte,AG-PR-005,2025-04-30,2025-08-11,,,
principal,CLI-00089858,Mme,Julie,Pelletier,1966-02-02,F,fr,43,rue,du Ruisseau,,270,Mascouche,QC,Québec,J7K 4T1,CA,julie_pelletier@icloud.example,+1-354-555-0174,CTR-1000089858,vie,2016-12-24,2024-05-24,résilié,3835.48,mensuelle,virement,AG-PR-005,2016-12-02,2022-10-16,,,
principal,CLI-00090070,M.,Gabriel,Roy,1963-03-03,M,fr,1795,chemin,des Pionniers,,,Rivière-du-Loup,QC,Québec,G5R 0V8,CA,gabrielroy@yahoo.example,+1-581-555-0115,CTR-1000090070,habitation,2019-01-19,2027-03-14,actif,2211.73,mensuelle,virement,AG-PR-005,2019-01-15,2024-10-15,,,
principal,CLI-00090075,Mme,Emma,White,1987-02-27,F,en,5285,Highway,Brookside,,,Lévis,QC,Québec,G6W 9K8,CA,emma725@gmail.example,+1-819-555-0120,CTR-1000090075,habitation,2020-06-14,2024-07-28,résilié,553.88,annuelle,prélèvement,AG-PR-004,2020-06-08,2024-05-15,,,
principal,CLI-00090206,M.,Michel,Turcotte,1975-02-06,M,fr,6513,avenue,des Champs,,,Laval,QC,Québec,H7N 6E8,CA,michel.turcotte@outlook.example,+1-581-555-0189,CTR-1000090206,voyage,2016-11-06,,actif,666.32,mensuelle,prélèvement,AG-PR-007,2016-10-25,2024-04-14,,,
principal,CLI-00090762,M.,John,Morgan,1968-08-21,M,en,1456,Drive,Market,East,369,Toronto,ON,Ontario,M6G 4A6,CA,john.morgan@gmail.example,+1-519-555-0153,CTR-1000090762,auto,2020-02-21,,actif,1124.84,mensuelle,carte,AG-PR-002,2020-02-07,2022-04-27,,,
principal,CLI-00090847,M.,Jacob,Côté,1964-04-13,M,fr,5990,rue,de l'Aube,,46,Brossard,QC,Québec,J4X 0W6,CA,jc615@bell.example,+1-450-555-0151,CTR-1000090847,habitation,2020-06-28,,actif,2941.25,mensuelle,prélèvement,AG-PR-005,2020-05-31,2025-09-14,,,
principal,CLI-00091135,M.,Jack,Huang,1981-06-27,M,en,6379,Avenue,Market,,,Châteauguay,QC,Québec,J6K 8K8,CA,jhuang@gmail.example,+1-579-555-0106,CTR-1000091135,voyage,2022-09-14,2026-11-04,suspendu,217.42,annuelle,prélèvement,AG-PR-004,2022-08-28,2023-08-26,,,
principal,CLI-00091441,Mme,Caroline,Parent,1944-08-28,F,fr,3594,avenue,du Ruisseau,,383,Gatineau,QC,Québec,J9A 2H8,CA,carolineparent@gmail.example,+1-367-555-0137,CTR-1000091441,voyage,2022-10-09,2025-09-15,expiré,536.45,annuelle,virement,AG-PR-001,2022-09-23,2025-09-30,2023-10-09,19090.58,en_cours
principal,CLI-00091510,M.,Pierre-Luc,Lavoie,1958-09-27,M,fr,2360,chemin,du Havre,,,Joliette,QC,Québec,J6E 1C1,CA,pierreluc.lavoie@proton.example,+1-450-555-0129,CTR-1000091510,vie,2024-04-26,2026-10-31,actif,646.46,annuelle,carte,AG-PR-002,2024-03-31,2025-08-30,,,
principal,CLI-00091530,Mme,Catherine,Boucher,1971-06-22,F,fr,520,avenue,de la Rivière,Est,,Moncton,NB,Nouveau-Brunswick,E1C 9A4,CA,catherineboucher@yahoo.example,+1-506-555-0131,CTR-1000091530,vie,2023-02-19,,actif,847.58,mensuelle,virement,AG-PR-005,2023-02-03,2023-03-08,,,
principal,CLI-00091538,M.,Asher,Anderson,1947-08-31,M,en,8965,Road,Garden,,909,Repentigny,QC,Québec,J5Y 1L2,CA,asher.anderson@gmail.example,+1-819-555-0187,CTR-1000091538,vie,2019-11-22,2027-05-07,actif,620.29,mensuelle,prélèvement,AG-PR-001,2019-10-24,2020-09-11,,,
principal,CLI-00092342,M.,Jean,Taylor,1986-02-04,M,fr,3025,avenue,de la Clairière,,76,Saint-Jean-sur-Richelieu,QC,Québec,J3B 6Z4,CA,taylor.jean@gmail.example,+1-579-555-0142,CTR-1000092342,voyage,2023-05-20,2025-05-10,expiré,424.87,mensuelle,prélèvement,AG-PR-001,2023-04-29,2024-06-07,,,
principal,CLI-00092367,M.,Pierre,Lavoie,1980-03-03,M,fr,2867,rue,du Lac,,238,Granby,QC,Québec,J2H 4X2,CA,pl17@hotmail.example,+1-581-555-0196,CTR-1000092367,auto,2025-08-24,,actif,763.73,mensuelle,prélèvement,AG-PR-004,2025-08-12,2026-01-29,2026-07-19,21694.85,en_cours
principal,CLI-00092480,M.,Matthew,Carter,1999-01-17,M,en,7372,Road,Brookside,North,,Toronto,ON,Ontario,M5V 1S4,CA,carter7593@icloud.example,+1-437-555-0131,CTR-1000092480,auto,2018-11-04,2027-09-15,actif,865.53,trimestrielle,chèque,AG-PR-001,2018-10-20,2019-12-23,,,
principal,CLI-00092847,Mme,Marie,Poirier,1959-09-29,F,fr,4033,chemin,du Moulin,Sud,,Baie-Comeau,QC,Québec,G5C 0G9,CA,marie887@gmail.example,+1-819-555-0183,CTR-1000092847,vie,2017-03-30,2027-06-11,actif,1905.31,mensuelle,prélèvement,AG-PR-001,2017-03-24,2021-09-23,,,
principal,CLI-00092963,Mme,Chantal,Lewis,1940-06-28,F,fr,3571,promenade,des Érables,Nord,,Trois-Rivières,QC,Québec,G8Z 6M3,CA,clewis@rogers.example,+1-579-555-0126,CTR-1000092963,auto,2025-05-20,2027-02-12,actif,1416.17,mensuelle,prélèvement,AG-PR-003,2025-05-08,2025-05-15,,,
principal,CLI-00093006,Mme,Stéphanie,Grenier,1978-11-29,F,fr,3100,avenue,des Bouleaux,,,Montréal,QC,Québec,H1A 7G8,CA,stephanie_grenier@hotmail.example,+1-873-555-0145,CTR-1000093006,vie,2025-07-02,2027-05-26,actif,1416.40,trimestrielle,carte,AG-PR-004,2025-06-21,2025-11-18,,,
principal,CLI-00093072,M.,Levi,Smith,1986-11-03,M,en,1995,Avenue,Hillcrest,,821,Toronto,ON,Ontario,M4W 5J2,CA,lev85@hotmail.example,+1-365-555-0117,CTR-1000093072,auto,2019-11-21,2026-11-18,actif,1565.31,annuelle,prélèvement,AG-PR-004,2019-11-01,2023-02-21,,,
principal,CLI-00093305,Mme,Véronique,Bélanger,1986-04-22,F,fr,1171,promenade,du Moulin,,,Saint-Jean-sur-Richelieu,QC,Québec,J3B 2G3,CA,belanger079@outlook.example,+1-438-555-0162,CTR-1000093305,auto,2019-04-03,2027-04-28,actif,754.46,mensuelle,virement,AG-PR-001,2019-03-28,2026-03-05,,,
principal,CLI-00093394,Mme,Camille,Kim,1950-06-22,F,fr,1567,montée,du Parc,,17,Gatineau,QC,Québec,J8X 2W3,CA,camillek@gmail.example,+1  418-555-0194,CTR-1000093394,auto,2019-10-10,2025-10-24,résilié,1393.53,mensuelle,prélèvement,AG-PR-001,2019-09-14,2024-06-24,,,
principal,CLI-00093414,M.,Denis,Cloutier,2007-04-10,M,fr,8103,route,du Domaine,,,Lévis,QC,Québec,G6W 3W0,CA,denis67@outlook.example,+1-514-555-0131,CTR-1000093414,habitation,2025-08-12,2027-06-01,actif,1843.31,mensuelle,virement,AG-PR-008,2025-07-15,2026-01-10,,,
principal,CLI-00093622,M.,Émile,Lefebvre,1951-07-02,M,fr,263,avenue,des Cèdres,,,Trois-Rivières,QC,Québec,G9A 0L8,CA,emile473@hotmail.example,+1-450-555-0124,CTR-1000093622,auto,2020-09-15,2027-07-20,actif,2004.68,trimestrielle,virement,AG-PR-001,2020-08-27,2024-12-01,,,
principal,CLI-00093666,M.,Éric,Poirier,1971-10-07,M,fr,3484,avenue,de la Rivière,,,Terrebonne,QC,Québec,J6W 1P3,CA,epoirier@outlook.example,+1-819-555-0183,CTR-1000093666,habitation,2024-05-15,2027-05-17,actif,2062.62,semestrielle,prélèvement,AG-PR-002,2024-04-26,2024-08-20,,,
principal,CLI-00093802,Mme,Iasbelle,Kim,1965-07-30,F,fr,9730,boulevard,des Pionniers,Est,,Gaspé,QC,Québec,G4X 3V0,CA,kim.isabelle@gmail.example,+1-819-555-0167,CTR-1000093802,auto,2024-02-24,2027-05-30,actif,1707.70,mensuelle,prélèvement,AG-PR-001,2024-02-16,2024-10-04,,,
principal,CLI-00093812,Mme,Penelope,Johnson,1985-03-27,F,en,97,Street,Lakeview,,513,Calgary,AB,Alberta,T2P 3S5,CA,pen627@gmail.example,+1-780-555-0174,CTR-1000093812,auto,2018-11-21,2027-02-02,actif,851.92,annuelle,prélèvement,AG-PR-002,2018-11-05,2022-02-17,,,
principal,CLI-00094657,Mme,Lucie,Ouellet,1979-03-11,F,fr,5150,route,des Peupliers,,,Joliette,QC,Québec,J6E 8J0,CA,lucie272@outlook.example,+1-263-555-0116,CTR-1000094657,habitation,2022-05-17,2023-04-15,expiré,2795.60,trimestrielle,carte,AG-PR-002,2022-04-25,2024-08-23,,,
principal,CLI-00095273,M.,Nicolas,Wright,1988-11-07,M,fr,1969,avenue,des Peupliers,Nord,976,Sherbrooke,QC,Québec,J1H 3M1,CA,nwright@proton.example,+1-579-555-0199,CTR-1000095273,auto,2019-10-26,2026-11-26,actif,1458.40,mensuelle,prélèvement,AG-PR-004,2019-10-22,2022-06-26,2020-12-24,,en_cours
principal,CLI-00095500,Mme,Noémie,Boucher,1959-12-16,F,fr,3153,boulevard,du Soleil-Levant,,,Shawinigan,QC,Québec,G9T 3B3,CA,noe787@gmail.example,+1-819-555-0120,CTR-1000095500,habitation,2022-10-08,2026-12-09,suspendu,2592.90,mensuelle,carte,AG-PR-005,2022-09-30,2025-08-20,,,
principal,CLI-00095532,Mme,Sophie,Mohammed,1975-03-02,F,fr,9230,place,des Hirondelles,,763,Vancouver,BC,Colombie-Britannique,V6B 0A7,CA,sophie_mohammed@proton.example,+1-236-555-0151,CTR-1000095532,auto,2016-11-18,2027-07-25,actif,721.06,annuelle,virement,AG-PR-003,2016-10-28,2018-03-31,,,
principal,CLI-00095785,M.,Claude,Gagnon,1939-12-09,M,fr,325,chemin,du Lac,Ouest,914,Lévis,QC,Québec,G6V 2C3,CA,claude.gagnon@yahoo.example,+1-514-555-0110,CTR-1000095785,voyage,2025-12-11,2027-04-23,actif,669.09,semestrielle,prélèvement,AG-PR-003,2025-11-13,2026-08-13,,,
principal,CLI-00096213,Mme,Mia,Anderson,1982-03-14,F,en,2862,Trail,Spring,,,London,ON,Ontario,N6A 0G6,CA,anderson.mia@icloud.example,+1-613-555-0135,CTR-1000096213,habitation,2019-07-24,2027-07-11,actif,690.33,annuelle,carte,AG-PR-004,2019-07-02,2024-01-12,,,
principal,CLI-00096348,M.,Sereg,Pelletier,1970-10-24,M,fr,8842,avenue,du Boisé,,,Québec,QC,Québec,G1R 1X8,CA,pelletier76@gmail.example,+1-450-555-0147,CTR-1000096348,voyage,2019-09-30,2027-05-25,actif,257.75,mensuelle,carte,AG-PR-001,2019-09-11,2021-08-05,,,
principal,CLI-00096402,M.,Pierre,Côté,1936-11-27,M,fr,5343,route,de la Colline,,,Sept-Îles,QC,Québec,J1K 7K0,CA,pierre470@rogers.example,+1-367-555-0135,CTR-1000096402,voyage,2025-01-04,2026-12-22,suspendu,-210.01,annuelle,carte,AG-PR-002,2024-12-09,2026-04-06,,,
principal,CLI-00096670,Mme,Emma,Wilson,1945-08-09,F,en,4501,Lane,Riverside,East,503,Rivière-du-Loup,QC,Québec,G5R 0X2,CA,emm5334@gmail.example,+1-819-555-0141,CTR-1000096670,auto,2024-07-04,2027-07-20,actif,1875.60,mensuelle,virement,AG-PR-001,2024-06-04,2025-10-29,,,
principal,CLI-00096743,Mme,Alice,Simard,1979-10-15,F,fr,9536,avenue,des Cascades,,,Mascouche,QC,Québec,J7K 9M7,CA,alice.simard@hotmail.example,+1-579-555-0169,CTR-1000096743,habitation,2019-04-27,2027-02-15,actif,2307.36,mensuelle,virement_X,AG-PR-001,2019-04-25,2020-03-12,,,
principal,CLI-00096748,Mme,Luna,Scott,1998-05-08,F,en,3743,Crescent,Forest,,,Ottawa,ON,Ontario,K2P 4X6,CA,luna_scott@hotmail.example,+1-519-555-0146,CTR-1000096748,voyage,2023-06-18,2027-04-16,actif,680.16,trimestrielle,chèque,AG-PR-001,2023-06-16,2024-05-12,,,
principal,CLI-00096805,Mme,Noémie,Lopez,1959-01-13,F,fr,9488,rue,du Belvédère,,,Sept-Îles,QC,Québec,G4R 8H6,CA,noemielopez@hotmail.example,+1-514-555-0112,CTR-1000096805,auto,2026-07-11,2027-09-05,suspendu,418.31,mensuelle,chèque,AG-PR-003,2026-07-04,2026-08-23,,,
principal,CLI-00096922,M.,Félix,Bergeron,1942-04-24,M,fr,2821,rue,des Peupliers,,,Granby,QC,Québec,J2G 4R7,CA,bergeron.felix@gmail.example,+1  819-555-0157,CTR-1000096922,habitation,2024-09-13,2027-02-13,actif,1999.88,mensuelle,prélèvement,AG-PR-001,2024-08-27,2025-03-21,,,
principal,CLI-00097278,Mme,Julie,Gagné,1946-05-17,F,fr,6956,avenue,des Chênes,,,Laval,QC,Québec,H7W 8A6,CA,julieg@rogers.example,+1-450-555-0142,CTR-1000097278,auto,2021-06-01,2022-04-11,expiré,686.61,trimestrielle,prélèvement,AG-PR-008,2021-05-14,2023-07-12,,,
principal,CLI-00097497,Mme,Charlotte,Evans,1951-09-14,F,en,4612,Street,Hillcrest,,,Rimouski,QC,Québec,G5N 1V5,CA,cevans@outlook.example,+1-873-555-0124,CTR-1000097497,auto,2020-02-16,2027-09-07,actif,2065.60,mensuelle,chèque,AG-PR-001,2020-01-20,2024-05-07,,,
principal,CLI-00098142,Mme,Laurence,Bélanger,1961-01-04,F,fr,6462,rang,de la Vallée,Sud,,Montréal,QC,Québec,H4A 8V7,CA,laurence2523@yahoo.example,+1-450-555-0199,CTR-1000098142,habitation,2017-03-05,2020-01-31,résilié,1204.09,mensuelle,carte,AG-PR-006,2017-02-25,2019-01-13,,,
principal,CLI-00098216,Mme,Lucie,Leblanc,1972-08-16,F,fr,9026,rue,de la Colline,Sud,,Val-d'Or,QC,Québec,J9P 2A6,CA,leblanc.lucie@gmail.example,+1-514-555-0138,CTR-1000098216,habitation,2026-04-04,,actif,1534.42,mensuelle,carte,AG-PR-007,2026-03-30,2026-04-04,2026-07-09,98506.99,fermé
principal,CLI-00098765,Mme,Marie-Claude,Hébert,1982-12-20,F,fr,9835,chemin,iu Rocher,,,Terrebonne,QC,Québec,J6W 2Y8,CA,mhebert@icloud.example,+1-450-555-0145,CTR-1000098765,vie,2021-06-25,2022-10-20,résilié,1321.15,mensuelle,prélèvement,AG-QC-001,2021-06-06,2025-07-10,,,
principal,CLI-00099017,M.,,Gagné,1955-03-23,M,fr,9791,boulevard,des Peupliers,,573,Longueuil,QC,Québec,J4K 1B9,CA,gagne09@gmail.example,+1-438-555-0176,CTR-1000099017,auto,2022-04-15,2023-09-02,résilié,2036.13,mensuelle,carte,AG-ON-001,2022-04-05,2023-07-20,,,
principal,CLI-00099239,Mme,Lily,Phillips,1986-07-24,F,en,550,Circle,Westwood,,922,Calgary,AB,Alberta,T2P 6V6,CA,lil89@hotmail.example,+1-780-555-0162,CTR-1000099239,auto,2021-10-29,2027-08-25,actif,1193.64,annuelle,prélèvement,AG-PR-008,2021-10-22,2024-06-05,,,
principal,CLI-00099517,M.,Marc,Gauthier,1981-09-28,M,fr,4354,chemin,des Vents,,199,Sept-Îles,QC,Québec,G4R 9T4,CA,gauthier34@outlook.example,+1-819-555-0127,CTR-1000099517,auto,2024-07-25,2024-10-15,expiré,365.41,annuelle,carte,AG-PR-001,2024-07-08,2025-02-12,,,
principal,CLI-00099720,M.,Sébastien,Gagnon,1961-01-05,M,fr,9247,boulevard,du Ruisseau,,,Salaberry-de-Valleyfield,QC,Québec,J6S 6G0,CA,sebastien3624@hotmail.example,+1-873-555-0162,CTR-1000099720,voyage,2020-05-05,2027-06-26,actif,284.02,annuelle,prélèvement,AG-PR-003,2020-04-27,2023-10-07,,,
principal,CLI-00099761,Mme,Marie-Ève,Martel,1988-11-07,F,fr,1389,boulevard,des Cèdres,,348,Gatineau,QC,Québec,J8Y 7H3,CA,samuel.hernandez@gmail.example,+1-819-555-0109,CTR-1000099761,auto,2023-03-02,2027-02-13,actif,863.30,mensuelle,carte,AG-PR-001,2023-02-06,2025-12-11,2023-06-26,17573.19,fermé
principal,CLI-00099796,M.,Marc,Le,1951-04-02,M,fr,5570,rang,des Sommets,Est,145,Blainville,QC,Québec,J7B 9M0,CA,marc_le@hotmail.example,+1-514-555-0115,CTR-1000099796,habitation,2026-05-31,,actif,1148.76,trimestrielle,virement,AG-PR-006,2026-05-21,2026-06-16,,,
principal,CLI-00099913,M.,Mateo,Phillips,1968-03-18,M,en,9306,Street,Hillcrest,,,Halifax,NS,Nouvelle-Écosse,B3H 1Z4,CA,mateo.phillips@outlook.example,+1-902-555-0118,CTR-1000099913,voyage,2021-09-25,,actif,123.44,mensuelle,prélèvement,AG-PR-006,2021-09-22,2026-04-29,,,
principal,CLI-00100014,M.,Léo,Grenier,1977-06-03,M,fr,4546,croissant,du Parc,,,Montréal,QC,Québec,H3G 3R2,CA,leo.grenier@outlook.example,+1-438-555-0175,CTR-1000100014,habitation,2026-05-08,2027-02-18,actif,749.14,annuelle,prélèvement,AG-PR-001,2026-04-08,2026-07-26,,,
principal,CLI-00100386,M.,Alexandre,White,1950-10-09,M,fr,5523,rue,de la Rivière,,239,Montréal,QC,Québec,H3G 6L7,CA,alexandre.white@outlook.example,+1-450-555-0178,CTR-1000100386,auto,2018-07-19,2027-02-16,actif,1432.97,annuelle,virement,AG-PR-002,2018-06-24,2020-08-17,2025-11-18,30791.93,fermé
principal,CLI-00100606,M.,Claude,Nguyen,1959-09-27,M,fr,4980,rue,des Cèdres,,,Repentigny,QC,Québec,J5Y 8C1,CA,claude19@outlook.example,+1-418-555-0141,CTR-1000100606,auto,2022-12-09,2027-05-09,actif,1366.13,trimestrielle,carte,AG-PR-001,2022-11-13,2023-10-28,2025-11-16,,ouvert
principal,CLI-00100626,M.,Jacob,Morin,1979-07-19,M,fr,1739,montée,des Mélèzes,Sud,,Blainville,QC,Québec,J7B 1E4,CA,morin.jacob@gmail.example,+1-581-555-0112,CTR-1000100626,vie,2020-09-11,2026-12-31,actif,3001.42,mensuelle,virement,AG-PR-001,2020-09-11,2025-07-20,,,
principal,CLI-00101044,M.,Marc,Singh,1980-03-18,M,fr,7949,rue,des Jardins,,,Québec,QC,Québec,G1V 8K8,CA,marc-singh@gmail.example,+1-873-555-0127,CTR-1000101044,auto,2025-10-13,2027-02-20,actif,662.32,mensuelle,carte,AG-PR-001,2025-09-19,2026-04-04,,,
principal,CLI-00101104,Mme,Diane,Boucher,2000-11-05,F,fr,3173,chemin,du Moulin,,623,Québec,QC,Québec,G2B 8W9,CA,diane6111@hotmail.example,+1-438-555-0169,CTR-1000101104,auto,2023-02-06,,actif,1201.93,mensuelle,prélèvement,AG-PR-002,2023-02-03,2025-08-16,,,
principal,CLI-00101396,Mme,Léa,Morin,1982-08-06,F,fr,9650,montée,des Vents,Est,505,Châteauguay,QC,Québec,J6J 2E5,CA,morin407@icloud.example,+1-819-555-0191,CTR-1000101396,auto,2026-05-13,2027-08-07,actif,1029.19,semestrielle,prélèvement,AG-PR-005,2026-04-13,2026-07-22,2026-05-27,26892.44,rejeté
principal,CLI-00101501,Mme,Manon,Michaud,1979-11-09,F,fr,2508,avenue,du Lac,,,Laval,QC,Québec,H7N 8T6,CA,manon.michaud@icloud.example,+1-514-555-0109,CTR-1000101501,auto,2026-06-09,2027-06-02,actif,1357.93,mensuelle,prélèvement,AG-PR-001,2026-05-14,2026-06-26,,,
principal,CLI-00101638,Mme,Monique,St-Pierre,1970-02-17,F,fr,705,avenue,des Prairies,Ouest,,Sherbrooke,QC,Québec,J1H 5N1,CA,stpierre.monique@icloud.example,+1-450-555-0144,CTR-1000101638,auto,2022-05-10,2027-06-07,actif,1138.99,annuelle,virement,AG-PR-003,2022-04-22,2025-07-20,2025-12-16,40069.93,fermé
principal,CLI-00101695,Mme,Rosalie,Morin,1959-03-21,F,fr,9417,montée,des Champs,Sud,420,Victoriaville,QC,Québec,G6P 0Z2,CA,rosalie_morin@outlook.example,+1-873-555-0173,CTR-1000101695,habitation,2024-10-05,2027-06-29,actif,1632.99,mensuelle,carte,AG-PR-002,2024-09-23,2024-12-07,,,
principal,CLI-00101895,M.,Pierre-Luc,Lévesque,1961-03-15,M,fr,658,avenue,du Ruisseau,,,Lévis,QC,Québec,G6V 2S2,CA,plevesque@videotron.example,+1-514-555-0123,CTR-1000101895,auto,2016-10-26,2027-03-30,actif,743.08,mensuelle,prélèvement,AG-PR-004,2016-10-25,2018-09-15,,,
principal,CLI-00101897,Mme,Véronique,Bélanger,1962-01-15,F,fr,5399,rang,des Sapins,,,Terrebonne,QC,Québec,J6X 9Z6,CA,veronique-belanger@gmail.example,+1-819-555-0142,CTR-1000101897,voyage,2026-05-02,2027-08-28,actif,117.29,mensuelle,carte,AG-PR-001,2026-04-19,2026-09-06,,,
principal,CLI-00102104,M.,Jacques,Chen,1940-08-28,M,fr,253,rue,des Trois-Lacs,,,Ottawa,ON,Ontario,K1A 2R2,CA,jac0240@hotmail.example,+1-807-555-0157,CTR-1000102104,habitation,2026-01-10,2026-11-03,actif,1179.60,trimestrielle,prélèvement,AG-PR-003,2025-12-15,2026-09-14,,,
principal,CLI-00102221,M.,Alain,Caron,1964-08-04,M,fr,6757,avenue,des Bouleaux,,,Québec,QC,Québec,G1V 3X4,CA,alain43@gmail.example,+1-438-555-0128,CTR-1000102221,habitation,2023-09-15,2026-12-13,actif,1853.88,mensuelle,prélèvement,AG-PR-005,2023-09-04,2026-06-19,,,
principal,CLI-00102420,M.,André,Leclerc,1968-11-29,M,fr,5912,boulevard,de l'Aube,,493,Montréal,QC,Québec,H1A 6M1,CA,andre_leclerc@yahoo.example,+1-438-555-0179,CTR-1000102420,habitation,2024-05-09,2027-04-04,actif,913.94,trimestrielle,virement,AG-PR-005,2024-05-04,2024-10-13,2025-09-06,60373.32,ouvert
principal,CLI-00102621,M.,Jean,Gagnon,1950-08-05,M,fr,3181,chemin,des Cascades,,894,Brossard,QC,Québec,J4W 0N7,CA,gagnon5073@outlook.example,+1-514-555-0129,CTR-1000102621,voyage,2023-06-07,,actif,213.59,annuelle,virement,AG-PR-008,2023-06-02,2024-01-16,,,
principal,CLI-00103032,Mme,Lucie,Morin,2000-12-20,F,fr,9972,chemin,des Pionniers,Nord,638,Saint-Jérôme,QC,Québec,J7Y 1B1,CA,lm19@gmail.example,+1-438-555-0100,CTR-1000103032,voyage,2025-03-31,,actif,399.99,mensuelle,carte,AG-PR-002,2025-03-16,2025-12-18,,,
principal,CLI-00103087,M.,Rémi,Wang,2002-01-04,M,fr,752,rang,des Épinettes,,,Vaudreuil-Dorion,QC,Québec,J7T 7V1,CA,remi56@gmail.example,+1-450-555-0170,CTR-1000103087,vie,2025-07-24,,actif,2834.92,annuelle,prélèvement,AG-PR-007,2025-07-03,2025-11-12,,,
principal,CLI-00103169,M.,Michel,Morin,1994-12-01,M,fr,4185,rue,des Trois-Lacs,Nord,,Alma,QC,Québec,G8B 9M2,CA,michel-morin@outlook.example,+1-418-555-0183,CTR-1000103169,voyage,2024-07-25,2026-11-25,actif,281.57,mensuelle,prélèvement,AG-PR-001,2024-07-08,2024-08-15,,,
principal,CLI-00103180,M.,Marc,Boucher,1946-06-29,M,fr,5567,montée,de l'Aube,Nord,425,Trois-Rivières,QC,Québec,G9A 9P5,CA,marc7816@yahoo.example,+1-438-555-0189,CTR-1000103180,auto,2020-05-22,2025-09-07,expiré,657.25,mensuelle,prélèvement,AG-PR-002,2020-05-13,2026-01-21,,,
principal,CLI-00103753,Mme,Camille,Ouellet,1954-10-05,F,fr,4239,promenade,des Geais-Bleus,,,Toronto,ON,Ontario,M6G 9A5,CA,camille2434@yahoo.example,+1-705-555-0183,CTR-1000103753,auto,2016-11-23,2027-03-22,actif,1016.68,mensuelle,carte,AG-PR-006,2016-10-29,2022-05-08,,,
principal,CLI-00103816,M.,Jacques,Simard,1958-03-17,M,fr,457,montée,des Érables,,,Saint-Jérôme,QC,Québec,J7Z 6L0,CA,simard.jacques@outlook.example,+1-450-555-0101,CTR-1000103816,habitation,2020-04-18,2027-02-15,actif,532.53,mensuelle,prélèvement,AG-PR-001,2020-03-20,2023-08-17,,,
principal,CLI-00104173,M.,Martin,Lavoie,1946-08-21,M,fr,4594,avenue,des Ormes,,,Montréal,QC,Québec,H2X 9P7,CA,martin.lavoie@yahoo.example,+1-418-555-0108,CTR-1000104173,voyage,2018-10-04,2027-08-15,actif,538.51,mensuelle,prélèvement,AG-PR-001,2018-09-29,2019-09-04,,,
principal,CLI-00104417,Mme,Violet,Johnson,2004-10-18,F,en,604,Lane,Pine,,,Fredericton,NB,Nouveau-Brunswick,E3B 4W7,CA,vjohnson@hotmail.example,+1-428-555-0168,CTR-1000104417,auto,2023-07-31,2027-07-06,actif,1337.79,semestrielle,prélèvement,AG-PR-004,2023-07-17,2024-05-04,,,
principal,CLI-00104764,Mme,Anne,Li,1952-10-29,F,fr,981,route,des Trilliums,,705,Sept-Îles,QC,Québec,G4R 3X5,CA,anneli@hotmail.example,+1-438-555-0134,CTR-1000104764,habitation,2025-05-16,,suspendu,1099.98,annuelle,prélèvement,AG-PR-001,2025-05-02,2025-07-31,,,
principal,CLI-00105022,Mme,Rosalie,Garcia,1988-07-31,F,fr,9564,montée,des Cèdres,,492,Montréal,QC,Québec,H2X 1G8,CA,ros9158@hotmail.example,+1-418-555-0176,CTR-1000105022,habitation,2025-01-29,2027-01-01,actif,725.31,mensuelle,prélèvement,AG-PR-005,2025-01-05,2025-05-14,,,
principal,CLI-00105128,Mme,Anne,Parent,1958-11-13,F,fr,8214,rue,de la Colline,,,Sept-Îles,QC,Québec,G4S 0K8,CA,anne_parent@outlook.example,+1-819-555-0133,CTR-1000105128,vie,2018-03-17,2026-11-10,actif,1594.41,mensuelle,prélèvement,AG-PR-002,2018-02-23,2022-08-18,2018-12-14,179995.88,fermé
principal,CLI-00105337,Mme,Amélie,Lavoie,1963-09-04,F,fr,1164,rue,des Mélèzes,,,Beloeil,QC,Québec,J3G 2M1,CA,lavoie58@hotmail.example,+1-581-555-0100,,habitation,2020-11-01,,actif,1706.85,mensuelle,prélèvement,AG-PR-005,2020-10-15,2025-08-27,,,
principal,CLI-00105342,Mme,Ava,Hall,1964-01-14,F,en,4829,Drive,Church,,,Victoria,BC,Colombie-Britannique,V8V 9P4,CA,ava.hall@hotmail.example,+1-250-555-0193,CTR-1000105342,habitation,2024-05-22,2026-03-16,expiré,1403.46,trimestrielle,prélèvement,AG-PR-004,2024-05-14,2026-03-21,,,
principal,CLI-00105460,Mme,Béatrice,Lavoie,1952-10-06,F,fr,5804,route,du Cap,,,Saint-Jérôme,QC,Québec,J7Y 1G4,CA,lavoie.beatrice@gmail.example,+1-450-555-0198,CTR-1000105460,voyage,2022-06-26,2027-05-24,actif,194.14,mensuelle,prélèvement,AG-PR-001,2022-06-22,2024-12-06,2025-05-14,5341.35,fermé
principal,CLI-00105508,M.,Pierre-Luc,Poirier,1951-02-14,M,fr,5176,impasse,de la Vallée,,,Drummondville,QC,Québec,J2E 6C9,CA,pierreluc_poirier@gmail.example,+1-450-555-0161,CTR-1000105508,auto,2021-09-04,2027-07-04,actif,748.91,mensuelle,prélèvement,AG-PR-005,2021-08-05,2025-06-02,,,
principal,CLI-00106257,M.,Xavier,Lopez,1959-07-12,M,fr,5076,rue,des Cèdres,Ouest,216,Saint-Jean-sur-Richelieu,QC,Quebec,J3A 0K5,CA,xlopez@icloud.example,+1-581-555-0147,CTR-1000106257,habitation,2026-01-21,2027-01-21,actif,524.06,trimestrielle,prélèvement,AG-PR-002,2026-01-04,2026-08-21,,,
principal,CLI-00106360,M.,Samuel,Tremblay,1964-03-08,M,fr,2519,route,des Chênes,,642,Val-d'Or,QC,Québec,J9P 7S3,CA,sam62@bell.example,+1-514-555-0164,CTR-1000106360,auto,2019-03-28,,actif,982.97,trimestrielle,prélèvement,AG-PR-001,2019-03-16,2024-01-02,,,
principal,CLI-00106653,M.,Rémi,Ouellet,1998-08-05,M,fr,5329,rue,de la Colline,Nord,396,Sorel-Tracy,QC,Québec,J3R 6A3,CA,ouellet6472@outlook.example,+1-450-555-0185,CTR-1000106653,voyage,2023-10-28,2027-03-31,actif,252.75,mensuelle,prélèvement,AG-PR-007,2023-10-13,2026-04-16,,,
principal,CLI-00106844,Mme,Nicole,Caron,1945-12-04,F,fr,7450,montée,des Érables,,,Longueuil,QC,Québec,J4H 5G6,CA,caron.nicole@gmail.example,+1-418-555-0197,CTR-1000106844,vie,2019-08-23,,actif,1814.26,trimestrielle,carte,AG-PR-004,2019-08-08,2023-05-02,,,
principal,CLI-00106965,Mme,Marie,Hébert,1951-09-07,F,fr,4769,promenade,de la Pinède,Sud,,Montréal,QC,Québec,H3G 1K6,CA,marie.hebert@hotmail.example,+1-367-555-0158,CTR-1000106965,habitation,2017-10-09,2026-11-13,actif,1132.14,mensuelle,prélèvement,AG-PR-008,2017-09-24,2021-12-17,,,
principal,CLI-00107126,M.,,Fortin,1981-06-13,M,fr,9363,chemin,des Hirondelles,Nord,958,Mascouche,AB,Alberta,J7K 7B4,CA,seb7586@gmail.example,+1-418-555-0102,CTR-1000107126,vie,2027-06-13,2017-06-30,actif,2060.11,trimestrielle,prélèvement,AG-PR-001,2017-06-12,2019-05-17,,,
principal,CLI-00107146,Mme,Émilie,Beaulieu,1975-11-10,F,fr,8498,boulevard,de la Clairière,,545,Salaberry-de-Valleyfield,QC,Québec,J6S 4X9,CA,emilie.beaulieu@videotron.example,+1-418-555-0171,CTR-1000107146,voyage,2017-06-30,,actif,443.06,mensuelle,carte,AG-PR-007,2017-06-13,2017-08-11,,,
principal,CLI-00107336,M.,Marc-André,Bergeron,1970-11-07,M,fr,1444,avenue,du Lac,,696,Laval,QC,Québec,H7N 6R0,CA,mb205@hotmail.example,+1-450-555-0100,CTR-1000107336,vie,2023-01-24,2027-05-29,actif,1947.22,annuelle,prélèvement,AG-PR-004,2023-01-15,2025-05-29,,,
principal,CLI-00107381,M.,William,King,1964-12-29,M,en,5206,Court,School,,959,Winnipeg,MB,Manitoba,R3T 2M2,CA,william_king@outlook.example,+1-431-555-0193,CTR-1000107381,habitation,2023-08-19,2027-08-21,suspendu,2181.83,mensuelle,carte,AG-PR-001,2023-07-31,2023-11-21,2024-06-20,,en_cours
principal,CLI-00107686,Mme,Penelope,Wright,1962-04-20,F,en,7540,Boulevard,Greenfield,,,Hamilton,ON,Ontario,L8S 8J1,CA,penelopewright@bell.example,+1-753-555-0134,CTR-1000107686,habitation,2024-06-30,2026-06-03,expiré,1200.17,annuelle,virement,AG-PR-006,2024-06-01,2026-05-02,,,
principal,CLI-00107908,M.,Thomas,Fournier,1956-01-05,M,fr,2051,route,des Érables,,,Drummondville,QC,Québec,J2C 8L4,CA,thomas793@outlook.example,+1-263-555-0151,CTR-1000107908,vie,2020-09-01,2027-04-28,actif,2470.78,mensuelle,carte,AG-PR-007,2020-08-17,2021-06-15,,,
principal,CLI-00107973,M.,Ezra,Mohammed,1980-01-17,M,en,281,Road,Oak,West,,Winnipeg,MB,Manitoba,R3T 8V5,CA,em19@yahoo.example,+1-584-555-0112,CTR-1000107973,vie,2017-09-13,2022-05-25,expiré,1163.33,trimestrielle,prélèvement,AG-PR-003,2017-09-13,2020-12-01,,,
principal,CLI-00107980,M.,Ethan,Khan,1985-01-18,M,en,1731,Drive,Harbour,,,Hamilton,on,Ontario,L8S 2V8,CA,khan.ethan@outlook.example,+1-807-555-0165,CTR-1000107980,voyage,2023-12-21,2026-12-22,actif,473.57,mensuelle,prélèvement,AG-PR-001,2023-11-29,2024-04-13,2025-10-26,28729.85,ouvert
principal,CLI-00107988,Mme,Caroline,Roy,1993-07-02,F,fr,2290,boulevard,du Rocher,,,Saguenay,QC,Québec,G7H 2G9,CA,cr736@icloud.example,+1-873-555-0166,CTR-1000107988,voyage,2020-12-29,2027-08-10,actif,221.38,mensuelle,prélèvement,AG-PR-001,2020-12-05,2023-07-02,,,
principal,CLI-00108144,M.,Nicolas,Lee,1989-01-03,M,fr,2312,place,des Frênes,Ouest,,Blainville,QC,Québec,J7B 7S4,CA,nicolas.lee@yahoo.example,+1-450-555-0161,CTR-1000108144,habitation,2026-07-20,2027-06-08,actif,714.80,mensuelle,prélèvement,AG-PR-007,2026-07-17,2026-07-18,,,
principal,CLI-0010840,Mme,Anne-Marie,Marquis,1968-04-08,F,fr,7993,route,des Peupliers,,775,Laval,QC,Québec,Y1A 9T8,CA,annemarie.marquis@yahoo.example,+1-581-555-0185,CTR-1000108407,auto,2023-04-09,2027-01-25,actif,1875.67,mensuelle,prélèvement,AG-PR-001,2023-03-22,2026-08-27,,,
principal,CLI-00108449,M.,Michel,White,1976-10-21,M,fr,4475,avenue,des Champs,,,Montréal,QC,Québec,H2X 3Y3,CA,michel607@outlook.example,+1-438-555-0129,CTR-1000108449,auto,2019-09-10,,actif,880.06,mensuelle,carte,AG-PR-001,2019-08-14,2026-08-29,2023-05-04,35223.34,ouvert
principal,CLI-00108628,M.,Julian,Gagné,1973-06-13,M,en,4334,Avenue,Oak,,486,Vancouver,BC,Colombie-Britannique,V6B 1C9,CA,gagne70@gmail.example,+1-604-555-0124,CTR-1000108628,voyage,2024-08-01,2027-01-08,actif,560.80,mensuelle,virement,AG-PR-003,2024-07-13,2025-05-02,,,
principal,CLI-00108692,Mme,Mélanie,Cormier,1984-10-25,F,fr,2080,avenue,des Sommets,Sud,,Québec,QC,Québec,G1V 2W8,CA,melanie-cormier@hotmail.example,+1-579-555-0199,CTR-1000108692,auto,2024-03-26,2027-05-16,suspendu,1706.46,mensuelle,prélèvement,AG-PR-005,2024-03-03,2024-08-23,,,
principal,CLI-00109296,M.,Gilles,Leclerc,1967-03-19,M,fr,7997,place,des Cascades,,221,Sherbrooke,QC,Québec,J1K 7J9,CA,gilles7635@yahoo.example,+1-438-555-0137,CTR-1000109296,habitation,2025-01-09,,actif,2452.79,mensuelle,prélèvement,AG-PR-008,2024-12-30,2026-02-03,,,
principal,CLI-00109327,M.,Éric,Paquette,1947-08-15,M,fr,7222,chemin,du Moulin,,,Sorel-Tracy,QC,Québec,J3R 9V3,CA,eri14@outlook.example,+1-819-555-0164,CTR-1000109327,habitation,2022-02-05,2027-05-06,actif,1199.22,mensuelle,virement,AG-PR-004,2022-01-15,2023-03-14,,,
principal,CLI-00109495,Mme,Véronique,Leclerc,1974-08-18,F,fr,7931,boulevard,du Boisé,,,Lavul,QC,Québec,H7N  7N2,CA,veronique.leclerc@videotron.example,+1-450-555-0163,CTR-1000109495,habitation,2016-11-19,,actif,1647.38,semestrielle,virement,AG-PR-008,2016-10-28,2016-12-17,,,
principal,CLI-00000760,M.,Thomas,Poirier,1946-10-20,M,fr,2605,rue,du Havre,,,Saguenay,QC,Québec,G7H 8R8,CA,tpoirier@outlook.example,+1-579-555-0145,CTR-1000109579,vie,2025-12-31,2026-04-02,expiré,3474.20,mensuelle,prélèvement,AG-PR-001,2025-12-23,2026-07-05,,,
principal,CLI-00109739,Mme,Marie,Wang,2005-12-12,F,fr,3024,boulevard,du Moulin,,551,Repentigny,QC,Québec,J6A 2T8,CA,mwang@outlook.example,+1  819-555-0139,CTR-1000109739,auto,2024-03-03,2024-11-12,expiré,644.84,mensuelle,prélèvement,AG-PR-002,2024-02-20,2024-10-27,,,
principal,CLI-00109757,Mme,Isabella,Stewart,1973-04-19,F,en,1152,Street,Birch,South,,Calgary,AB,Alberta,T2P 9K5,CA,is905@outlook.example,+1-587-555-0104,CTR-1000109757,vie,2018-05-17,2026-11-27,suspendu,3417.57,mensuelle,prélèvement,AG-PR-005,2018-05-11,2018-08-31,,,
principal,CLI-00109866,Mme,Christine,Gagnon,1991-03-01,F,fr,4043,avenue,de la Vallée,,258,Magog,QC,Québec,J1X 3E0,CA,christine.gagnon@outlook.example,+1-581-555-0108,CTR-1000109866,habitation,2017-04-26,,actif,3002.32,annuelle,virement,AG-PR-003,2017-04-19,2022-01-29,,,
principal,CLI-00110906,M.,Éric,Lévesque,2002-01-29,M,fr,5951,promenade,du Marché,,,Lévis,QC,Québec,G6W 9A4,CA,ericl@rogers.example,+1-450-555-0188,CTR-1000110906,auto,2026-02-28,2027-06-05,actif,394.72,annuelle,virement,AG-PR-005,2026-02-27,2026-08-26,,,
principal,CLI-00111169,Mme,Amelia,Taylor,1950-11-12,F,en,3846,Lane,Stonebridge,North,,Brossard,QC,Québec,J4Y  9E7,CA,ame2823@outlook.example,+1-581-555-0166,CTR-1000111169,voyage,2023-08-07,2027-05-04,actif,464.26,annuelle,prelevement,AG-PR-002,2023-07-08,2024-12-07,,,
principal,CLI-00111355,Mme,Ameelia,Adams,2002-07-22,F,en,5921,Circle,Riverside,,46,Montréal,QC,Québec,H3G 1S8,CA,amelia95@proton.example,+1-579-555-0123,CTR-1000111355,auto,2021-10-30,2026-12-29,actif,766.58,mensuelle,prélèvement,AG-PR-004,2021-10-21,2026-05-02,,,
principal,CLI-00111364,M.,Denis,O'Connor,1945-12-30,M,fr,8171,chemin,du Parc,Est,,Moncton,NB,Nouveau-Brunswick,E1C 3B2,CA,denisoconnor@gmail.example,+1-506-555-0131,CTR-1000111364,habitation,2026-06-24,,actif,1261.21,mensuelle,prélèvement,AG-PR-004,2026-06-12,2026-06-29,,,
principal,CLI-00111573,M.,Xavier,Girard,1946-06-23,M,fr,6948,route,du Ruisseau,,,Terrebonne,QC,Québec,J6W 2Z4,CA,girard.xavier@gmail.example,+1-514-555-0172,CTR-1000111573,vie,2021-08-27,2027-07-24,actif,2042.45,trimestrielle,prélèvement,AG-PR-007,2021-08-16,2025-06-23,,,
principal,CLI-00111629,M.,Alain,Fortin,1963-05-14,M,fr,1299,chemin,des Prairies,Ouest,,Rimouski,QC,Québec,G5L 1G8,CA,alain.fortin@outlook.example,+1-418-555-0138,CTR-1000111629,habitation,2026-08-15,2026-09-08,résilié,1132.09,annuelle,chèque,AG-PR-003,2026-07-21,2026-08-25,,,
principal,CLI-00111631,M.,Sébastien,Gauthier,1972-12-20,M,fr,4148,croissant,des Prairies,Nord,,Vaudreuil-Dorion,QC,Québec,J7T 2X7,CA,sebastien.gauthier@yahoo.example,+1-581-555-0105,CTR-1000111631,auto,2025-03-15,2027-08-16,actif,576.70,mensuelle,prélèvement,AG-PR-002,2025-02-20,2026-08-20,,,
principal,CLI-00111978,Mme,Elizabeth,White,1957-08-11,F,en,5167,Crescent,Meeadow,,,Calgary,AB,Alberta,T2P 0H3,CA,eli7610@gmail.example,+1-825-555-0187,CTR-1000111978,auto,2022-04-08,2027-04-09,actif,859.66,mensuelle,prélèvement,AG-PR-005,2022-03-14,2026-09-10,,,
principal,CLI-00111999,Mme,Louise,Poirier,1999-09-30,F,fr,4135,avenue,des Prairies,,,Longueuil,QC,Québec,J4K 6K3,CA,poirier063@outlook.example,+1-514-555-0123,CTR-1000111999,auto,2020-08-31,2027-08-17,actif,907.93,mensuelle,prélèvement,AG-PR-002,2020-08-22,2021-08-05,,,
principal,CLI-00112631,Mme,Anne,Carter,1948-03-25,F,fr,4324,place,du Belvédère,,,Montréal,QC,Québec,H1A 0M7,CA,anne08@yahoo.example,+1-450-555-0176,CTR-1000112631,habitation,2021-12-09,,actif,1742.26,mensuelle,prélèvement,AG-PR-001,2021-11-12,2024-11-07,,,
principal,CLI-00113179,M.,Rémi,Bergeron,1941-12-14,M,fr,793,boulevard,du Plateau,,799,Laval,QC,Québec,H7W 8T1,CA,remib@videotron.example,+1-514-555-0188,CTR-1000113179,vie,2019-05-13,2026-11-01,actif,2956.13,mensuelle,prélèvement,AG-PR-002,2019-04-24,2020-05-17,,,
principal,CLI-00113348,M.,Sebastian,Adams,1983-06-30,M,en,1377,Road,Meadow,,28,Québec,QC,Québec,G1R 7M8,CA,sebastian_adams@hotmail.example,+1-581-555-0103,CTR-1000113348,auto,2022-03-18,2026-11-25,actif,1209.29,annuelle,virement,AG-PR-008,2022-03-15,2026-03-09,2024-07-21,9001.26,fermé
principal,CLI-00113445,Mme,Julie,Wright,1982-03-13,F,fr,7516,avenue,du Belvédère,,934,Victoriaville,QC,Québec,G6P 9Z2,CA,julie.wright@gmail.example,+1-873-555-0102,CTR-1000113445,auto,2026-01-23,2026-10-16,actif,2228.42,mensuelle,carte,AG-PR-003,2026-01-03,2026-04-25,,,
principal,CLI--00113511,Mme,Sophia,Mitchell,1952-01-19,F,en,6119,Crescent,Highland,,904,London,ON,Ontario,N6A 8W8,CA,sophia50@g mail.example,+1-437-555-0197,CTR-1000113511,voyage,2017-04-17,2018-02-18,résilié,153.06,mensuelle,carte,AG-PR-006,2017-03-29,2020-04-24,,,
principal,CLI-00113895,M.,Éric,Lévesque,1991-03-22,M,fr,2732,allée,du Plateau,,275,Saint-Jean-sur-Richelieu,AB,Alberta,J3B 9B2,CA,levesque89@proton.example,+1-819-555-0134,CTR-1000113895,habitation,2021-12-28,2026-12-05,suspendu,997.09,semestrielle,prélèvement,AG-PR-006,2021-12-24,2024-04-28,,,
principal,CLI-00114005,Mme,Nathalie,Gauthier,1953-08-09,F,fr,2342,avenue,des Champs,,650,Ottawa,ON,Ontario,K1A 1N8,CA,nathalie4874@yahoo.example,+1-905-555-0185,CTR-1000114005,auto,2021-08-23,,actif,582.82,annuelle,carte,AG-PR-007,2021-08-05,2022-09-08,,,
principal,CLI-00114011,Mme,Lily,Wilson,1975-07-11,F,en,5789,Drive,Rockyview,,,Ottawa,ON,Ontario,K2P 2V6,CA,lilywilson@proton.example,+1-647-555-0193,CTR-1000114011,voyage,2017-03-20,2027-04-08,actif,176.99,annuelle,virement,AG-PR-001,2017-02-22,2022-03-22,,,
principal,CLI-00114206,Mme,Louise,Renaud,1981-01-24,F,fr,5839,avenue,du Ruisseau,,831,Laval,QC,Québec,H7W 7B7,CA,lou3035@outlook.example,+1-438-555-0160,CTR-1000114206,auto,2020-10-10,,actif,988.49,mensuelle,prélèvement,AG-PR-008,2020-09-17,2023-12-22,,,
principal,CLI-00114241,Mme,Mélanie,Desjardins,1944-07-03,F,fr,308,boulevard,du Marché,Sud,,Terrebonne,QC,Québec,J6W 0Z8,CA,mel3176@gmail.example,+1-263-555-0194,CTR-1000114241,habitation,2017-01-23,2027-09-08,actif,906.65,annuelle,carte,AG-PR-007,2017-01-09,2020-01-06,,,
principal,CLI-00114605,M.,Alain,Boucher,1966-05-01,M,fr,1975,route,des Épinettes,,,Longueuil,QC,Québec,J4H 5M7,CA,alain4439@gmail.example,+1-438-555-0164,CTR-1000114605,voyage,2019-06-21,2027-04-26,actif,368.74,mensuelle,prélèvement,AG-PR-005,2019-05-29,2021-02-09,,,
principal,CLI-00115318,M.,Mateo,Baker,2004-05-20,M,en,9081,Court,Orchard,,,Moncton,NB,Nouveau-Brunswick,E1A 7C5,CA,mat35@yahoo.example,+1-506-555-0162,CTR-1000115318,voyage,2023-07-19,2027-06-11,actif,498.40,mensuelle,prélèvement,AG-PR-001,2023-07-02,2024-05-31,,,
principal,CLI-00115415,Mme,Louise,Ouellet,1961-12-19,F,fr,4325,rue,des Champs,,687,Québec,QC,Québec,G1V 0C8,CA,lou5854@gmail.example,+1-514-555-0144,CTR-1000115415,auto,2020-02-05,2027-06-30,actif,1837.36,mensuelle,prélèvement,AG-PR-003,2020-01-11,2022-12-08,,,
principal,CLI-00115692,M.,Liam,Mohammed,2003-08-02,M,en,8272,Avenue,School,,,Calgary,AB,Alberta,T2P 1G1,CA,liam.mohammed@icloud.example,+1-780-555-0170,CTR-1000115692,voyage,2026-07-02,2026-09-05,expiré,112.20,mensuelle,carte,AG-PR-008,2026-06-16,2026-09-05,,,
principal,CLI-00116165,Mme,Florence,Beaulieu,1994-11-05,F,fr,7117,chemin,des Lilas,,,DDrummondville,BC,Colombie-Britannique,J2B 3G1,ca,florence_beaulieu@videotron.example,+1-438-555-0138,CTR-1000116165,habitation,2022-01-31,2025-11-10,expiré,725.62,mensuelle,virement,AG-PR-003,2022-01-21,2024-08-14,,,
principal,CLI-00116200,M.,Martin,Lefebvre,1990-01-11,M,fr,2807,rue,du Lac,Sud,,Granby,QC,Québec,J2G 9C5,CA,martin.lefebvre@outlook.example,+1-418-555-0132,CTR-1000116200,voyage,2022-08-07,,actif,237.61,mensuelle,carte,AG-PR-008,2022-07-10,2022-10-30,2024-01-22,11925.90,fermé
principal,CLI-00116234,Mme,Sylvie,Pelletier,1952-11-27,F,fr,7626,boulevard,des Vents,,130,Mirabel,QC,Québec,J7N 7T0,CA,sylvie.pelletier@rogers.example,+1-581-555-0176,CTR-1000116234,auto,2020-02-16,,actif,446.11,mensuelle,prélèvement,AG-PR-003,2020-01-24,2024-07-30,,,
principal,CLI-00116853,M.,Nicolas,Park,1972-03-28,M,fr,4908,rue,des Deux-Rivières,,827,Québec,QC,Québec,G1V 8N6,CA,nicolas.park@hotmail.example,+1-514-555-0149,CTR-1000116853,habitation,2018-05-16,,actif,1732.92,mensuelle,virement,AG-PR-007,2018-05-02,2020-11-15,2025-10-07,0.00,fermé
principal,CLI-00117237,M.,Louis-Philippe,Gauthier,1995-11-04,M,fr,9964,boulevard,du Boisé,,,Rimouski,QC,Québec,G5M 0M5,CA,lou00@yahoo.example,+1-418-555-0148,CTR-1000117237,auto,2019-07-27,2027-01-14,actif,2078.65,mensuelle,prélèvement,AG-PR-001,2019-07-26,2021-11-24,2026-02-13,,ouvert
principal,CLI-00117320,Mme,Suzanne,Garcia,1972-10-16,F,fr,7189,boulevard,des Sommets,Nord,,Laval,QC,Québec,H7W 6P6,CA,suzanne.garcia@outlook.example,+1-468-555-0183,CTR-1000117320,auto,2016-12-15,2027-05-25,actif,1807.79,annuelle,prélèvement,AG-PR-004,2016-11-25,2018-10-03,2018-10-19,15855.02,en_cours
principal,CLI-00117387,Mme,Elizabeth,Lewis,1940-11-16,F,en,3528,Lane,Northgate,,,Brossard,QC,Québec,J4X 1P4,CA,lewis85@gmail.example,+1-514-555-0199,CTR-1000117387,voyage,2018-08-17,2027-05-16,actif,392.76,mensuelle,virement,AG-PR-001,2018-07-23,2025-02-17,2019-10-18,,en_cours
principal,CLI-00117508,M.,Antoine,Côté,2008-04-19,M,fr,3740,route,des Laurentides,,941,Baie-Comeau,QC,Québec,G5C 7E0,CA,cote16@outlook.example,+1-450-555-0110,CTR-1000117508,auto,2026-06-28,,suspendu,667.92,annuelle,prélèvement,AG-PR-007,2026-06-07,2026-06-25,2026-07-18,31108.01,fermé
principal,CLI-00117529,M.,Jack,Collins,1969-05-07,M,en,1144,Way,Cedar,,,Saint-Hyacinthe,QC,Québec,J2T 6Z3,CA,jac0894@gmail.example,+1-514-555-0111,CTR-1000117529,auto,2024-05-09,2027-05-13,actif,1025.04,mensuelle,carte,AG-PR-005,2024-04-16,2025-12-08,,,
principal,CLI-00117844,Mme,Nicole,Rahman,1990-11-06,F,fr,6079,rue,des Laurentides,,84,Gatineau,QC,Québec,J8Y 4X0,CA,nic912@hotmail.example,+1-438-555-0101,CTR-1000117844,auto,2018-03-24,,actif,1091.42,mensuelle,prélèvement,AG-PR-001,2018-02-24,2026-06-05,,,
principal,CLI-00117867,Mme,Avery,Lavoie,1998-08-23,F,en,3637,Avenue,Maple,,494,Toronto,ON,Ontario,M4W 9G9,CA,avery.lavoie@outlook.example,+1-705-555-0194,CTR-1000117867,habitation,2019-11-12,2027-08-08,actif,1891.41,mensuelle,carte,AG-PR-003,2019-11-08,2025-05-28,2025-05-19,19513.98,fermé
principal,CLI-00119225,M.,Pierre,Lavoie,1966-05-30,M,fr,3451,rue,du Moulin,,348,Gatineau,QC,Québec,J9A 4S8,CA,lavoie.pierre@gmail.example,+1-514-555-0156,CTR-1000119225,auto,2021-09-18,2027-09-09,suspendu,827.11,mensuelle,carte,AG-PR-005,2021-08-26,2025-06-19,,,
principal,CLI-00119866,M.,Serge,Bouchard,1951-10-10,M,fr,7019,rue,de la Clairière,,,Alma,QC,Québec,G8C 7V2,CA,serge47@outlook.example,+1-450-555-0193,CTR-1000119866,vie,2020-05-12,2026-12-21,actif,4453.15,mensuelle,prélèvement,AG-PR-001,2020-04-17,2021-01-02,,,
principal,CLI-00119890,M.,Sylvain,Girard,1940-01-14,M,fr,9400,montée,de l'Anse,,,Shawinigan,QC,Québec,G9N 0W6,CA,sylvain.girard@outlook.example,+1-873-555-0152,CTR-1000119890,habitation,2016-09-30,2027-07-24,actif,1463.57,mensuelle,prélèvement,AG-PR-002,2016-09-08,2022-12-26,2019-04-03,117662.28,fermé
principal,CLI-00120072,Mme,Nathalie,Gagnon,1947-12-17,F,fr,4215,promenade,des Geais-Bleus,Nord,414,Québec,QC,Québec,G1R 5C3,CA,nathalie0966@hotmail.example,+1-438-555-0136,CTR-1000120072,auto,2026-09-15,2026-11-23,actif,1122.41,semestrielle,carte,AG-PR-007,2026-08-19,2026-08-22,,,
principal,CLI-00120111,M.,Michel,Turcotte,1982-03-28,M,fr,7287,place,de la Pinède,,,Lévis,QC,Québec,G6W 5B2,CA,michel70@gmail.example,+1-581-555-0110,CTR-1000120111,auto,2020-08-03,2023-09-04,résilié,-1636.84,mensuelle,prélèvement,AG-PR-003,2020-07-14,2021-02-06,,,
principal,CLI-00120269,Mme,France,Côté,1985-01-13,F,fr,2996,avenue,des Mélèzes,,,Québec,QC,Québec,G2B 7S1,CA,france9900@hotmail.example,+1-579-555-0167,CTR-1000120269,habitation,2024-06-25,2027-07-17,actif,515.76,mensuelle,prélèvement,AG-PR-007,2024-05-30,2026-01-24,,,
principal,CLI-00120634,Mme,Marie-Ève,Côté,1978-05-31,F,fr,2909,rue,des Érables,,,Rimouski,QC,Québec,G5M 7R9,CA,cote.marieeve@icloud.example,+1-819-555-0194,CTR-1000120634,habitation,2021-10-04,2027-08-18,actif,1959.60,mensuelle,prélèvement,AG-PR-001,2021-09-09,2023-09-15,,,
principal,CLI-00120779,Mme,Véronique,Proulx,1939-11-09,F,fr,5592,boulevard,de l'Anse,,,Repentigny,QC,Québec,J6A 0Y2,CA,vproulx@gmail.example,+1-819-555-0117,CTR-1000120779,voyage,2019-07-22,2027-06-27,actif,262.55,mensuelle,carte,AG-PR-002,2019-07-09,2025-04-22,,,
principal,CLI-00121077,Mme,Geneviève,Marquis,1978-11-14,F,fr,8446,avenue,des Peupliers,,,Saguenay,QC,Québec,G7H 4J9,CA,marquis.genevieve@gmail.example,+1-873-555-0120,CTR-1000121077,habitation,2025-07-07,2027-06-26,actif,1615.93,trimestrielle,prélèvement,AG-PR-006,2025-06-12,2026-06-16,,,
principal,CLI-00121578,Mme,Émilie,Landry,1939-03-25,F,fr,6067,avenue,des Hirondelles,,,Lévis,QC,Québec,G6W 4V2,CA,emilie155@proton.example,+1-819-555-0187,CTR-1000121578,auto,2026-04-09,2027-09-12,actif,1901.92,mensuelle,prélèvement,AG-PR-001,2026-03-19,2026-05-15,,,
principal,CLI-00121658,Mme,Véronique,Gauthier,2026-13-40,F,fr,2639,boulevard,du Domaine,,403,Saint-Jean-sur-Richelieu,qc,Quebec,J3A 6T1,CA,veronique7157@outlook.example,+1-438-555-0166,CTR-1000121658,auto,2019-05-05,2023-04-06,résilié,526.71,mensuelle,prélèvement,AG-PR-007,2019-04-18,2024-11-01,,,
principal,CLI-00121778,M.,Véronique,aSvard,1969-09-28,M,fr,985,avenue,du Ruisseau,,,Saint-Hyacinthe,QC,Québec,J2S 6B8,CA,veroniquesavard@hotmail.example,+1-819-555-0172,CTR-1000121778,auto,2021-08-01,2027-07-04,suspendu,1751.75,annuelle,prélèvement,AG-PR-001,2021-07-08,2025-07-20,2026-09-09,12678.53,fermé
principal,CLI-00121830,M.,Louuis,Turcotte,1955-06-08,M,fr,9825,avenue,des Mélèzes,,,Quuébec,QC,Québec,G1V 9M7,CA,louis3525@yahoo.example,+1-514-555-0185,CTR-1000121830,habitation,2022-08-17,,suspendu,1432.01,trimestrielle,prélèvement,AG-PR-005,2022-07-26,2026-13-40,,,
principal,CLI-00121845,Mme,Valérie,Li,2007-08-06,F,fr,8446,côte,des Pins,,553,Sherbrooke,QC,Québec,J1H 7V7,CA,valerie.li@yahoo.example,+1-354-555-0114,CTR-1000121845,auto,2027-05-21,2026-01-10,actif,969.16,mensuelle,carte,AG-PR-001,2025-12-13,2026-06-19,,,
principal,CLI-00121850,M.,Pierre,Plante,2003-07-28,M,fr,1066,croissant,des Vents,,,Gatineau,ON,Ontario,J9A 1X6,CA,pierreplante@hotmail.example,+1-450-555-0127,CTR-1000121850,auto,2024-08-11,2025-09-30,expiré,1186.67,mensuelle,carte,AG-PR-001,2024-07-15,2024-10-19,,,
principal,CLI-00122277,M.,Benjamin,Wilson,1941-05-23,M,en,2239,Avenue,Garden,West,,Brampton,ON,Ontario,L6Y 4T9,ca,wilson478@gmail.example,+1-343-555-0119,CTR-1000122277,habitation,2023-07-30,2026-12-08,actif_X,1541.20,mensuelle,carte,AG-PR-002,2023-07-13,2024-06-28,,,
principal,CLI-00122341,Mme,Émilie,Gaut  hier,1974-03-17,F,fr,492,rue,du Havre,,263,Trois-Rivières,QC,Québec,G8Z 7E8,CA,emiliegauthier@proton.example,+1-450-555-0117,CTR-1000122341,auto,2017-06-09,2027-07-25,actif,195.77,mensuelle,prélèvement,AG-PR-001,2017-05-16,2022-03-23,2026-03-15,,ouvert
principal,CLI-00122942,Mme,Isabelle,Chen,1992-12-12,F,fr,6551,route,des Mélèzes,,417,Repentigny,QC,Québec,J5Y 6T4,CA,isabelle.chen@outlook.example,+1-438-555-0169,CTR-1000122942,habitation,2018-12-06,2027-06-15,actif,2737.28,mensuelle,prélèvement,AG-PR-005,2018-11-10,2019-03-01,,,
principal,CLI-00123029,Mme,Isabelle,Clark,1948-02-28,F,fr,5564,avenue,du Lac,Est,,Trois-Rivières,QC,Québec,G9A 3P5,CA,isabelle.clark@icloud.example,+1-438-555-0121,CTR-1000123029,habitation,2017-01-04,2024-09-07,résilié,933.08,mensuelle,prélèvement,AG-PR-001,2016-12-19,2023-11-15,,,
principal,CLI-00123153,M.,François,Gagné,1995-09-17,M,fr,2023,promenade,de la Rivière,,223,Québec,QC,Québec,G1V 4H2,CA,fra91@gmail.example,+1-514-555-0132,CTR-1000123153,auto,2017-12-04,2027-06-10,actif,1332.97,annuelle,prélèvement,AG-PR-001,2017-11-09,2019-05-21,,,
principal,CLI-00123171,Mme,Sofia,Johnson,1985-09-03,F,en,2835,Avenue,Lakeview,,,St. John's,NL,Terre-Neuve-et-Labrador,A1A 0B1,CA,sofia.johnson@outlook.example,+1-709-555-0199,CTR-1000123171,voyage,2020-06-10,2022-08-17,expiré,173.23,mensuelle,carte,AG-PR-002,2020-06-09,2022-08-12,2020-09-06,,en_cours
principal,CLI-00123290,M.,Nathan,Gauthier,1979-06-07,M,fr,9586,avenue,des Mélèzes,Sud,,Montréal,QC,Québec,H1A 6P2,CA,nathan_gauthier@outlook.example,+1-873-555-0134,CTR-1000123290,habitation,2020-08-30,2027-01-28,actif,2311.22,trimestrielle,carte,AG-PR-001,2020-08-24,2025-09-03,,,
principal,CLI-00123301,Mme,Sylvie,Lavoie,1952-08-11,F,fr,8762,avenue,du Plateau,,,Montréal,QC,Québec,H3G 0H4,CA,syl56@videotron.example,+1-438-555-0146,CTR-1000123301,auto,2022-05-01,2025-06-15,résilié,1193.84,mensuelle,prélèvement,AG-PR-007,2022-04-13,2025-03-11,,,
principal,CLI-00123428,Mme,Hazel,Adams,1992-04-02,F,en,9925,Avenue,Orchard,,,Drummondville,QC,Québec,J2E 3K5,CA,haz6758@outlook.example,+1-581-555-0189,CTR-1000123428,habitation,2017-08-18,2027-03-23,actif,2165.64,annuelle,prélèvement,AG-PR-002,2017-07-30,2022-06-23,,,
principal,CLI-00123523,M.,Mathieu,Bélanger,1939-10-18,M,fr,2397,boulevard,des Épinettes,,,Québec,QC,Québec,G1V 0G4,CA,belanger.mathieu@yahoo.example,+1-514-555-0163,CTR-1000123523,habitation,2021-11-01,2027-03-09,actif,1348.82,trimestrielle,virement,AG-PR-005,2021-10-13,2022-08-29,2022-03-26,16229.32,fermé
principal,CLI-00123922,M.,Patrick,Pelletier,1975-02-19,M,fr,2867,rue,des Jardins,,,Montréal,QC,Québec,H1A 5C1,CA,patrick4353@gmail.example,+1-873-555-0110,CTR-1000123922,habitation,2021-04-06,2027-07-26,actif,1429.91,mensuelle,prélèvement,AG-PR-002,2021-03-30,2021-11-27,,,
principal,CLI-00124088,M.,Samuel,Liu,1986-12-15,M,en,5619,Avenue,Lakeshore,,210,Calgary,AB,Alberta,T3A 9H8,CA,samuel.liu@yahoo.example,+1-780-555-0184,CTR-1000124088,voyage,2026-05-07,2026-12-04,actif,159.30,mensuelle,prélèvement,AG-PR-001,2026-05-04,2026-08-23,,,
principal,CLI-00124138,Mme,Élise,Morin,1983-01-29,F,fr,3536,rue,des Vents,Sud,,Trois-Rivières,QC,Québec,G9A 8X4,CA,morin.elise@videotron.example,+1-418-555-0195,CTR-1000124138,habitation,2025-08-08,2027-01-06,actif,564.21,mensuelle,carte,AG-PR-008,2025-07-13,2026-08-11,2026-02-03,63352.74,fermé
principal,CLI-00124140,M.,Liam,Turner,1981-11-21,M,en,11,Road,Maple,South,474,Saint-Jérôme,QC,Québec,J7Y 2V7,CA,liam425@hotmail.example,+1-514-555-0121,CTR-1000124140,auto,2019-10-04,2027-04-30,actif,497.57,mensuelle,virement,AG-PR-001,2019-09-04,2023-03-08,,,
principal,CLI-00124153,Mme,Charlotte,Parker,1980-09-30,F,en,8228,Boulevard,Foxglove,,,Calgary,AB,Alberta,T3A 8C6,CA,cha4156@outlook.example,+1-403-555-0175,CTR-1000124153,auto,2016-12-19,2027-05-19,suspendu,1346.94,mensuelle,carte,AG-PR-005,2016-11-22,2022-02-23,,,
principal,CLI-00124394,M.,Sebastian,Lewis,1954-01-13,M,en,5421,Avenue,Eastwood,,,Kelowna,BC,Colombie-Britannique,V1W 4B5,CA,sebastian_lewis@gmail.example,+1-604-555-0171,CTR-1000124394,auto,2025-08-25,2027-01-12,actif,770.89,mensuelle,prélèvement,AG-PR-002,2025-08-11,2026-07-18,,,
principal,CLI-00124480,Mme,Cathernie,Bouchard,1940-08-09,F,fr,9200,rue,du Lac,,,Saguenay,QC,Québec,G7H 8C0,CA,catherine367@hotmail.example,+1-450-555-0107,CTR-1000124480,habitation,2023-07-02,2027-02-14,actif,1412.62,mensuelle,prélèvement,AG-PR-006,2023-06-02,2025-08-02,,,
principal,CLI-00124674,Mme,Z  oé,Collins,1942-10-22,F,fr,985,avenue,du Havre,,445,Montréal,QC,Québec,H2X 7E0,CA,collins.zoe@outlook.example,+1-579-555-0194,CTR-1000124674,habitation,2019-12-12,2027-06-28,actif,1886.98,mensuelle,chèque,AG-PR-003,2019-11-28,2022-01-15,,,
principal,CLI-00124719,M.,Éric,Lavoie,,M,fr,6393,rue,des Geais-Bleus,Ouest,809,Shawinigan,QC,Québec,G9P 7E8,CA,eric.lavoie@proton.example,+1-450-555-0124,CTR-1000124719,auto,2026-03-28,2026-11-24,actif,841.53,mensuelle,prélèvement,AG-PR-002,2026-03-24,2026-05-13,,,
principal,CLI-00124823,M.,Hudson,Collins,1987-08-12,M,en,4647,Road,Parkside,,,Ottawa,ON,Ontario,K1P 8Y8,CA,hud2076@gmail.example,+1-519-555-0151,CTR-1000124823,voyage,2021-01-11,2026-10-29,actif,1141.70,mensuelle,carte,AG-PR-001,2020-12-21,2024-11-27,,,
principal,CLI-00124829,M.,Stéphane,St-Pierre,2003-07-01,M,fr,5047,rue,du Parc,Sud,,Montréal,QC,Québec,H3G 1T6,CA,stephanestpierre@outlook.example,+1-514-555-0167,CTR-1000124829,auto,2025-02-09,2027-06-03,actif,894.62,mensuelle,prélèvement,AG-PR-006,2025-02-04,2026-03-11,2026-04-29,26438.08,fermé
principal,CLI-00125137,Mme,Léa,Girard,1947/08/30,F,fr,9051,avenue,de l'Aube,,,Québec,QC,Québec,G1V 3C1,CA,lea43@gmail.example,+1-263-555-0140,CTR-1000125137,auto,2019-07-02,2027-04-15,actif,1594.88,annuelle,virement,AG-PR-001,2019-06-23,2022-06-29,,,
principal,CLI-00125141,Mme,Catherine,Côté,1993-02-22,F,fr,8148,avenue,des Lilas,,,Terrebonne,QC,Québec,J6X 1G9,CA,catherine.cote@hotmail.example,+1-450-555-0124,CTR-1000125141,auto,2025-04-27,2027-08-11,actif,1451.92,annuelle,prélèvement,AG-PR-005,2025-04-15,2025-06-21,,,
principal,CLI-00125167,M.,Claude,Tremblay,1963-04-01,M,fr,1230,chemin,du Ruisseau,,539,Lévis,QC,Québec,G6V 3V3,CA,claude2106@gmail.example,+1-418-555-0127,CTR-1000125167,auto,2023-09-14,2023-10-21,expiré,1130.99,mensuelle,prélèvement,AG-PR-001,2023-08-24,2024-11-24,,,
principal,CLI-00125210,Mme,Scarlett,Smith,1979-01-17,F,en,7003,Boulevard,Oak,,,Waterloo,ON,Ontario,N2J 0W2,CA,ss35@outlook.example,+1-548-555-0109,CTR-1000125210,vie,2018-03-02,2026-09-09,expiré,1302.20,mensuelle,prélèvement,AG-PR-004,2018-02-11,2021-01-11,,,
principal,CLI-00125291,Mme,Josée,Leclerc,1956-12-10,F,fr,863,côte,des Geais-Bleus,,,Trois-Rivières,QC,Québec,G8Z 5L8,CA,josee_leclerc@outlook.example,+1-819-555-0182,CTR-1000125291,auto,2022-09-27,2024-05-18,expiré,2129.74,mensuelle,prélèvement,AG-PR-002,2022-09-13,2023-02-21,,,
principal,CLI-00125412,Mme,Olivia,Smith,1976-08-31,F,en,6752,Court,Bluebird,East,,Moncton,NB,Nouveau-Brunswick,E1C 7M9,CA,osmith@outlook.example,+1-506-555-0197,CTR-1000125412,auto,2019-04-07,2027-01-20,actif,680.29,mensuelle,prélèvement,AG-PR-001,2019-03-24,2021-03-11,,,
principal,CLI-00125415,M.,Pierre,Murphy,1976-01-09,M,fr,9654,rue,de l'Aube,,,Montréal,QC,Québec,H4A 7H0,CA,pierre.murphy@gmail.example,+1-873-555-0172,CTR-1000125415,habitation,2020-02-15,2027-08-20,actif,1026.86,annuelle,carte,AG-PR-005,2020-02-15,2026-03-16,,,
principal,CLI-00126010,M.,Mathieu,Costa,1992-06-18,M,fr,3401,avenue,dez Sommets,,632,Blainville,QC,Québec,J7C 2R1,CA,mat182@hotmail.example,+1-468-555-0124,CTR-1000126010,voyage,2020-12-23,2026-10-20,actif,390.10,mensuelle,prélèvement,AG-PR-004,2020-12-16,2025-01-09,2024-01-21,11391.05,fermé
principal,CLI-00126012,Mme,Amelia,Smith,2002-05-16,F,en,7379,Lane,Kingfisher,,,Grand Sudbury,ON,Ontario,P3E 8S9,CA,amelia.smith@icloud.example,+1-548-555-0169,CTR-1000126012,habitation,2025-07-12,2027-01-31,suspendu,1224.69,annuelle,prélèvement,AG-PR-004,2025-07-01,2025-12-10,,,
principal,CLI-00126140,Mme,Christine,Stewart,1957-12-08,F,fr,3392,rue,du Parc,,550,Laval,QC,Québec,H7N 0W7,CA,christine1314@gmail.example,+1-514-555-0199,CTR-1000126140,vie,2022-08-31,2025-07-24,expiré,2107.30,mensuelle,carte,AG-PR-002,2022-08-11,2024-10-27,,,
principal,CLI-00126617,M.,Claude,Nguyen,1944-12-21,M,fr,7998,rue,de la Colline,,305,Shawinigan,QC,Québec,G9T 0G2,CA,claude-nguyen@gmail.example,+1-581-555-0140,CTR-1000126617,auto,2026-01-11,,actif,1256.67,mensuelle,prélèvement,AG-PR-001,2026-01-11,2026-07-14,,,
principal,CLI-00126646,Mme,Ellie,King,1997-04-19,F,en,435,Avenue,Lakeview,,,Saskatoon,SK,Saskatchewan,S7N 5T3,CA,king626@outlook.example,+1-306-555-0112,CTR-1000126646,habitation,2022-11-22,,actif,1105.07,mensuelle,virement,AG-PR-001,2022-11-08,2023-12-28,,,
principal,CLI-00126990,M.,Gabriel,Bailey,2001-02-25,M,fr,5457,avenue,des Chênes,Ouest,,Repentigny,QC,Québec,J6A 8S5,CA,gbailey@gmail.example,+1-579-555-0139,CTR-1000126990,habitation,2023-06-18,,actif,2400.96,mensuelle,chèque,AG-PR-005,2023-06-10,2024-12-01,,,
principal,CLI-00127886,M.,Nathan,Bouchard,1954-08-23,M,fr,5533,carré,du Lac,,,Gatineau,QC,Québec,J8Y 3G2,CA,nb262@gmail.example,+1-438-555-0119,CTR-1000127886,voyage,2023-07-01,2026-11-27,actif,118.56,mensuelle,prélèvement,AG-PR-001,2023-06-22,2024-01-19,,,
principal,CLI-00127914,Mme,Mila,Morin,1971-02-13,F,en,1060,Highway,Lakeview,,,Edmonton,,Alberta,T5J 0Y8,CA,milam@gmail.example,+1-587-555-0133,CTR-1000127914,vie,2022-10-07,2027-01-26,actif,3378.30,trimestrielle,carte,AG-PR-001,2022-09-11,2024-04-11,,,
principal,CLI-00128035,M.,François,Smith,1982-07-01,M,fr,6007,boulevard,des Mélèzes,,,Sorel-Tracy,QC,Québec,J3R 4B1,CA,fra58@hotmail.example,+1-514-555-0137,CTR-1000128035,habitation,2021-08-27,2027-03-16,actif,2591.07,mensuelle,prélèvement,AG-PR-001,2021-07-30,2022-12-19,,,
principal,CLI-00128183,M.,Charles,Pelletier,1975-03-30,M,fr,9913,avenue,du Belvédère,,374,Rimouski,QC,Québec,G5N 2A0,CA,charles235@icloud.example,+1-450-555-0192,CTR-1000128183,vie,2026-04-24,,actif,2108.95,annuelle,prélèvement,AG-PR-002,2026-04-09,2026-06-14,,,
principal,CLI-00128253,M.,James,Taylor,1995-09-30,M,en,3988,Avenue,Riverside,,315,Salaberry-de-Valleyfield,QC,Québec,J6S 2X4,CA,jam7450@gmail.example,+1-468-555-0199,CTR-1000128253,auto,2019-12-15,,actif,1686.37,mensuelle,carte,AG-PR-004,2019-12-11,2021-01-19,,,
principal,CLI-00128626,Mme,Diane,Roy,1961-02-14,F,fr,6832,avenue,des Champs,Ouest,,Québec,QC,Québec,G1V 6T2,CA,diane.roy@bell.example,+1-873-555-0155,CTR-1000128626,auto,2021-06-23,2026-12-12,suspendu,2109.36,mensuelle,prélèvement,AG-PR-001,2021-05-26,2022-03-11,,,
principal,CLI-00128637,M.,Jean-François,Marquis,1980-10-01,M,fr,1578,boulevard,de l'École,,572,Gatineau,QC,Québec,J8Y 9A9,CA,jeanfrancois5281@gmail.example,+1-263-555-0183,CTR-1000128637,auto,2024-06-06,,actif,1026.39,mensuelle,virement,AG-PR-005,2024-05-22,2025-04-25,2025-01-19,,en_cours
principal,CLI-00128772,M.,Charles,Morin,1941-06-05,M,fr,4558,rue,de la Rivière,,,Victoriaville,QC,Québec,G6P 1N1,CA,morin1827@outlook.example,+1-579-555-0103,CTR-1000128772,habitation,2025/08/26,2027-03-26,actif,2938.98,trimestrielle,carte,AG-PR-002,2025-08-11,2026-05-05,,,
principal,CLI-00128952,M.,John,Scott,1960-07-10,M,en,2758,Boulevard,Oak,,,St. John's,NL,Terre-Neuve-et-Labrador,A1A 0M2,CA,john.scott@outlook.example,+1-709-555-0155,CTR-1000128952,auto,2024-11-09,2027-03-06,actif,1009.83,mensuelle,prélèvement,AG-PR-001,2024-10-31,2025-08-10,,,
principal,CLI-00129051,M.,Xavier,Pelletier,1944-11-10,M,fr,7639,avenue,du Moulin,Sud,706,Rouyn-Noranda,QC,Québec,J9X 9Y9,CA,xavierpelletier@hotmail.example,+1-579-555-0160,CTR-1000129051,auto,2024-06-18,2025-05-02,résilié,2093.36,mensuelle,virement,AG-PR-002,2024-06-15,2026-01-18,2025-02-05,11976.11,en_cours
principal,CLI-00129095,Mme,Geneviève,St-Pierre,1969-04-10,F,fr,9730,chemin,du Lac,,,Ottawa,ON,Ontario,K1A 8S4,CA,genevieve.stpierre@gmail.example,+1-705-555-0130,CTR-1000129095,vie,2024-08-23,2027-07-04,actif,1896.82,annuelle,prélèvement,AG-PR-001,2024-07-31,2026-07-06,,,
principal,CLI-00129256,M.,Asher,Wright,1964-09-14,M,en,700,Lane,Highland,,132,Kelowna,BC,Colombie-Britannique,V1W 7X0,CA,ash782@yahoo.example,+1-604-555-0120,CTR-1000129256,auto,2021-04-29,2026-01-11,expiré,-707.04,mensuelle,prélèvement,AG-PR-003,2021-04-29,2025-04-02,2022-10-19,7406.60,fermé
principal,CLI-00129729,Mme,Hannah,White,1993-11-21,F,en,6414,Avenue,Meadow,West,286,Calgary,AB,Alberta,T3A 4C2,CA,hannah.white@outlook.example,+1-403-555-0165,CTR-1000129729,vie,2024-06-30,2026-12-27,actif,545.64,mensuelle,prélèvement,AG-PR-005,2024-06-23,2025-12-05,,,
principal,CLI-00129971,Mme,Isabelle,Marquis,1976-08-07,F,fr,4788,promenade,des Champs,,,Longueuil,QC,Québec,J3P 5W5,CA,isabelle.marquis@outlook.example,+1  819-555-0161,CTR-1000129971,auto,2020-09-28,2027-04-07,actif,682.85,mensuelle,carte,AG-PR-006,2020-09-12,2020-10-13,,,
principal,CLI-00130163,M.,Simon,Morin,1943-02-18,M,fr,7178,rue,du Belvédère,,535,Repentigny,QC,Québec,J6A 6B3,CA,sim1059@icloud.example,+1-579-555-0182,CTR-1000130163,habitation,2020-10-13,2027-07-17,actif,652.62,mensuelle,carte,AG-PR-001,2020-10-01,2024-02-11,,,
principal,CLI-00130308,Mme,Christine,Côté,2007-05-15,F,fr,1566,rue,du Havre,Nord,41,Gatineau,QC,Québec,J8Y 5P1,CA,cote937@videotron.example,+1-514-555-0149,CTR-1000130308,voyage,2025-09-10,2027-04-13,actif,187.50,mensuelle,virement,AG-PR-004,2025-08-15,2025-11-25,,,
principal,CLI-00130566,Mme,Stéphanie,Beaulieu,1969-01-03,F,fr,9347,chemin,des Cascades,,387,Shawinigan,QC,Québec,G9N 5P1,CA,sb2519@hotmail.example,+1-514-555-0174,CTR-1000130566,auto,2020-12-25,2023-08-02,expiré,2061.89,mensuelle,prélèvement,AG-PR-006,2020-12-04,2023-11-01,,,
principal,CLI-00130860,M.,Hudson,Campbell,1943-07-31,M,en,6442,Terrace,Churrch,,,Br  ampton,ON,Ontario,L6Y 9S6,CA,hc247@hotmail.example,+1-613-555-0122,CTR-1000130860,auto,2019-08-10,2027-02-27,actif,2160.55,mensuelle,virement,AG-PR-006,2019-08-01,2020-09-21,2021-05-13,13691.64,fermé
principal,CLI-00130898,Mme,Isabella,Wong,1957-03-17,F,en,7565,Avenue,Lakeshore,,,Vaudreuil-Dorion,QC,Québec,J7T 7H0,CA,wong.isabella@outlook.example,+1-438-555-0106,CTR-1000130898,auto,2021-07-02,2027-04-07,actif,1876.91,mensuelle,carte,AG-PR-001,2021-06-20,2026-01-17,,,
principal,CLI-00130906,Mme,Laurence,Lavoie,2006-01-19,F,fr,4261,boulevard,des Vents,,267,Saint-Jean-sur-Richelieu,QC,Québec,J3A 9X0,CA,lau84@videotron.example,+1-367-555-0143,CTR-1000130906,habitation,2024-04-29,,actif,2330.17,annuelle,carte,AG-PR-002,2024-04-28,2024-09-23,,,
principal,CLI-00131212,M.,Stéphane,Bouchard,1964-01-17,M,fr,3551,rue,du Moulin,,165,Rouyn-Noranda,QC,Québec,J9X 5M0,CA,bouchard.stephane@yahoo.example,+1-438-555-0129,CTR-1000131212,auto,2021-09-25,2026-10-30,actif,1851.04,annuelle,prélèvement,AG-PR-005,2021-09-21,2024-01-09,2025-08-29,12898.48,fermé
principal,CLI-00131311,M.,Michael,Hall,1984-02-23,M,en,2734,Highway,Cedar,North,870,Vancouver,BC,Colombie-Britannique,V6B 8Y0,CA,michael0199@gmail.example,+1-250-555-0106,CTR-1000131311,auto,2019-10-28,2027-08-28,actif,402.13,mensuelle,carte,AG-PR-004,2019-10-04,2024-07-05,2023-06-14,22149.56,fermé
principal,CLI-00131391,M.,Stéphane,Garcia,1989-06-13,M,fr,9257,route,des Bouleaux,,844,Drummondville,QC,Québec,J2E 5M2,CA,stephanegarcia@videotron.example,+1-819-555-0146,CTR-1000131391,habitation,2019-03-08,2027-01-30,actif,1354.13,semestrielle,prélèvement,AG-PR-004,2019-02-22,2021-10-14,2024-08-14,12323.92,en_cours
principal,CLI-00131398,M.,David,White,1992-03-25,M,en,812,Street,Willow,,,Mississauga,ON,Ontario,L5B 0R5,CA,white.david@gmail.example,+1-613-555-0179,CTR-1000131398,voyage,2022-06-11,2027-03-15,actif,210.18,semestrielle,prélèvement,AG-PR-001,2022-05-16,2025-07-29,,,
principal,CLI-00131448,Mme,Maude,Gagné,1961-01-14,F,fr,7793,terrasse,de la Colline,,,Laval,QC,Québec,H7N 2T1,CA,maude190@hotmail.example,+1-418-555-0166,CTR-1000131448,voyage,2024-09-25,2027-08-28,actif,685.29,annuelle,prélèvement,AG-PR-002,2024-09-05,2025-05-11,,,
principal,CLI-00131538,M.,Félix,Turcotte,2002-01-11,M,fr,816,côte,de l'Anse,,,Laval,QC,Québec,H7W 6A8,CA,felix764@outlook.example,+1-418-555-0158,CTR-1000131538,habitation,2024-05-14,2027-08-24,actif,903.86,mensuelle,prélèvement,AG-PR-002,2024-05-02,2025-09-02,,,
principal,CLI-00131638,M.,Serge,Morin,1961-07-09,M,fr,9748,rue,du Havre,Est,861,Québec,QC,Québec,G1R 8K6,CA,ser678@gmail.example,+1-581-555-0120,CTR-1000131638,vie,2017-10-01,,actif,1494.37,mensuelle,prélèvement,AG-PR-003,2017-09-07,2019-04-27,,,
principal,CLI-00132002,Mme,Stéphanie,Gauthier,2001-01-02,F,fr,2538,place,des Bouleaux,,869,Gatineau,QC,Québec,J8Y 0P2,CA,ste7054@gmail.example,+1-468-555-0190,CTR-1000132002,voyage,2020-11-09,,actif,258.91,mensuelle,prélèvement,AG-PR-004,2020-10-23,2024-05-14,,,
principal,CLI-00132075,M.,Luc,Caron,1981-04-15,M,fr,1385,chemin,du Lac,,,Saint-Jérôme,QC,Québec,J7Y 1L7,CA,luccaron@gmail.example,+1-873-555-0176,CTR-1000132075,habitation,2023-11-17,2027-02-09,actif,936.96,annuelle,carte,AG-PR-001,2023-10-25,2025-05-09,,,
principal,CLI-00132083,Mme,Ava,Nguyen,1948-01-22,F,en,74,Street,Lakeview,East,32,Vancouver,BC,Colombie-Britannique,V6B 5V5,CA,an64@gmail.example,+1-778-555-0136,CTR-1000132083,vie,2023-03-21,,actif,1290.82,mensuelle,carte,AG-PR-004,2023-02-20,2025-05-17,,,
principal,CLI-00132637,M.,Mason,Thompson,1947-11-29,M,en,6259,Road,Sunset,South,,Dollard-des-Ormeaux,QC,Québec,H9B 9A6,CA,thompson.mason@outlook.example,+1-819-555-0137,CTR-1000132637,vie,2019-09-11,2027-05-10,actif,1956.85,mensuelle,prélèvement,AG-PR-007,2019-08-12,2025-10-25,,,
principal,CLI-00132957,M.,Elias,Wright,1960-02-20,M,en,2887,Street,Kingfisher,,,London,ON,Ontario,N6A 3L1,CA,wright083@gmail.example,+1-613-555-0109,CTR-1000132957,voyage,2026-04-01,2027-04-03,actif,496.12,mensuelle,carte,AG-PR-001,2026-03-17,2026-05-21,,,
principal,CLI-00133890,M.,Marc-André,Bélanger,1946-05-14,M,fr,5113,promenade,des Sommets,Est,361,Drummondville,QC,Québec,L6Y 4N8,CA,marcandre.belanger@proton.example,+1-418-555-0176,CTR-1000133890,habitation,2023-06-13,2026-12-23,actif,1192.83,mensuelle,carte,AG-PR-001,2023-05-28,2023-10-05,,,
principal,CLI-00134273,Mme,Julie,Côté,1987-02-22,F,fr,1348,rue,du Plateau,,,Québec,QC,Québec,2B 1E5,CA,jul042@gmail.example,+1-367-555-0165,CTR-1000134273,auto,2025-08-26,,actif,395.43,mensuelle,prélèvement,AG-PR-002,2025-08-15,2026-03-10,2026-04-06,,en_cours
principal,CLI-00134291,Mme,Isabelle,Simard,1994-12-10,F,fr,3682,route,des Peupliers,,,Saguenay,QC,Québec,G7J 0C5,CA,isabelle-simard@yahoo.example,+1-263-555-0182,CTR-1000134291,vie,2017-10-28,2027-02-13,actif,1518.76,trimestrielle,carte,AG-PR-004,2017-10-26,2018-07-03,,,
principal,CLI-00134308,M.,Olivier,Tremblay,1950-06-29,M,fr,1704,boulevard,du Moulin,,,Québec,QC,Québec,G1V 3T5,CA,oliviert@gmail.example,+1-819-555-0160,CTR-1000134308,vie,2024-08-20,2024-11-18,expiré,2049.74,mensuelle,carte,AG-PR-001,2024-08-16,2024-09-01,,,
principal,CLI-00134787,Mme,Grace,Anderson,1958-11-29,F,en,1885,Avenue,Bluebird,,544,Red Deer,AB,Alberta,T4R 2B1,CA,grace51@outlook.example,+1-368-555-0141,CTR-1000134787,auto,2020-09-10,,actif,2170.20,mensuelle,carte,AG-PR-007,2020-09-01,2026-07-16,2026-03-12,,en_cours
principal,CLI-00134859,Mme,Anne,Côté,2005-11-22,F,fr,4420,croissant,des Sommets,Nord,312,Sorel-Tracy,QC,Québec,J3R 0W4,CA,annecote@yahoo.example,+1-579-555-0137,CTR-1000134859,voyage,2024-09-06,2027-05-31,actif,179.19,mensuelle,carte,AG-PR-004,2024-09-06,2025-04-01,,,
principal,CLI-00134970,Mme,Gabrielle,Park,1983-01-31,F,fr,7077,chemin,des Champs,,259,Shawinigan,QC,Québec,G9N 4Z8,CA,gabriellepark@gmail.example,+1-581-555-0127,CTR-1000134970,habitation,2018-02-21,2027-03-26,actif,2159.02,mensuelle,prélèvement,AG-PR-003,2018-02-04,2021-05-31,,,
principal,CLI-00135114,Mme,Penelope,Baker,1989-01-26,F,en,6346,Circle,Maple,West,,Lethbridge,AB,Alberta,T1K 4Y6,CA,penelopeb@gmail.example,+1-587-555-0112,CTR-1000135114,auto,2019-02-12,2026-11-03,actif,1618.88,mensuelle,carte,AG-PR-008,2019-01-20,2026-02-15,2025-10-03,4015.68,fermé
principal,CLI-00135179,Mme,Louise,Lefebvre,1968-10-24,F,fr,1808,avenue,du Ruisseau,,222,Québec,QC,Québec,G2B 7M0,CA,louise.lefebvre@rogers.example,+1-450-555-0107,CTR-1000135179,auto,2021-12-05,2027-06-04,suspendu,489.90,mensuelle,chèque,AG-PR-001,2021-12-05,2024-05-16,,,
principal,CLI-00135311,M.,Denis,Garcia,1945-04-19,M,fr,547,boulevard,du Boisé,,,Drummondville,QC,Québec,J2B 1H6,CA,den02@yahoo.example,+1-514-555-0136,CTR-1000135311,auto,2021-04-30,2027-02-03,suspendu,658.02,mensuelle,prélèvement,AG-PR-004,2021-04-24,2023-12-15,,,
principal,CLI-00135388,M.,Louis,Côté,2000-05-07,M,fr,36,rue,des Pins,Est,,Saguenay,QC,Québec,G7J 2J0,CA,cote187@gmail.example,+1-819-555-0105,CTR-1000135388,habitation,2020-05-30,2020-11-21,résilié,1269.25,mensuelle,virement,AG-PR-003,2020-05-20,2024-09-14,,,
principal,CLI-00135623,Mme,Manon,St-Pierre,2007-10-14,F,fr,5298,rang,des Sommets,,,Sherbrooke,QC,Québec,J1H 4Y7,CA,manonstpierre@rogers.example,+1-819-555-0194,CTR-1000135623,habitation,2026-01-29,2026-12-18,actif,1461.20,mensuelle,carte,AG-PR-001,2026-01-24,2026-07-27,,,
principal,CLI-00135675,Mme,Charlotte,Dubé,1942-01-07,F,fr,8450,chemin,des Deux-Rivières,,,Québec,QC,Québec,G1R 2H5,CA,charlotte_dube@yahoo.example,+1-819-555-0173,CTR-1000135675,voyage,2024-01-06,,actif,511.37,mensuelle,carte,AG-PR-005,2023-12-09,2025-05-21,,,
principal,CLI-00135681,Mme,Amélie,Girard,1976-12-30,F,fr,568,impasse,des Épinettes,,,Québec,QC,Québec,G2B 7A2,CA,ame7778@outlook.example,+1-514-555-0105,CTR-1000135681,habitation,2023-10-06,2026-12-29,actif,2108.21,mensuelle,virement,AG-PR-003,2023-10-02,2023-10-04,,,
principal,CLI-00135685,M.,André,Hébert,1984-04-19,M,fr,1681,croissant,des Mélèzes,,,Saint-Jean-sur-Richelieu,QC,Québec,J3B 2H6,CA,and53@hotmail.example,+1  438-555-0162,CTR-1000135685,voyage,2020-01-25,2027-02-04,actif,403.54,mensuelle,prélèvement,AG-PR-007,2020-01-12,2025-09-26,,,
principal,CLI-00135697,M.,Michel,Caron,1939-02-02,M,fr,1973,rue,de l'Église,,,Victoriaville,QC,Québec,G6R 6B0,CA,mic37@yahoo.example,+1-418-555-0140,CTR-1000135697,vie,2017-09-13,,actif,1999.65,annuelle,virement,AG-PR-001,2017-08-19,2026-01-19,,,
principal,CLI-00135871,M.,Oliver,King,2004-06-15,M,en,1896,Crescent,Lakeshore,South,,Brampton,ON,Ontario,L6Y 4X1,CA,oliver790@gmail.example,+1-416-555-0189,CTR-1000135871,voyage,2025-10-23,2026-11-27,suspendu,265.77,annuelle,prélèvement,AG-PR-005,2025-10-16,2026-06-19,,,
principal,CLI-00136505,Mme,Louise,Proulx,1980-05-20,F,fr,1904,avenue,des Ormes,,635,Montréal,QC,Québec,H2X 0M2,CA,louisep@outlook.example,+1-873-555-0103,CTR-1000136505,auto,2025-03-12,2027-09-01,actif,1525.11,mensuelle,prélèvement,AG-PR-005,2025-03-02,2026-07-28,2026-03-19,,en_cours
principal,CLI-00136723,M.,Philippe,Mitchell,2004-12-03,M,fr,7853,avenue,du Ruisseau,,13,Québec,QC,Québec,G1R 7N8,CA,phi42@proton.example,+1-873-555-0138,CTR-1000136723,auto,2026-06-20,2027-07-09,actif,598.61,mensuelle,virement,AG-PR-004,2026-06-07,2026-06-14,,,
principal,CLI-00136792,Mme,Véronique,Gauthier,1967-06-03,F,fr,8503,promenade,des Cèdres,,912,Rimouski,QC,Québec,G5M 9M9,CA,veronique311@hotmail.example,+1-514-555-0117,CTR-1000136792,habitation,2024-08-24,2027-08-17,actif,832.82,mensuelle,prélèvement,AG-PR-001,2024-08-04,2025-05-10,,,
principal,CLI-00136950,M.,,Cloutier,1990-09-09,M,fr,3557,côte,du Moulin,,,Mascouche,ON,Ontario,J7K  2M1,CA,francois_cloutier@yahoo.example,+1-873-555-0119,CTR-1000136950,voyage,2021-10-19,2026-10-31,actif,116.10,annuelle,prélèvement,AG-PR-005,2021-10-14,2025-09-21,,,
principal,CLI-00136963,Mme,Sophie,Grenier,1967-06-27,F,fr,7569,boulevard,de la Côte-Verte,,99,Saint-Jean-sur-Richelieu,QC,Québec,J3A 4C6,CA,sophie346@icloud.example,+1-418-555-0129,CTR-1000136963,auto,2017-11-12,2027-04-02,actif,1877.46,annuelle,prélèvement,AG-PR-001,2017-10-29,2022-07-19,2020-06-28,22503.20,ouvert
principal,CLI-00137218,Mme,Sarah-Maude,Lee,1989-04-04,F,fr,60,route,des Chênes,,,Montréal,QC,Québec,H4A 1G5,CA,sarahmaudelee@gmail.example,+1-418-555-0133,CTR-1000137218,auto,2023-09-28,2024-08-25,expiré,1354.18,mensuelle,prélèvement,AG-PR-002,2023-09-23,2024-05-25,,,
principal,CLI-00137279,M.,Claude,Landry,2001-10-29,M,fr,4336,montée,du Vieux-Pont,,,Saint-Hyacinthe,QC,Québec,J2R 4S6,CA,claudelandry@outlook.example,+1-418-555-0103,CTR-1000137279,auto,2026-02-04,2026-04-12,résilié,611.05,semestrielle,virement,AG-PR-005,2026-01-27,2026-07-24,,,
principal,CLI-00137294,Mme,Lucie,Lopez,1939-05-31,F,fr,9155,terrasse,du Belvédère,,558,Repentigny,QC,Québec,J5Y 1A7,CA,llopez@outlook.example,+1-819-555-0109,CTR-1000137294,auto,2016-10-26,2027-06-03,actif,1409.41,mensuelle,prélèvement,AG-PR-006,2016-10-16,2017-12-23,,,
principal,CLI-00137510,Mme,Josée,Bélanger,1971-08-13,F,fr,1880,impasse,du Ruisseau,,,Montréal,QC,Québec,H2X 9J8,CA,josee.belanger@hotmail.example,+1-450-555-0166,CTR-1000137510,auto,2019-12-06,2027-07-12,actif,1119.87,mensuelle,carte,AG-PR-005,2019-11-30,2021-07-14,,,
principal,CLI-00137869,M.,Pierre,Poirier,1979-06-09,M,fr,4430,route,des Champs,Nord,,Montréal,QC,Québec,H3G 7V8,CA,pp8754@gmail.example,+1-450-555-0147,CTR-1000137869,auto,2023-03-29,2023-08-17,expiré,450.60,mensuelle,chèque,AG-PR-001,2023-03-10,2025-03-10,2023-04-28,23778.77,en_cours
principal,CLI-00138109,M.,Hugo,Gauthier,1959-12-29,M,fr,1018,chemin,du Soleil-Levant,,,Trois-Rivières,QC,Québec,G9A 2H0,CA,hugogauthier@yahoo.example,+1-514-555-0188,CTR-1000138109,auto,2022-09-03,2027-03-02,actif,1662.30,mensuelle,carte,AG-PR-003,2022-08-15,2022-11-15,2023-09-07,9963.09,fermé
principal,CLI-00138184,Mme,Willow,Dubé,1986-04-02,F,en,1386,Court,Bluebird,,893,Terrebonne,QC,Québec,J6W 0R1,CA,willowdube@hotmail.example,+1-819-555-0114,CTR-1000138184,auto,2025-07-25,2025-08-13,expiré,1797.25,trimestrielle,carte,AG-PR-001,2025-07-22,2026-07-05,,,
principal,CLI-00138434,M.,Jacques,Côté,1969-02-05,M,fr,541,avenue,des Champs,,,Terrebonne,QC,Québec,J6W 05,CA,jacquescote@proton.example,+1-514-555-0176,CTR-1000138434,auto,2019-02-06,2027-07-21,actif,532.54,mensuelle,virement,AG-PR-008,2019-01-10,2024-04-09,,,
principal,CLI-00138757,M.,Philippe,Fernandes,1999-04-25,M,fr,5377,boulevard,des Saules,,,Sorel-Tracy,QC,Québec,J3P 2V5,CA,philippe.fernandes@hotmail.example,+1-468-555-0117,CTR-100013875,voyage,2025-06-29,,actif,500.18,mensuelle,prélèvement,AG-PR-004,2025-06-25,2026-02-28,,,
principal,CLI-00138899,M.,Owen,Scott,1996-06-16,M,en,7126,Lane,Riverside,,894,Mississauga,ON,Ontario,L5G  0T0,CA,owenscott@outlook.example,+1-519-555-0144,CTR-1000138899,habitation,2017-12-26,2027-05-15,actif,1617.47,mensuelle,prélèvement,AG-QC-001,2017-12-18,2023-06-02,,,
principal,CLI-00138928,Mme,Eleanor,Baker,12-04-1992,F,en,5242,Road,Lakeview,,283,Gatineau,QC,Québec,J9A 9S2,CA,eleanorbaker@outlook.example,+1-263-555-0162,CTR-1000138928,vie,04-13-2025,04-26-2025,résilié,899.99,mensuelle,carte,AG-PR-008,04-09-2025,07-15-2025,,,
principal,CLI-00139156,Mme,Noémie,Bélanger,1977-07-09,F,fr,5152,avenue,des Cèdres,,,Dollard-des-Ormeaux,QC,Québec,H9A 4V4,CA,noemie754@hotmail.example,+1-581-555-0116,CTR-1000139156,auto,2021-03-17,2027-03-02,actif,689.13,annuelle,carte,AG-PR-001,2021-03-04,2021-04-20,,,
principal,CLI-00139162,M.,John,Wright,1995-06-15,M,en,3436,Place,Market,,,Lethbridge,AB,Alberta,T1K 5W9,CA,johnwright@gmail.example,+1-587-555-0183,CTR-1000139162,auto,2017-05-03,2021-12-30,résilié,978.52,mensuelle,prélèvement,AG-PR-005,2017-04-24,2026-03-23,,,
principal,CLI-00139199,M.,Jacques,Leblanc,1973-07-31,M,fr,3488,boulevard,des Trois-Lacs,Ouest,,Longueuil,QC,Québec,J4K 1M6,CA,jacques-leblanc@hotmail.example,+1-263-555-0122,CTR-1000139199,auto,2018-07-22,,actif,1409.20,mensuelle,virement,AG-PR-007,2018-07-06,2020-08-17,,,
principal,CLI-00139317,Mme,Zoé,Grenier,1973-02-12,F,fr,1749,boulevard,de la Rivière,Est,,Moncton,NB,Nouveau-Brunswick,E1C 9B4,CA,zoe.grenier@yahoo.example,+1-506-555-0116,CTR-1000139317,auto,2020-11-04,2027-07-18,actif,1376.98,annuelle,prélèvement,AG-PR-004,2020-10-28,2021-05-13,,,
principal,CLI-00139350,M.,Mathieu,Grenier,1989-09-01,M,fr,9038,rang,des Trois-Lacs,,728,Gatineau,QC,Québec,J8Y 0W5,CA,mathieugrenier@hotmail.example,+1-450-555-0104,CTR-1000139350,voyage,2021-04-03,2027-08-10,actif,374.36,mensuelle,carte,AG-PR-001,2021-03-24,2023-07-03,,,
principal,CLI-00139670,Mme,Sylvie,Dubé,1989-12-21,F,fr,3780,rue,des Pins,,,Montréal,QC,Québec,H2X 0M2,CA,dube.sylvie@gmail.example,+1-263-555-0185,CTR-1000139670,auto,2017-01-05,,actif,911.94,mensuelle,virement,AG-PR-004,2016-12-19,2018-07-30,,,
principal,CLI-00139682,Mme,Isabelle,Ouellet,1944-02-02,F,fr,4681,rue,des Hirondelles,,,Baie-Comeau,QC,Québec,G5C 8W6,CA,isabelle358@gmail.example,+1-579-555-0152,CTR-1000139682,vie,2020-02-23,,actif,1968.92,mensuelle,carte,AG-PR-001,2020-02-08,2025-06-06,,,
principal,CLI-00139808,Mme,Rosalie,Desjardins,1939-08-30,F,fr,3138,rue,des Chênes,,,Mirabel,QC,Québec,J7J 2Z2,CA,desjardins0792@videotron.example,+1-579-555-0171,CTR-1000139808,auto,2019-11-12,2021-02-17,résilié,435.65,annuelle,prélèvement,AG-PR-002,2019-11-12,2020-08-26,,,
principal,CLI-00140021,Mme,Anne-Marie,Fournier,1966-01-07,F,fr,3496,boulevard,du Moulin,,,Terrebonne,QC,Québec,J6W 0L2,CA,annemarie.fournier@outlook.example,+1-438-555-0167,CTR-1000140021,auto,2021-10-25,2027-04-14,actif,1041.90,mensuelle,virement,AG-PR-007,2021-10-12,2023-06-20,,,
principal,CLI-00140061,Mme,Willow,Anderson,1956-11-10,F,en,9933,Road,Bluebird,,,Saskatoon,SK,Saskatchewan,S7K 6L4,CA,anderson.willow@gmail.example,+1-474-555-0174,CTR-1000140061,auto,2019-01-02,2026-12-16,actif,1044.52,trimestrielle,carte,AG-PR-005,2018-12-25,2024-01-19,2024-09-03,11428.29,fermé
principal,CLI-00140066,Mme,Scarlett,White,1983-01-14,F,en,3775,Street,Mountainview,,,Victoriaville,QC,Québec,G6R 4K0,CA,scarlett58@outlook.example,+1-579-555-0136,CTR-1000140066,habitation,2022-01-26,2026-06-10,résilié,1301.79,mensuelle,prélèvement,AG-PR-001,2021-12-28,2024-05-05,,,
principal,CLI-00140509,M.,Jean,Bergeron,2004-06-18,M,fr,5174,boulevard,du  Rocher,,93,Baie-Comeau,QC,Québec,G4Z 3X1,CA,jean438@hotmail.example,+1-819-555-0156,CTR-1000140509,auto,2025-04-30,2027-04-05,actif,1726.70,mensuelle,prélèvement,AG-PR-001,2025/04/23,2026-08-15,,,
principal,CLI-00140763,M.,Daniel,Poulin,1995-12-22,M,fr,1807,boulevard,du Ruisseau,Ouest,481,Châteauguay,QC,Québec,J6K 9Z1,CA,dan69@bell.example,+1-418-555-0196,CTR-1000140763,auto,2025-04-09,2025-11-06,expiré,1990.63,mensuelle,prélèvement,AG-PR-004,2025-03-25,2025-07-07,,,
principal,CLI-00141331,Mme,Béatrice,Caron,1966-01-16,F,fr,7211,chemin,du Boisé,Nord,,Terrebonne,QC,Québec,J6W 7E1,CA,bc9537@outlook.example,+1-873-555-0178,CTR-1000141331,voyage,2026-04-24,2026-12-04,actif,377.94,mensuelle,carte,AG-PR-002,2026-04-09,2026-06-03,2026-07-13,,ouvert
principal,CLI-00141357,M.,Hudson,Green,1977-02-18,M,en,7843,Street,Birch,,,Hamilton,ON,Ontario,L8S 0B6,CA,hudson4923@hotmail.example,+1-613-555-0159,CTR-1000141357,auto,2025-07-31,2025-11-04,résilié,1203.26,mensuelle,prélèvement,AG-PR-006,2025-07-30,2026-03-05,,,
principal,CLI-00141576,M.,Levi,Thompson,1981-04-20,M,en,4423,Drive,Sunset,,,Terrebonne,QC,Québec,J6W 7C5,CA,thompson.levi@hotmail.example,+1-579-555-0100,CTR-1000141576,habitation,2022-07-10,2027-03-05,actif,2556.06,mensuelle,prélèvement,AG-PR-001,2022-06-19,2026-07-02,,,
principal,CLI-00141616,Mme,Catherine,Martinez,2000-11-11,F,fr,1692,terrasse,des Mélèzes,Est,,Québec,QC,Québec,G1V 2V9,CA,catherine1213@gmail.example,+1-418-555-0101,CTR-1000141616,auto,2025-12-05,2027-05-24,actif,1500.06,annuelle,carte,AG-PR-001,2025-12-02,2025-12-27,,,
principal,CLI-00142498,M.,Gilles,Martel,1947-04-19,M,fr,3544,boulevard,des Épinettes,Est,,Sherbrooke,QC,Québec,J1H 2A3,CA,gil1830@gmail.example,+1-819-555-0137,CTR-1000142498,voyage,2020-08-07,2026-10-26,actif,680.10,mensuelle,prélèvement,AG-PR-001,2020-07-15,2026-02-07,,,
principal,CLI-00142515,Mme,Audrey,Hernandez,1996-01-07,F,fr,6368,rue,des Mélèzes,,,Saguenay,QC,Québec,G7H 9N9,CA,audreyh@gmail.example,+1-418-555-0196,CTR-1000142515,voyage,2024-07-04,2026-11-18,actif,509.20,annuelle,carte,AG-PR-002,2024-06-29,2024-08-31,,,
principal,CLI-00143075,M.,Elijah,Wilson,1999-07-03,M,en,941,Avenue,Riverside,,284,Ottawa,ON,Ontario,K1P 7J5,CA,ew370@outlook.example,+1-289-555-0122,CTR-1000143075,auto,2023-01-27,2026-11-28,actif,622.16,trimestrielle,prélèvement,AG--PR-001,2023-01-07,2023-06-06,2024-03-09,23121.31,en_cours
principal,CLI-00143266,M.,Hugo,Lévesque,1945-08-19,M,fr,7730,boulevard,des Peupliers,,,Montréal,QC,Québec,H3G 5V6,CA,hugo37@gmail.example,+1-581-555-0181,CTR-1000143266,vie,2018-03-07,2026-10-20,actif,890.90,mensuelle,prélèvement,AG-PR-002,2018-02-05,2022-10-11,,,
principal,CLI-00143335,M.,Jean-Philippe,Roy,1971-07-06,M,fr,16,route,du Rocher,,,Montréal,QC,Québec,H3G 7Y9,CA,jeanphilippe.roy@rogers.example,+1-418-555-0129,CTR-1000143335,habitation,2021-06-07,,actif,2552.80,annuelle,prélèvement,AG-PR-001,2021-06-07,2024-08-07,,,
principal,CLI-00143487,Mme,Maude,Bergeron,1996-09-22,F,fr,4580,autoroute,du Lac,,,Longueuil,QC,Québec,J4K 2Z5,CA,bergeron343@gmail.example,+1-418-555-0120,CTR-1000143487,auto,2018-02-18,2027-06-04,actif,882.00,mensuelle,prélèvement,AG-PR-001,2018-02-11,2019-02-04,,,
principal,CLI-00143514,Mme,Diane,Garcia,1944-12-31,F,fr,1911,rue,de l'Église,,,Gaspé,QC,Québec,G4X 7L9,CA,garcia49@gmail.example,+1-581-555-0123,CTR-1000143514,auto,2019-05-18,2027-09-01,actif,1072.58,trimestrielle,prélèvement,AG-PR-001,2019-05-12,2022-05-11,,,
principal,CLI-00143567,M.,Alexandre,Wright,1972-10-12,M,fr,7065,route,des Lilas,,,Victoriaville,QC,Québec,G6S 4B1,CA,alexandre.wright@gmail.example,+1-819-555-0149,CTR-1000143567,auto,2022-06-22,2027-07-15,actif,1501.65,trimestrielle,prélèvement,AG-PR-001,2022-05-24,2026-05-30,,,
principal,CLI-00143608,M.,Xavier,Tremblay,2007-06-02,M,fr,2545,promenade,des Prairies,Est,,La Tuque,QC,Québec,G9X 2N6,CA,xavier427@gmail.example,+1-263-555-0186,CTR-1000143608,auto,2025-06-13,2027-03-30,actif,525.46,mensuelle,prélèvement,AG-PR-006,2025-06-08,2025-07-22,,,
principal,CLI-00143630,Mme,Mélanie,Morin,1972-06-21,F,fr,4931,boulevard,de la Rivière,Ouest,,Saint-Jean-sur-Richelieu,QC,Québec,J3A 0X0,CA,mel1558@yahoo.example,+1-418-555-0122,CTR-1000143630,voyage,2021-05-16,2027-04-22,actif,135.59,mensuelle,prélèvement,AG-PR-002,2021-05-14,2022-12-27,,,
principal,CLI-00144213,M.,Jacques,Roy,1948-12-09,M,fr,4840,chemin,de la Traverse,,728,Mirabel,QC,Québec,J7N 4R4,CA,jacques21@outlook.example,+1-579-555-0179,CTR-1000144213,habitation,2018-06-14,2027-03-08,actif,1586.28,mensuelle,carte,AG-PR-002,2018-06-08,2024-01-14,,,
principal,CLI-00144328,M.,Martin,Rodriguez,1979-02-14,M,fr,4441,rue,des Cèdres,,,Laval,QC,Québec,H7N 6B9,CA,martinrodriguez@outlook.example,+1-418-555-0166,CTR-1000144328,habitation,2024-07-06,2027-08-09,actif,2274.44,mensuelle,virement,AG-PR-003,2024-06-14,2026-03-30,,,
principal,CLI-00144330,M.,Olivier,Desjardins,1958-05-05,M,fr,6792,boulevard,des Érables,Est,691,Lévib,ON,Ontario,G6V 2N1,CA,olivier5234@hotmail.example,+1-581-555-0166,CTR-1000144330,habitation,2020-03-17,2027-07-05,actif,1427.29,mensuelle,prélèvement,AG-PR-001,2020-03-03,2025-03-31,,,
principal,CLI--00144469,M.,Ptrick,Caron,2000-12-03,M,fr,9182,boulevard,des Vents,,211,Mascouche,QC,Québec,J7K 4E8,CA,pat547@gmail.example,+1-438-555-0151,CTR-1000144469,habitation,2021-07-26,2027-08-18,actif,3080.58,mensuelle,prélèvement,AG-PR-004,2021-07-02,2021-12-28,,,fermé
principal,CLI-00144474,M.,Antoine,Lessard,1971-04-16,M,fr,2052,rue,du Versant,,203,Québec,QC,Québec,G1R  1B3,CA,ant9570@gmail.example,+1-450-555-0199,CTR-1000144474,habitation,2017-02-22,2027-06-12,suspendu,2074.71,annuelle,prélèvement,AG-PR-005,2017-02-21,2025-05-11,,,
principal,CLI-00144638,Mme,Nathalie,Pelletier,2005-03-27,F,fr,4422,rue,de la Clairière,Ouest,,Laval,QC,Québec,H7W 2L2,CA,nat651@gmail.example,+1-418-555-0137,CTR-1000144638,habitation,2025-06-09,2026-10-27,suspendu,1117.23,mensuelle,prélèvement,AG-PR-008,2025-05-22,2025-06-12,,,
principal,CLI-00144837,M.,Jacob,Cloutier,1956-04-08,M,fr,9914,terrasse,des Bouleaux,,,Alma,QC,Québec,G8B 1X7,CA,jac884@outlook.example,+1-579-555-0165,CTR-1000144837,auto,2023-12-12,2027-04-14,actif,1561.34,mensuelle,prélèvement,AG-PR-003,2023-11-13,2024-05-18,,,
principal,CLI-00144919,M.,Leo,Martinez,1969-09-12,M,en,7759,Lane,Southridge,,988,Kelowna,BC,Colombie-Britannique,V1Y 8L5,CA,martinez09@gmail.example,+1-778-555-0130,CTR-1000144919,voyage,2019-11-29,2027-08-05,suspendu,177.13,mensuelle,prélèvement,AG-PR-002,2019-11-03,2024-01-01,,,
principal,CLI-00145018,Mme,Sophie,Bouchard,1984-02-02,F,fr,1724,rue,des Bouleaux,,,Laval,QC,Québec,H7N 3K4,CA,sophie.bouchard@icloud.example,+1-819-555-0112,CTR-1000145018,habitation,2023-10-12,2027-02-27,actif,1443.23,mensuelle,prélèvement,AG-PR-006,2023/10/07,2025-12-01,,,
principal,CLI-00145127,M.,Luca,Baker,1992-08-11,M,en,2502,Street,Oak,West,,Hamilton,ON,Ontario,L8P 0M4,CA,luc4024@gmail.example,+1-416-555-0107,CTR-1000145127,voyage,2017-06-13,2027-05-07,actif,144.40,mensuelle,virement,AG-PR-008,2017-06-08,2024-07-14,,,
principal,CLI-00145313,M.,Sebastian,Thompson,1963/11/15,M,en,8347,Court,Oak,West,,Halifax,NS,Nouvelle-Ecosse,B3J 8W4,CA,thompson.sebastian@outlook.example,+1-902-555-0100,CTR-1000145313,auto,2026-06-23,2027-04-01,actif,1945.20,annuelle,carte,AG-PR-004,2026-06-15,2026-09-13,,,
principal,CLI-00145392,M.,Sebastian,Bailey,1958-01-14,M,en,7210,Drive,Kingfisher,,,Surrey,BC,Colombie-Britannique,V3S 9M6,CA,sebastian9920@gmail.example,+1-604-555-0139,CTR-1000145392,habitation,2025-02-24,2027-01-20,actif,900.80,mensuelle,prélèvement,AG-PR-004,2025-02-18,2025-09-22,,,
principal,CLI-00145471,Mme,Élise,Boucher,1971-11-06,F,fr,2384,rue,des Peupliers,Nord,,Montréal,QC,Québec,H2X 7A2,CA,boucher55@yahoo.example,+1-819-555-0119,CTR-1000145471,voyage,2024-07-27,2027-06-03,actif,192.07,mensuelle,carte,AG-PR-001,2024-07-06,2026-04-15,,,
principal,CLI-00145819,M.,Serge,Lefebvre,1939-11-09,M,fr,6224,allée,de la Gare,,,Laval,QC,Québec,H7N 7C2,CA,lefebvre3177@yahoo.example,+1-819-555-0108,CTR-1000145819,habitation,2017-08-21,2022-09-27,expiré,2235.30,mensuelle,prélèvement,AG-PR-001,2017-08-13,2021-10-14,,,
principal,CLI-00146479,Mme,Noémie,Wilson,1964-01-26,F,fr,1561,avenue,du Belvédère,Ouest,471,Terrebonne,QC,Québec,J6X 9R2,CA,noemiewilson@gmail.example,+1-514-555-0118,CTR-1000146479,habitation_X,2026-01-10,2027-08-19,actif,1632.87,mensuelle,carte,AG-PR-007,2025-12-23,2026-07-07,,,
principal,CLI-00146484,Mme,Léa,Leblanc,1995-06-07,F,fr,5235,boulevard,du Cap,,456,Saguenay,QC,Québec,G7J 7P0,CA,lea_leblanc@videotron.example,+1-873-555-0157,CTR-1000146484,auto,2018-09-10,2027-07-20,actif,1737.03,mensuelle,prélèvement,AG-PR-008,2018-08-26,2022-03-28,2023-03-31,28041.20,rejeté
principal,CLI-00146708,M.,Gabriel,Fortin,1972-01-08,M,fr,7519,rue,des Vents,Est,130,Rouyn-Noranda,QC,Québec,J9X 8J4,CA,gabriel.fortin@outlook.example,+1-514-555-0151,CTR-1000146708,habitation,2021-09-14,2024-04-02,résilié,510.70,annuelle,prélèvement,AG-PR-004,2021-08-24,2025-06-22,,,
principal,CLI-00146926,Mme,Marie,Girard,1964-05-25,F,fr,977,promenade,du Lac,,,Saint-Jean-sur-Richelieu,QC,Québec,J3A 2B3,CA,mariegirard@gmail.example,+1-418-555-0157,CTR-1000146926,voyage,2017-10-14,,actif,198.44,mensuelle,prélèvement,AG-PR-002,2017-09-14,2025-04-07,,,
principal,CLI-00147168,Mme,Diane,Lachance,1952-02-29,F,fr,7644,avenue,des Prairies,,,Montréal,QC,Québec,H1A 6G4,CA,diane94@hotmail.example,+1-514-555-0186,CTR-1000147168,auto,2022-02-22,2027-07-19,actif,991.95,mensuelle,prélèvement,AG-PR-003,2022-02-22,2025-04-28,2025-11-14,24718.97,en_cours
principal,CLI-00147390,M.,Claude,Scott,1999-01-12,M,fr,8810,côte,des Peupliers,,,Ottawa,ON,Ontario,K2P 8H9,CA,claudescott@rogers.example,+1-437-555-0191,CTR-1000147390,habitation,2024-08-01,2026-10-16,actif,989.70,mensuelle,prélèvement,AG-PR-004,2024-07-04,2026-01-31,,,
principal,CLI-00147434,Mme,Marie-Claude,Boucher,1999-01-07,F,fr,7358,place,des Sapins,,,Baie-Comeau,QC,Québec,G4Z 4S6,CA,marieclaude43@gmail.example,+1-418-555-0134,CTR-1000147434,voyage,2019-06-14,2027-03-17,actif,282.45,mensuelle,carte,AG-PR-004,2019-05-30,2026-09-06,,,
principal,CLI-00147543,M.,Mathieu,Ali,1954-02-15,M,fr,1459,rue,des Champs,,,Drummondville,QC,Québec,J2E 1N1,CA,mathieuali@gmail.example,+1-418-555-0131,CTR-1000147543,auto,2020-07-04,2022-06-26,résilié,1391.50,annuelle,prélèvement,AG-PR-001,2020-06-20,2023-07-24,2021-09-29,29650.81,fermé
principal,CLI-00147562,Mme,Océane,Bouchard,1966-09-12,F,fr,721,rang,du Domaine,,,Saint-Jérôme,QC,Québec,J7Y 5Y8,CA,oceanebouchard@rogers.example,+1-514-555-0114,CTR-1000147562,auto,2023-02-01,,actif,357.70,semestrielle,prélèvement,AG-PR-007,2023-01-27,2026-06-21,,,
principal,CLI-00147741,Mme,Sophie,Lefebvre,1952-03-13,F,fr,6482,route,du Marché,,55,Laval,QC,Québec,H7N 8L7,CA,sl80@yahoo.example,+1-450-555-0190,CTR-1000147741,habitation,2022-03-15,2026-11-16,actif,2007.74,annuelle,prélèvement,AG-PR-007,2022-02-27,2024-02-08,,,
principal,CLI-00147836,M.,Étienne,Boucher,1994-10-14,M,fr,2648,avenue,des Tulipes,,,Lévis,QC,Québec,G6V 9L6,CA,etienne.boucher@hotmail.example,+1-450-555-0149,CTR-1000147836,auto,2020-12-09,,actif,556.29,annuelle,prélèvement,AG-PR-004,2020-11-23,2025-05-23,,,
principal,CLI-00147839,M.,John,Nelson,1951-04-27,M,en,736,Avenue,Station,West,,Halifax,NS,Nouvelle-Écosse,B3J 2S6,CA,john889@gmail.example,+1-782-555-0123,CTR-1000147839,vie,2026-05-06,,actif,1064.50,mensuelle,carte,AG-PR-001,2026-04-18,2026-08-08,,,
principal,CLI-00148092,M.,Liam,Lewis,1962-06-17,M,en,8912,Boulevard,Church,South,,Laval,QC,Québec,H7W 4G4,CA,liam.lewis@icloud.example,+1-263-555-0115,CTR-1000148092,auto,2021-08-12,2027-01-14,actif,1167.14,mensuelle,prélèvement,AG-PR-002,2021-08-10,2021-12-31,,,
principal,CLI-00148343,M.,Mathieu,Li,1967-11-01,M,fr,9115,rue,des Frênes,Ouest,,Montréal,QC,Québec,H1A 8G6,CA,li.mathieu@videotron.example,+1-819-555-0157,CTR-1000148343,auto,2017-10-05,2020-07-09,expiré,931.89,mensuelle,prélèvement,AG-PR-002,2017-09-26,2026-08-20,,,
principal,CLI-00148689,Mme,Geneviève,Desjardins,2008-06-27,F,fr,6315,rang,de l'Aube,Ouest,,Québec,QC,Québec,G1V 9M8,CA,desjardins.genevieve@gmail.example,+1-581-555-0187,,auto,2026-08-09,2026-08-26,expiré,678.72,mensuelle,prélèvement,AG-PR-006,2026-07-24,2026-09-05,,,
principal,CLI-00149367,M.,Rémi,Paquette,2004-10-16,M,fr,9998,boulevard,des Peupliers,Est,890,Mirabel,QC,Québec,J7N 1S0,CA,paquette14@gmail.example,+1-579-555-0189,CTR-1000149367,vie,2024-11-17,2027-02-22,actif,2542.92,mensuelle,prélèvement,AG-PR-001,2024-11-10,2026-02-07,,,
principal,CLI-00149593,Mme,Julie,Bélanger,1991-01-25,F,fr,6004,route,des Geais-Bleus,,139,Montréal,qc,Québec,H1A 7W9,CA,belanger746@gmail.example,+1-418-555-0139,CTR-1000149593,vie,2025-10-11,2026-11-19,actif,3157.65,annuelle,prélèvement,AG-PR-001,2025-10-05,2026-08-13,,,
principal,CLI-00149608,Mme,Béatrice,Roy,1980-01-01,F,fr,4146,montée,de la Rivière,Nord,703,Montréal,QC,Québec,H2X 4T7,CA,bea629@gmail.example,+1-819-555-0198,CTR-1000149608,vie,2024-08-04,,actif,2592.42,annuelle,prélèvement,AG-PR-001,2024-08-03,2024-10-15,,,
principal,CLI-00149736,M.,Alexandre,Lachance,1960-08-03,M,fr,8398,rang,des Laurentides,,138,Longueuil,QC,Québec,J4H 0E5,CA,alexandrelachance@outlook.example,+1-514-555-0166,CTR-1000149736,habitation,2026-04-20,,actif,1697.20,mensuelle,virement,AG-PR-005,2026-04-18,2026-06-24,,,
principal,CLI-00149854,Mme,Valérie,Fortin,1984-01-29,F,fr,594,rue,des Laurentides,,,Montréal,QC,Québec,H3G 0R6,CA,valerie_fortin@rogers.example,+1-450-555-0194,CTR-1000149854,habitation,2025-09-22,2027-08-18,actif,1620.16,trimestrielle,virement,AG-PR-002,2025-08-28,2025-09-15,,,
principal,CLI-00149895,M.,Theodore,Taylor,1940-08-19,M,en,2365,Street,Maple,,,Drummondville,QC,Québec,J2C 0B1,CA,theodoretaylor@icloud.example,+1-581-555-0144,CTR-1000149895,habitation,2020-01-06,2027-02-25,actif,629.89,annuelle,virement,AG-PR-002,2019-12-22,2023-07-26,,,
principal,CLI-00150232,Mme,Lucie,Turcotte,1965-04-09,F,fr,8961,place,des Pionniers,Nord,812,Montréal,QC,Québec,H2X 7E5,CA,luc08@outlook.example,+1-418-555-0193,CTR-1000150232,habitation,2025-01-10,2018-01-18,expiré,719.93,mensuelle,prélèvement,AG-PR-002,2018-01-16,2026-08-19,2021-11-18,,en_cours
principal,CLI-00150335,M.,Serge,Hébert,1985-10-14,M,fr,3024,boulevard,du Marais,,810,Montréal,QC,Québec,H2X 8E3,CA,hebert69@yahoo.example,+1-819-555-0148,CTR-1000150335,auto,2023-12-24,,actif,979.08,mensuelle,prélèvement,AG-PR-001,2023-12-10,2025-09-02,,,
principal,CLI-00150361,Mme,Julie,Lopez,1969-09-24,F,fr,3120,avenue,des Mélèzes,,,Mirabel,QC,Québec,J7J 7P1,CA,julie.lopez@bell.example,+1-873-555-0154,CTR-1000150361,habitation,2017-11-08,,actif,1258.86,mensuelle,prélèvement,AG-PR-004,2017-11-01,2026-07-29,,,
principal,CLI-00150370,M.,Michel,Poulin,1981-02-26,M,fr,2908,avenue,des Hirondelles,,,Longueuil,QC,Québec,J4K 9X4,CA,mic361@bell.example,+1-819-555-0130,CTR-1000150370,auto,2024-11-17,2027-09-15,actif,861.13,trimestrielle,chèque,AG-PR-001,2024-10-25,2025-02-14,,,
principal,CLI-00150710,Mme,Sylvie,Parent,1945-05-09,F,fr,5534,impasse,du Belvédère,,111,Laval,QC,Québec,H7N 0S1,CA,syl416@gmail.example,+1-514-555-0140,CTR-1000150710,voyage,2024-04-06,2027-04-16,suspendu,502.71,mensuelle,prélèvement,AG-PR-006,2024-03-30,2024-11-29,,,
principal,CLI-00150846,Mme,Isabelle,Rodriguez,2007-12-07,F,fr,3833,rue,des Frênes,,534,Saguenay,QC,Québec,G7H 1P5,CA,isabelle.rodriguez@gmail.example,+1-581-555-0140,CTR-1000150846,habitation,2026-08-16,2027-06-01,actif,2852.15,mensuelle,virement,AG-PR-003,2026-08-13,2026-09-02,,,
principal,CLI-00150866,M.,Pierre,Simard,1955-03-27,M,fr,7208,rang,du Sentier,,,Joliette,QC,Québec,J6E  1A4,CA,pierresimard@outlook.example,+1-263-555-0104,CTR-1000150866,voyage,2022-12-14,2027-01-07,actif,695.38,mensuelle,prélèvement,AG-PR-003,2022-12-09,2024-02-18,,,
principal,CLI-00150870,Mme,Charlotte,Johnson,1990-07-10,F,en,9807,Street,Willow,,,Edmonton,AB,Alberta,T5J 5T1,CA,cj336@gmail.example,+1-780-555-0125,CTR-1000150870,auto,2020-06-18,2027-08-01,actif,1184.46,mensuelle,prélèvement,AG-PR-006,2020-06-07,2024-03-20,2025-01-10,38995.13,fermé
principal,CLI-00151121,Mme,Suzanne,Girard,1966-04-21,F,fr,4811,rue,des Sapins,,,Blainville,QC,Québec,J7C 6Y0,CA,suz92@gmail.example,+1-873-555-0116,CTR-1000151121,voyage,2017-05-19,2027-08-22,actif,254.10,annuelle,carte,AG-PR-002,2017-05-16,2024-07-23,,,
principal,CLI-00151155,Mme,Sophia,Anderson,1967-07-08,F,en,3784,Circle,Spring,,,Saguenay,QC,Québec,G7J 5R4,CA,sophiaanderson@gmail.example,+1-819-555-0123,CTR-1000151155,habitation,2025-05-12,2027-07-30,actif,2553.63,mensuelle,prélèvement,AG-PR-004,2025-04-15,2025-04-21,,,
principal,CLI-00151452,Mme,Anne,Bouchard,1943-02-12,F,fr,2602,boulevard,des Sommets,Nord,95,Saint-Jean-sur-Richelieu,QC,Québec,J3B 1Z4,CA,ann0763@outlook.example,+1-514-555-0184,CTR-1000151452,auto,2022-02-11,2027-05-18,actif,427.31,annuelle,prélèvement,AG-PR-002,2022-02-08,2022-06-22,2025-08-25,39009.96,fermé
principal,CLI-00151629,M.,Éric,Vachon,1998-06-11,M,fr,974,avenue,du Parc,,,Sept-Îles,QC,Québec,G4S 9E6,CA,evachon@outlook.example,+1-581-555-0179,CTR-1000151629,voyage,2021-02-15,2027-03-14,actif,390.90,mensuelle,carte,AG-PR-001,2021-01-31,2023-10-20,,,
principal,CLI-00151849,Mme,France,Tremblay,1968-06-03,F,fr,1885,chemin,de la Clairière,,,Rivière-du-Loup,QC,Québec,G5R 2B5,CA,ft4221@hotmail.example,+1-579-555-0150,CTR-1000151849,auto,2016-12-30,2027-03-20,suspendu,448.71,trimestrielle,virement,AG-PR-008,2016-12-17,2026-06-04,,,
principal,CLI-00151855,Mme,Camille,Wu,1950-05-22,F,fr,7110,rue,du Sentier,Sud,,Gatineau,QC,Québec,J8Y 5Y7,CA,wu37@hotmail.example,+1-873-555-0191,CTR-1000151855,auto,2017-03-07,2027-09-10,suspendu,291.39,mensuelle,carte,AG-PR-003,2017-02-16,2025-06-28,,,
principal,CLI-00152019,M.,James,Johnson,1980-03-25,M,en,1747,Crescent,Lakeshore,,,Laval,QC,Québec,H7W 1J1,CA,james.johnson@proton.example,+1-418-555-0173,CTR-1000152019,voyage,2023-02-17,2023-03-24,expiré,158.69,mensuelle,prélèvement,AG-PR-004,2023-01-20,2023-02-05,,,
principal,CLI-00152151,M.,Pierre,Gauthier,1961-01-19,M,fr,9013,route,du Soleil-Levant,,,Victoriaville,QC,Québec,G6R 1A9,CA,pie920@gmail.example,+1-418-555-0141,CTR-1000152151,habitation,2023-08-23,2026-11-06,actif,1674.76,mensuelle,carte,AG-PR-008,2023-08-21,2026-05-11,,,
principal,CLI-00152247,Mme,Louise,Roberts,1975-02-28,F,fr,2806,boulevard,des Tulipes,,,Laval,QC,Québec,H7N 4K5,CA,louise.roberts@gmail.example,+1-450-555-0153,CTR-1000152247,habitation,2024-05-11,2027-04-17,actif,1022.62,mensuelle,prélèvement,AG-PR-002,2024-04-13,2024-06-11,,,
principal,CLI-00152292,Mme,Mia,Lee,2007-09-04,F,en,8893,Court,Garden,,,Drummondville,QC,Québec,J2C 6Z9,CA,mia6894@outlook.example,+1-450-555-0129,CTR-1000152292,auto,2026-03-07,2026-12-03,actif,1565.95,mensuelle,prélèvement,AG-PR-005,2026-02-19,2026-09-01,,,
principal,CLI-00152372,M.,Thomas,Ouellet,1969-07-03,M,fr,36,avenue,des Lilas,Sud,439,Châteauguay,QC,Québec,J6K 6Y5,CA,touellet@proton.example,+1-418-555-0151,CTR-1000152372,auto,2017-09-18,2027-06-25,actif,732.50,mensuelle,virement,AG-PR-002,2017-08-19,2021-12-01,,,
principal,CLI-00152612,M.,Daniel,Roy,1939-11-27,M,fr,1698,avenue,des Peupliers,,505,Saguenay,QC,Québec,G7J 3Z2,CA,daniel03@gmail.example,+1-581-555-0120,CTR-1000152612,habitation,2020-01-19,,actif,2224.38,mensuelle,carte,AG-PR-004,2020-01-17,2021-03-18,2022-10-09,58460.19,fermé
principal,CLI-00152925,Mme,Julie,Lapointe,1948-11-30,F,fr,5816,chemin,du Vieux-Pont,,,Repentigny,QC,Québec,J5Y 6L4,CA,julie_lapointe@outlook.example,+1  514-555-0189,CTR-1000152925,auto,2018-07-27,2026-12-11,actif,1411.50,mensuelle,prélèvement,AG-PR-007,2018-07-24,2024-06-18,2023-10-09,31739.03,ouvert
principal,CLI-00153038,Mme,Nathalie,Côté,1951-11-12,F,fr,2476,montée,du Lac,,,Rivière-du-Loup,QC,Québec,G5R 9J0,CA,nathalie27@gmail.example,+1-514-555-0105,CTR-1000153038,auto,2024-11-18,2027-08-18,actif,1047.93,mensuelle,virement,AG-PR-005,2024-11-13,2026-07-27,,,
principal,CLI-00153152,M.,Mathieu,Caron,1942-03-27,M,fr,1040,rue,des Hirondelles,,585,Joliette,QC,Québec,J6E 3H3,CA,mat56@gmail.example,+1-514-555-0123,CTR-1000153152,auto,2024-02-07,2027-07-17,actif,1282.04,mensuelle,virement,AG-PR-005,2024-01-09,2024-06-30,,,
principal,CLI-00153173,Mme,Florence,Tremblay,1967-06-08,F,fr,3350,avenue,des Hirondelles,Sud,,Alma,QC,Québec,G8B 4N5,CA,florencetremblay@outlook.example,+1-438-555-0179,CTR-1000153173,habitation,2021-07-12,2027-03-29,actif,1025.69,annuelle,carte,AG-PR-007,2021-07-08,2025-07-13,,,
principal,CLI-00153177,Mme,Violet,Nguyen,1972-04-13,F,en,4618,Boulevard,Cedar,,,Calgary,AB,Alberta,T2P 0G8,CA,nguyen.violet@gmail.example,+1-368-555-0193,CTR-1000153177,habitation,2016-12-27,2027-06-08,actif,1064.63,mensuelle,virement,AG-PR-001,2016-12-01,2021-04-23,,,
principal,CLI-00153490,M.,Gabriel,Gauthier,1958-02-05,M,fr,6435,avenue,des Cèdres,Sud,863,Montréal,QC,Québec,H2X 3X1,CA,gauthier.gabriel@gmail.example,+1-581-555-0127,CTR-1000153490,auto,2022-06-05,2022-07-28,expiré,990.14,mensuelle,prélèvement,AG-PR-006,2022-05-20,2025-06-23,,,
principal,CLI-00153537,Mme,Émilie,Côté,1965-03-26,F,fr,6497,côte,du Boisé,,,Rimouski,QC,Québec,G5N  9W6,CA,emi926@icloud.example,+1-450-555-0150,CTR-1000153537,auto,2022-07-13,2027-07-14,actif,700.34,annuelle,prélèvement,AG-PR-002,2022-06-17,2025-09-20,,,
principal,CLI-00153761,M.,Robert,Singh,1965-09-12,M,fr,5053,chemin,du Rocher,,,Montréal,QC,Québec,H1A 2B7,CA,rob53@outlook.example,+1-418-555-0183,CTR-1000153761,auto,2018-09-14,2020-10-18,expiré,726.29,mensuelle,carte,AG-PR-005,2018-09-09,2020-05-23,,,
principal,CLI-00153775,Mme,Stéphanie,Ouellet,28-03-1954,F,fr,174,terrasse,du Lac,Ouest,,Sherbrooke,QC,Québec,J1H 0Y0,CA,stephanie46@hotmail.example,+1-418-555-0151,CTR-1000153775,voyage,07-08-2022,,actif,97.02,annuelle,prélèvement,AG-PR-001,25-07-2022,31-07-2022,,,
principal,CLI-00153958,M.,Claude,Bouchard,2003-12-25,M,fr,7789,route,du Moulin,,,Saint-Jérôme,QC,Québec,J7Y 6Z6,CA,claude5120@gmail.example,+1-873-555-0147,CTR-1000153958,auto,2024-05-13,2026-07-11,expiré,320.56,mensuelle,carte,AG-PR-008,2024-05-10,2026-04-06,,,
principal,CLI-00154331,Mme,Josée,Lapointe,1995-04-25,F,fr,2559,avenue,des Ormes,,273,Gatineau,QC,Québec,J8Y 1X3,CA,josee669@proton.example,+1-367-555-0126,CTR-1000154331,auto,2019-08-05,2027-08-21,actif,592.86,mensuelle,carte,AG-PR-002,2019-07-26,2021-10-02,,,
principal,CLI-00154544,M.,Sylvain,Bergeron,1991-06-03,M,fr,8714,rue,de la Traverse,Sud,384,Montréal,QC,Québec,H2X 0K0,CA,sylvainbergeron@icloud.example,+1-438-555-0170,CTR-1000154544,vie,2023-12-24,2027-05-09,actif,1042.62,mensuelle,chèque,AG-PR-008,2023-12-15,2024-07-23,,,
principal,CLI-00154631,Mme,Diane,Boucher,2002-12-14,F,fr,5520,rang,de la Rivière,,,Montréal,QC,Québec,H3G 4C9,CA,diane.boucher@outlook.example,+1-581-555-0197,CTR-1000154631,vie,2024-09-29,2026-02-18,expiré,3359.31,mensuelle,prélèvement,AG-PR-001,2024-09-18,2025-02-03,,,
principal,CLI-00154705,M.,Matthew,Walker,1944-03-23,M,en,258,Avenue,Garden,,734,Edmonton,AB,Alberta,T6G 8Y1,CA,matthew_walker@hotmail.example,+1-403-555-0120,CTR-1000154705,auto,2019-03-24,2023-12-12,résilié,814.20,trimestrielle,chèque,AG-PR-004,2019-02-24,2023-02-15,2023-04-07,26606.50,en_cours
principal,CLI-00154824,M.,Oliver,Park,1985-12-24,M,en,1418,Highway,Meadow,,37,Moncton,NB,Nouveau-Brunswick,E1C 2H5,CA,park2687@gmail.example,+1-428-555-0102,CTR-1000154824,auto,2019-11-09,2020-02-25,expiré,787.32,annuelle,carte,AG-PR-003,2019-10-14,2024-09-20,,,
principal,CLI-00155030,M.,Serge,Lachance,,M,fr,7114,rue,des Prairies,Nord,766,Terr ebonne,QC,Québec,J6W 9J0,CA,serge.lachance@gmail.example,+1  514-555-0185,CTR-1000155030,auto,2024-02-03,2026-06-17,résilié,790.60,mensuelle,prélèvement,AG-PR-004,2024-01-09,2025-05-20,,,
principal,CLI-00155276,M.,Louis-Philippe,Ouellet,1986-09-11,M,fr,8050,chemin,du Vieux-Pont,,876,Gatineau,QC,Québec,J8X 2T9,CA,ouellet3753@outlook.example,+1  514-555-0163,CTR-1000155276,auto,2025-08-14,2027-06-22,actif,2028.14,mensuelle,prélèvement,AG-PR-002,2025-07-22,2026-07-21,,,
principal,CLI-00155485,Mme,Isabelle,Nelson,1958-08-11,F,fr,2499,rue,du Parc,Sud,,Val-d'Or,QC,Québec,J9P 7G4,CA,isabelle_nelson@gmail.example,+1-438-555-0114,CTR-1000155485,auto,2019-03-24,2027-02-10,actif,1577.08,mensuelle,carte,AG-PR-001,2019-03-10,2024-11-26,,,
principal,CLI-00155767,Mme,Manon,Bélanger,1941-06-01,F,fr,2266,chemin,du Parc,,,Saguenay,QC,Québec,G7J 6Z3,CA,man0347@hotmail.example,+1-873-555-0146,CTR-1000155767,auto,2026-06-22,,actif,543.19,mensuelle,prélèvement,AG-PR-003,2026-06-20,2026-07-06,2026-08-04,18866.90,ouvert
principal,CLI-00156015,M.,Jacob,Simard,1978-08-20,M,fr,3473,rue,du Lac,Ouest,,Joliette,QC,Québec,J6E 3M4,CA,js417@icloud.example,+1-450-555-0198,CTR-1000156015,habitation,2024-12-23,2027-02-14,actif,1079.69,mensuelle,prélèvement,AG-PR-001,2024-11-26,2025-10-19,2026-04-23,75901.22,fermé
principal,CLI-00156121,M.,Nathan,Pelletier,1944-11-08,M,fr,2857,rue,de la Gare,Nord,,Laval,QC,Québec,H7W 4Z6,CA,nathan-pelletier@outlook.example,+1-873-555-0118,CTR-1000156121,auto,2020-05-21,2027-06-26,actif,632.68,mensuelle,prélèvement,AG-PR-001,2020-04-21,2024-07-15,,,
principal,CLI-00156225,Mme,Gabriel,Fortin,1978-09-30,F,fr,4948,allée,des Bouleaux,,613,Montréal,QC,Québec,H4A 2Y1,CA,if3033@gmail.example,+1-514-555-0177,CTR-1000156225,vie,2025-02-20,2027-05-02,actif,1162.20,annuelle,prélèvement,AG-PR-002,2025-02-02,2025-10-01,,,
principal,CLI-00156591,Mme,Evelyn,Smith,2002-08-14,F,en,4680,Street,Mill,,,London,ON,Ontario,N6G 3S9,CA,evelynsmith@icloud.example,+1-807-555-0108,CTR-1000156591,auto,2022-07-31,2027-05-11,actif,1392.36,mensuelle,carte,AG-PR-002,2022-07-21,2026-09-08,,,
principal,CLI-00156722,Mme,Véronique,Murphy,1983-11-28,F,fr,4727,route,du Boisé,,957,Laval,QC,Québec,H7N 1A3,CA,murphy3762@bell.example,+1-468-555-0118,CTR-1000156722,voyage,2023-04-22,2027-01-07,actif,584.48,mensuelle,prélèvement,AG-PR-008,2023-04-01,2026-01-14,,,
principal,CLI-00156773,M.,Caleb,Baker,1982-05-30,M,en,4281,Avenue,Stonebridge,North,71,St. John's,NL,Terre-Neuve-et-Labrador,A1A 9E3,CA,calebb@videotron.example,+1-879-555-0195,CTR-1000156773,auto,2020-10-09,,actif,1096.85,mensuelle,prélèvement,AG-PR-002,2020-10-02,2024-06-23,,,
principal,CLI-00156880,M.,Denis,Dubé,1981-11-03,M,fr,6631,avenue,du Moulin,,,Montréal,QC,Québec,H1A 4N1,CA,dube833@outlook.example,+1-438-555-0114,CTR-1000156880,voyage,2018-09-17,,actif,411.22,trimestrielle,prélèvement,AG-PR-006,2018-09-01,2021-08-11,,,
principal,CLI-00157075,Mme,Mélanie,Boucher,1978-09-25,F,fr,7961,rue,des Peupliers,,900,Longueuil,QC,Québec,J4H 0R2,CA,boucher.melanie@gmail.example,+1-581-555-0189,CTR-1000157075,voyage,2017-06-06,2022-06-02,expiré,273.08,mensuelle,chèque,AG-PR-006,2017-05-24,2020-08-09,,,
principal,CLI-00157434,Mme,Eleanor,Young,1948-07-13,F,en,1589,Street,Market,,,Gatineau,QC,Québec,J8Y 2M2,CA,ele7614@gmail.example,+1-873-555-0145,CTR-1000157434,habitation,2023-11-08,2027-05-29,actif,1177.27,annuelle,virement,AG-PR-002,2023-11-01,2024-09-02,,,
principal,CLI-00157647,M.,Liam,Ho,1947-08-29,M,en,1864,Lane,Birch,North,370,Halifax,NS,Nouvelle-Écosse,B3H 1J2,CA,liam.ho@gmail.example,+1-902-555-0122,,auto,2020-02-03,2027-04-27,actif,689.66,mensuelle,carte,AG-PR-008,2020-01-21,2025-08-13,2021-01-29,16347.42,fermé
principal,CLI-00157670,M.,Henry,Patel,1996-12-29,M,en,1072,Road,Parkside,,,Surrey,BC,Colombie-Britannique,V3S 5Z1,CA,henrypatel@gmail.example,+1-778-555-0175,CTR-1000157670,auto,2017-07-13,2027-03-29,actif,1185.53,annuelle,prélèvement,AG-PR-002,2017-07-11,2018-05-07,,,
principal,CLI-00158006,M.,Mason,Taylor,1986-02-01,M,en,3257,Boulevard,Cedar,,,Surrey,BC,Colombie-Britannique,V3R 2H1,CA,mason153@videotron.example,+1-672-555-0121,CTR-1000158006,habitation,2025-10-30,2026-01-11,expiré,2330.48,annuelle,prélèvement,AG-PR-004,2025-10-15,2026-05-08,,,
principal,CLI-00158289,M.,Jean,Roy,1963-07-03,M,fr,2907,rang,du  Rocher,Nord,775,Montréal,QC,Québec,H3 8H1,CA,jean.roy@yahoo.example,+1-418-555-0161,CTR-1000158289,habitation,2023-03-08,,actif,1028.20,mensuelle,prélèvement,AG-PR-006,2023-02-12,2025-08-19,,,
principal,CLI-00158331,Mme,Charlotte,Pham,2003-09-14,F,en,4935,Lane,Orchard,,,St. John's,NL,Terre-Neuve-et-Labrador,A1C 0W0,CA,charlotte_pham@gmail.example,+1-709-555-0199,CTR-1000158331,habitation,2023-04-07,2026-10-24,actif,1260.69,annuelle,prélèvement,AG-PR-001,2023-03-31,2023-07-30,,,
principal,CLI-00158512,Mme,Stéphanie,Tremblay,1948-09-19,F,fr,9953,boulevard,de l'Église,Nord,,Saguenay,QC,Québec,G7H 4L5,CA,tremblay70@icloud.example,+1-873-555-0138,CTR-1000158512,voyage,2020-10-12,2027-01-23,actif,286.87,trimestrielle,prélèvement,AG-PR-006,2020-10-11,2024-09-14,,,
principal,CLI-00158681,Mme,Florence,Campbell,2002-12-23,F,fr,8051,rang,du Lac,,,Terrebonne,QC,Québec,J6W 6Y6,CA,fcampbell@icloud.example,+1-514-555-0141,CTR-1000158681,habitation,2022-07-23,2027-05-11,actif,2301.84,mensuelle,prélèvement,AG-PR-008,2022-06-25,2023-09-22,,,
principal,CLI-00159090,Mme,Maude,Bélanger,1942-01-03,F,fr,3120,terrasse,des Mélèzes,,,Granby,QC,Québec,J2H 2B0,CA,belanger.maude@yahoo.example,+1-579-555-0109,CTR-1000159090,habitation,2021-12-23,2026-04-05,expiré,1435.15,mensuelle,prélèvement,AG-PR-001,2021-11-30,2026-08-16,,,
principal,CLI-00159808,Mme,Willow,Taylor,1977-02-18,F,en,529,Boulevard,Brookside,,,Moncton,NB,Nouveau-Brunswick,E1C 6E3,CA,willow015@videotron.example,+1-506-555-0184,CTR-100015980,auto,2022-11-10,2026-12-08,actif,-657.41,trimestrielle,prélèvement,AG-PR-008,2022-10-18,2025-01-31,,,
principal,CLI-00159896,Mme,Mélanie,Thompson,1944-02-01,F,fr,1660,boulevard,des Érables,Ouest,,Saint-Jean-sur-Richelieu,QC,Québec,J3B 3W5,CA,melanie.thompson@hotmail.example,+1-873-555-0138,CTR-1000159896,habitation,2025-08-27,,actif,1121.85,mensuelle,prélèvement,AG-PR-005,2025-08-10,2025-12-07,,,
principal,CLI-00159993,M.,Léo,Simard,2005-02-04,M,fr,9493,avenue,de l'Anse,Ouest,,Baie-Comeau,QC,Québec,G4Z 0W1,CA,leo3781@gmail.example,+1-819-555-0122,CTR--1000159993,auto,2023-03-13,,actif,1328.31,annuelle,prélèvement,AG-PR-001,2023/02/15,2025-03-14,,,
principal,CLI-00160337,M.,Luc,Fortin,2006-04-01,M,fr,3425,rue,des Sommets,Sud,,Québec,QC,Québec,G1V 5M6,CA,luc087@gmail.example,+1-438-555-0197,CTR-1000160337,habitation,2025-09-05,2027-02-13,actif,1255.85,trimestrielle,prélèvement,AG-PR-006,2025-09-05,2025-09-08,,,
principal,CLI-00160391,M.,Léo,Bouchard,2002-05-19,M,fr,7609,boulevard,du Boisé,,839,Terrebonne,QC,Québec,J6X 2Y4,CA,bouchard64@yahoo.example,+1-514-555-0137,CTR-1000160391,vie,2025-12-29,2027-08-15,actif,2779.20,mensuelle,prélèvement,AG-PR-008,2025-12-01,2026-03-28,,,
principal,CLI-00160717,Mme,Audrey,Poulin,1975-09-12,F,fr,6660,boulevard,du Soleil-Levant,Est,,Gatineau,QC,Québec,J8Y 9P6,CA,aud3402@hotmail.example,+1-579-555-0193,CTR-1000160717,auto,2026-06-15,2027-03-28,suspendu,2326.21,trimestrielle,chèque,AG-PR-003,2026-05-18,2026-06-23,2026-07-17,21524.28,fermé
principal,CLI-00160905,M.,Mason,Smith,1946-09-18,M,en,246,Highway,Foxglove,,,Vancouver,BC,Colombie-Britannique,V5K 8K0,CA,mason904@hotmail.example,+1-672-555-0126,CTR-1000160905,voyage,2016-10-31,,actif,290.53,mensuelle,carte,AG-PR-002,2016-10-08,2025-08-14,,,
principal,CLI-00161157,Mme,Marie-Ève,Desjardins,1999-02-13,F,fr,1855,rue,du Marais,,849,Saint-Jean-sur-Richelieu,QC,Québec,J3B 2Y2,CA,desjardins.marieeve@bell.example,+1-450-555-0130,CTR-1000161157,auto,2022-01-27,2027-06-03,actif,1915.28,mensuelle,chèque,AG-PR-003,2022-01-09,2025-10-26,2022-05-13,,en_cours
principal,CLI-00161209,M.,Luca,Wright,1957-02-16,M,en,5131,Road,Hillcrest,,,London,ON,Ontario,N6A 2H3,CA,lwright@rogers.example,+1-519-555-0138,CTR-1000161209,auto,2024-07-12,2027-09-14,actif,1648.53,mensuelle,carte,AG-PR-001,2024-06-17,2024-12-22,,,
principal,CLI-00161454,Mme,Maude,Beaulieu,1946-06-06,F,fr,7920,boulevard,des Hirondelles,,,Beloeil,QC,Québec,J3G 2L9,CA,maude.beaulieu@yahoo.example,+1-450-555-0145,CTR-1000161454,habitation,2026-05-22,2027-01-22,actif,911.63,annuelle,carte,AG-PR-006,2026-05-16,2026-08-14,,,
principal,CLI-00162479,Mme,Marie-Ève,Lavoie,1984-08-05,F,fr,3980,route,de l'Aube,,,Victoriaville,QC,Québec,G6S 6Z5,CA,lavoie197@videotron.example,+1-819-555-0130,CTR-1000162479,voyage,2017-12-19,2027-09-12,actif,634.86,annuelle,carte,AG-QC-006,2017-12-05,2026-01-03,,,
principal,CLI-00162647,Mme,Béatrice,Grenier,1953-04-07,F,fr,3776,avenue,de l'Anse,,,Brossard,QC,Québec,J4X 0V7,CA,bgrenier@gmail.example,+1-581-555-0177,CTR-1000162647,habitation,2022-01-21,2027-06-08,actif,1000.78,mensuelle,virement,AG-PR-001,2021-12-30,2022-05-29,,,
principal,CLI-00162766,M.,Félix,Singh,1996-02-27,M,fr,7914,terrasse,dees Épinettes,,,Lévis,QC,Québec,G6V 6A0,CA,singh.fel  ix@icloud.example,+1-514-555-0197,CTR-1000162766,auto,2018-09-13,2027-08-10,actif,1093.84,mensuelle,prélèvement,AG--PR-001,2018-08-17,2023-11-11,,,
principal,CLI-00163155,Mme,Violet,Smith,1944-04-17,F,en,7301,Street,Hillcrest,,,Moncton,QC,Québec,E1C 7W9,CA,violets@gmail.example,+1-506-555-0192,CTR-1000163155,vie,2016-09-28,2026-11-24,actif,1197.83,mensuelle,carte,AG-PR-006,2016-09-08,2022-11-22,,,
principal,CLI-00163205,M.,Thomas,Gagnon,2004-10-25,M,fr,9510,terrasse,des Chênes,,,Québec,QC,Québec,G1R 1B8,CA,thomas_gagnon@gmail.example,+1-579-555-0131,CTR-1000163205,habitation,2023-12-20,2026-11-06,actif,1130.86,mensuelle,prélèvement,AG-QC-003,2023-12-01,2024-02-04,,,
principal,CLI-00163472,Mme,Penelope,Stewart,1978-04-30,F,en,4268,Trail,Cedar,West,417,Québec,QC,Québec,G1R 8J9,CA,stewart.penelope@hotmail.example,+1-450-555-0154,CTR-1000163472,voyage,2022-08-05,2027-01-21,actif,392.01,mensuelle,prélèvement,AG-PR-001,2022-08-04,2024-11-27,,,
principal,CLI-00163542,Mme,Julie,Bouchard,1972-11-13,F,fr,4534,rue,des Peupliers,,641,Repentigny,QC,Québec,J6A 0H4,CA,julie-bouchard@outlook.example,+1-514-555-0125,CTR-1000163542,auto,2023-07-16,2027-01-22,actif,798.97,annuelle,carte,AG-PR-004,2023-06-26,2026-06-22,,,
principal,CLI-00163595,M.,Jackson,Cox,1994-01-10,M,en,6288,Avenue,School,,,Châteauguay,BC,Colombie-Britannique,J6K 5X7,CA,jackson5534@gmail.example,+1-873-555-0197,CTR-1000163595,voyage,2024-01-26,2027-05-18,actif,216.90,mensuelle,virement,AG-PR-002,2024-01-12,2024-12-30,,,
principal,CLI-00163618,Mme,Luna,Johnson,1984-11-22,F,en,100,Drive,Westwood,,,Edmonton,AB,Alberta,T6G 9K4,CA,lun347@gmail.example,+1-403-555-0105,CTR-1000163618,habitation,2023-12-28,2027-04-12,suspendu,966.13,mensuelle,carte,AG-PR-001,2023-12-08,2024-11-23,,,
principal,CLI-00163884,M.,Noah,Thompson,2003-03-14,M,en,7350,Parkway,Maple,,958,Québec,QC,Québec,G1V 4R7,CA,noah_thompson@yahoo.example,+1-581-555-0174,CTR-1000163884,auto,2022-08-29,2026-04-27,résilié,1074.00,mensuelle,prélèvement,AG-PR-007,2022-08-13,2023-11-06,,,
principal,CLI-00164051,M.,André,Tremblay,1999-12-19,M,fr,3671,chemin,de la Rivière,Est,923,Victoriaville,QC,Québec,G6P 0H2,CA,andretremblay@proton.example,+1-438-555-0175,CTR-1000164051,habitation,2023-04-14,2023-12-21,expiré,1156.53,mensuelle,prélèvement,AG-PR-001,2023-03-21,2023-06-22,,,
principal,CLI-00164299,M.,Theodore,Taylor,2005-09-01,M,en,9085,Street,Maple,,342,Edmonton,AB,Alberta,T5J 6Z3,CA,the8453@outlook.example,+1-825-555-0109,CTR-1000164299,voyage,2025-01-04,,actif,479.00,mensuelle,prélèvement,AG-PR-005,2024-12-14,2026-02-01,,,
principal,CLI-00164723,M.,Pierre,Lévesque,1993-06-26,M,fr,3509,chemin,des Jardins,,,Granby,QC,Québec,J2H 0A6,CA,pierre597@gmail.example,+1-418-555-0121,CTR-1000164723,voyage,2022-09-09,2026-10-30,actif,152.61,trimestrielle,prélèvement,AG-PR-002,2022-08-18,2025-06-17,,,
principal,CLI-00164837,M.,Stéphane,Renaud,1954-05-18,M,fr,7050,rue,de la Colline,Est,,Laval,QC,Québec,H7N 5G9,CA,stephane_renaud@proton.example,+1-450-555-0143,CTR-1000164837,habitation,2025-10-15,2026-12-01,actif,1650.48,annuelle,prélèvement,AG-PR-001,2025-09-24,2026-02-03,,,
principal,CLI-00164843,Mme,Grace,Gauthier,2006-02-21,F,en,9628,Avenue,Riverside,,258,Montréal,QC,Québec,H4A 4B7,CA,grace_gauthier@outlook.example,+1-450-555-0143,CTR-1000164843,voyage,2026-09-16,2027-02-02,actif,154.78,annuelle,prélèvement,AG-PR-005,2026-08-31,2026-09-10,,,
principal,CLI-00165336,M.,Louis-Philippe,Beaulieu,1988-10-14,M,fr,6134,terrasse,du Belvédère,,,Saguenay,QC,Québec,G7J 5C3,CA,louisphilippe.beaulieu@outlook.example,+1-367-555-0138,CTR-1000165336,habitation,2021-03-04,2027-04-21,actif,2341.63,mensuelle,prélèvement,AG-PR-004,2021-03-01,2022-07-29,,,
principal,CLI-00165476,M.,Maxime,Lachance,1946-08-26,M,fr,6885,côte,des Frênes,,524,Saint-Jérôme,QC,Québec,J7Z 3N3,CA,maxime_lachance@gmail.example,+1-438-555-0108,CTR-1000165476,auto,2022-05-15,2026-12-12,actif,1202.49,mensuelle,carte,AG-PR-007,2022-04-16,2026-07-04,,,
principal,CLI-00165496,Mme,Sarah-Maude,Bouchard,1949-11-16,F,fr,1239,rue,du Plateau,,996,Montréal,QC,Québec,H2X 5J8,CA,bouchard.sarahmaude@hotmail.example,+1-819-555-0141,CTR-1000165496,auto,2021-07-26,2024-07-04,expiré,778.36,mensuelle,carte,AG-PR-002,2021-07-22,2026-09-10,,,
principal,CLI-00165895,Mme,Jade,Côté,1972-10-05,F,fr,9812,rang,des Pionniers,,,Laavl,QC,Québec,H7W 0V6,CA,cote868@outlook.example,+1-514-555-0151,CTR-1000165895,vie,2020-01-28,2024-08-25,expiré,1647.64,mensuelle,prélèvement,AG-PR-002,2020-01-11,2020-03-25,,,
principal,CLI-00165987,M.,François,Renaud,2007-07-31,M,fr,9555,autoroute,du Lac,,,Shawinigan,QC,Québec,G9T 3E6,CA,francois.renaud@hotmail.example,+1-438-555-0123,CTR-1000165987,auto,2025-09-14,2026-04-19,expiré,913.96,mensuelle,virement,AG-PR-002,2025-09-05,2026-03-27,,,
principal,CLI-00165991,M.,Jean,Le,1953-02-21,M,fr,8005,croissant,du Belvédère,,,Laval,QC,Québec,H7N 0A1,CA,jean-le@outlook.example,+1-514-555-0122,CTR-1000165991,habitation,2019-08-06,2027-08-05,actif,2330.15,mensuelle,prélèvement,AG-PR-001,2019-08-04,2020-02-25,,,
principal,CLI-00165997,Mme,Mila,Brown,1947-02-07,F,en,3487,Street,Parkside,,,Ottawa,ON,Ontario,K2P 9V4,CA,mila.brown@yahoo.example,+1-905-555-0135,CTR-1000165997,vie,2024-07-06,2025-04-20,expiré,1525.73,mensuelle,carte,AG-PR-001,2024-06-17,2024-07-12,,,
principal,CLI-00166013,Mme,Florence,Chen,1964-10-26,F,fr,2222,boulevard,du Belvédère,,,Granby,QC,Québec,J2H 3N1,CA,florence_chen@gmail.example,+1  819-555-0181,CTR-1000166013,auto,2026-05-31,2026-10-31,actif,738.61,mensuelle,prélèvement,AG-PR-008,2026-05-26,2026-08-22,2026-07-29,15857.33,rejeté
principal,CLI-00166103,Mme,Sophie,Gagnon,2007-09-25,F,fr,1733,boulevard,du Lac,,,Longueuil,QC,Québec,J4K 0W9,CA,sop349@hotmail.example,+1-819-555-0135,CTR-1000166103,auto,2026-03-03,2026-04-27,expiré,590.94,annuelle,prélèvement,AG-PR-006,2026-02-22,2026-07-21,,,
principal,CLI-00166285,Mme,France,Nguyen,1946-09-07,F,fr,3169,avenue,des Peupliers,,,Terrebonne,QC,Québec,J6X 2B5,CA,fra9206@gmail.example,+1-468-555-0170,CTR-1000166285,voyage,2023-10-08,2025-06-18,expiré,217.19,mensuelle,prélèvement,AG-PR-005,2023-09-29,2025-01-04,,,
principal,CLI-00166351,M.,Alexis,Lee,1994-07-12,M,fr,1745,côte,du Rocher,,313,Shawinigan,QC,Québec,G9N 9E0,CA,alexis_lee@gmail.example,+1-514-555-0177,CTR-1000166351,auto,2020-12-23,,suspendu,1622.26,mensuelle,prélèvement,AG-PR-005,2020-12-14,2025-09-02,,,
principal,CLI-00166379,M.,Henry,Carter,1979-10-06,M,en,3180,Boulevard,Oak,,6,Saskatoon,SK,Saskatchewan,S7N 1W6,CA,henrycarter@icloud.example,+1-639-555-0177,CTR-1000166379,voyage,2024-10-30,2024-11-18,expiré,399.44,annuelle,virement,AG-PR-001,2024-10-15,2025-07-27,,,
principal,CLI-00166461,Mme,Jade,Dubé,1999-05-29,F,fr,2424,avenue,des Frênes,,,Gaspé,QC,Québec,G4X 5G7,CA,jade-dube@outlook.example,+1-579-555-0171,CTR-1000166461,vie,2018-09-17,,actif,1234.82,mensuelle,prélèvement,AG-PR-003,2018-09-13,2020-07-09,,,
principal,CLI-00166810,M.,Nicolas,Grenier,1955-12-11,M,fr,733,avenue,des Pins,,986,Saguenay,QC,Québec,G7H 3B6,CA,nicolas870@hotmail.example,+1-819-555-0128,CTR-1000166810,auto,2026-02-17,,actif,1577.97,mensuelle,prélèvement,AG-PR-004,2026-02-09,2026-05-27,,,
principal,CLI-00167100,Mme,Audrey,Ouellet,1996-01-25,F,fr,178,rue,des Hirondelles,,,Brossard,QC,Québec,J4W 9L6,CA,ouellet9981@videotron.example,+1-450-555-0165,CTR-1000167100,habitation,2024-11-07,2027-05-04,actif,1394.99,annuelle,prélèvement,AG-PR-005,2024-10-21,2026-07-26,,,
principal,CLI-00167244,Mme,Alice,Smith,2002-03-08,F,fr,7167,route,du Havre,,,Montréal,QC,Québec,H3G 9K5,CA,alice_smith@yahoo.example,+1-514-555-0136,CTR-1000167244,habitation,2025-12-24,,actif,1326.43,mensuelle,carte,AG-PR-001,2025-12-19,2026-09-01,2026-04-10,34919.71,ouvert
principal,CLI-00167832,M.,Stéphane,Paquette,2002-10-08,M,fr,7627,rue,des Hirondelles,,157,Sherbrooke,QC,Québec,J1K 7G6,CA,stephanepaquette@yahoo.example,+1-579-555-0111,CTR-1000167832,voyage,2022-08-11,,actif,332.25,semestrielle,prélèvement,AG-PR-001,2022-08-04,2023-03-03,,,
principal,CLI-00168628,Mme,Christine,Paquette,1999-11-10,F,fr,6810,route,du Versant,,889,Lévis,QC,Québec,G6V 0C6,CA,christinepaquette@proton.example,+1-450-555-0105,CTR-1000168628,habitation,2020-12-27,2027-02-05,actif,2737.78,annuelle,prélèvement,AG-PR-007,2020-12-01,2022-04-07,,,
principal,CLI-00168670,Mme,Sylvie,Rodriguez,1949-07-15,F,fr,1935,rue,du Parc,,,Terrebonne,QC,Québec,J6W 6Y3,CA,srodriguez@hotmail.example,+1-450-555-0175,CTR-1000168670,habitation,2018-07-20,2020-04-11,résilié,2571.01,mensuelle,carte,AG-PR-002,2018-06-28,2022-10-18,,,
principal,CLI-00168770,M.,Sylvain,Gagné,1963-08-07,M,fr,7333,boulevard,des Érables,Ouest,,Drummondville,QC,Québec,J2C 2V6,CA,sylvain-gagne@outlook.example,+1-819-555-0192,CTR-1000168770,habitation,2020-10-20,2027-06-27,actif,955.55,mensuelle,prélèvement,AG-PR-003,2020-10-20,2021-03-12,,,
principal,CLI-00168832,Mme,Luna,Cox,1968-11-21,F,en,8810,Trail,Rosewood,,,Drummondville,QC,Québec,J2B 0E7,CA,luna.cox@gmail.example,+1-418-555-0167,CTR-1000168832,habitation,2021-09-30,2021-10-23,expiré,1306.58,mensuelle,virement,AG-PR-004,2021-09-15,2022-01-11,,,
principal,CLI-00169236,M.,Serge,Leblanc,1962-12-04,M,fr,3195,route,de la Colline,,292,Québec,QC,Québec,G1V 2G4,CA,ser72@proton.example,+1-450-555-0187,CTR-1000169236,habitation,2021-09-24,2025-05-02,expiré,1196.81,semestrielle,prélèvement,AG-PR-002,2021-09-01,2025-10-12,,,
principal,CLI-00169263,M.,Serge,Ouellet,1951-11-15,M,fr,5107,place,du Belvédère,,,Victoria,BC,Colombie-Britannique,V8W 8Z8,CA,ser6246@gmail.example,+1-778-555-0192,CTR-1000169263,auto,2019-08-21,2026-11-05,actif,2133.20,mensuelle,chèque,AG-PR-004,2019-08-20,2025-02-18,,,
principal,CLI-00169455,Mme,Ava,King,1991-04-05,F,en,556,Place,Spring,North,,Rouyn-Noranda,QC,Québec,J9Y 6S7,CA,ava775@gmail.example,+1-438-555-0135,CTR-1000169455,vie,2019-05-26,2027-09-16,actif,1384.72,mensuelle,carte,AG-PR-008,2019-05-25,2021-07-06,,,
principal,CLI-00169471,M.,Alexander,Nelson,1954-06-27,M,en,8369,Street,Meadow,,,Edmonton,AB,Alberta,T5J 1R1,CA,anelson@hotmail.example,+1-780-555-0103,CTR-1000169471,vie,2017-09-26,,actif,3494.19,mensuelle,prélèvement,AG-PR-006,2017-09-20,2021-05-04,,,
principal,CLI-00169571,M.,Owen,Mitchell,1968-09-13,M,en,6733,Road,Spring,West,329,Halifax,NS,Nouvelle-Écosse,B3J 3K3,CA,mitchell761@outlook.example,+1-902-555-0197,CTR-1000169571,voyage,2021-11-08,2026-10-19,actif,329.63,mensuelle,prélèvement,AG-PR-003,2021-10-23,2022-11-11,,,
principal,CLI-00169735,Mme,Émilie,Leblanc,1965-09-24,F,fr,6774,rue,des Mélèzes,,,Saint-Jérôme,QC,Québec,J7Z 6V2,CA,leblanc4468@outlook.example,+1-873-555-0105,CTR-1000169735,voyage,2018-02-28,2026-10-20,actif,445.49,annuelle,prélèvement,AG-PR-005,2018-02-04,2023-05-21,,,
principal,CLI-00170049,M.,Dainel,Dubé,1967-01-27,M,fr,5625,route,des Érables,,,Sorel-Tracy,qc,Québec,J3P 9H5,CA,daniel.dube@rogers.example,+1-514-555-0103,CTR-1000170049,auto,2016-11-23,2027-08-09,actif,1010.86,mensuelle,carte,AG-PR-005,2016-11-07,2018-06-16,,,
principal,CLI-00170208,Mme,Nicole,Nguyen,1987-02-12,F,fr,2208,croissant,de l'Anse,,,Shawinigan,QC,Québec,9P 7L8,CA,nicole4019@gmail.example,+1-418-555-0109,CTR-1000170208,voyage,2022-10-28,2027-09-16,actif,278.16,trimestrielle,carte,AG-PR-008,2022-09-28,2024-03-27,,,
principal,CLI-00170527,Mme,Sylvie,Lopez,1962-12-08,F,fr,8770,terrasse,des Sapins,Nord,,Blainville,QC,Québec,J7C 8X1,CA,sylvie_lopez@outlook.example,+1-418-555-0121,CTR-1000170527,habitation,2025-07-14,2027-07-07,actif,929.83,mensuelle,prélèvement,AG-PR-001,2025-07-06,2026-02-05,2025-11-02,39855.76,ouvert
principal,CLI-00170859,Mme,Mélanie,Roy,1986-02-15,F,fr,2699,côte,des Bouleaux,,,Sherbrooke,QC,Québec,J1H 9K5,CA,roy5752@yahoo.example,+1-581-555-0174,CTR-1000170859,voyage,2017-02-24,2026-12-16,actif,680.85,mensuelle,carte,AG-PR-003,2017-02-07,2019-03-23,,,
principal,CLI-00170998,M.,Patrick,Simard,1948-03-25,M,fr,4606,boulevard,des Cèdres,,140,Victoriaville,QC,Québec,G6R 7J5,CA,patricks@hotmail.example,+1-514-555-0167,CTR-1000170998,auto,2022-09-18,2027-02-26,actif,891.90,mensuelle,virement,AG-PR-006,2022-08-20,2024-05-30,,,
principal,CLI-00171248,Mme,Amelia,White,1968-11-18,F,en,4826,Avenue,Market,,,Vancouver,BC,Colombie-Britannique,V5K 9K5,CA,amelia_white@gmail.example,+1-250-555-0137,CTR-1000171248,auto,2017-07-28,,actif,936.38,mensuelle,prélèvement,AG-PR-006,2017-07-04,2021-12-21,2018-11-20,,en_cours
principal,CLI-00172145,M.,Michel,Beaulieu,1953-08-13,M,fr,5185,avenue,djs Ormes,Nord,,Granby,QC,Québec,J2G 9H5,CA,michelbeaulieu@hotmail.example,+1-819-555-0106,CTR-1000172145,vie,2018-10-09,2026-12-29,suspendu,2869.86,annuelle,prélèvement,AG-PR-005,2018-10-09,2022-12-09,,,
principal,CLI-00172202,M.,André,Hébert,1954-11-15,M,fr,908,croissant,des Hirondelles,,,Saint-Jérôme,QC,Québec,J7Z 8C6,CA,andrehebert@videotron.example,+1-581-555-0114,CTR-1000172202,habitation,2024-12-08,,actif,1671.75,mensuelle,carte,AG-PR-004,2024-11-18,2025-03-13,,,
principal,CLI-00172226,Mme,Marguerite,Fortin,1974-12-06,F,fr,2702,impasse,de la Clairière,Nord,168,Longueuil,QC,Québec,J4K 9Y5,CA,marguerite56@icloud.example,+1-819-555-0172,CTR-1000172226,voyage,2018-10-12,2026-11-14,actif,282.13,mensuelle,prélèvement,AG-PR-006,2018-10-07,2020-11-04,,,
principal,CLI-00172269,M.,Léo,Adams,1978-06-06,M,fr,9042,carré,du Ruisseau,,,Rimouski,QC,Québec,G5L 2P5,CA,la63@gmail.example,+1-873-555-0139,CTR-1000172269,voyage,2025-10-10,2027-04-22,actif,272.97,mensuelle,prélèvement,AG-PR-006,2025-09-30,2025-11-08,,,
principal,CLI-00172580,M.,Luc,Fortin,1977-09-02,M,fr,7082,impasse,du Marais,,58,Rimouski,QC,Québec,G5M 5J0,CA,luc.fortin@proton.example,+1-354-555-0188,CTR-1000172580,auto,2026-05-19,,actif,1997.00,mensuelle,carte,AG-PR-007,2026-04-27,2026-07-01,,,
principal,CLI-00172582,M.,Marc-André,Smith,1951-05-07,M,fr,6307,rue,des Érables,,,Mascouche,QC,Québec,J7K 8J9,CA,marcandre.smith@proton.example,+1-468-555-0121,CTR-1000172582,auto,2018-07-03,2026-12-29,actif,2195.85,trimestrielle,prélèvement,AG-PR-001,2018-06-15,2026-07-12,,,
principal,CLI-00172992,M.,Étienne,Pelletier,1991-01-11,M,fr,1002,rue,de l'Anse,,,Saint-Jean-sur-Richelieu,QC,Québec,J3A 7A5,CA,etienne_pelletier@gmail.example,+1-450-555-0129,CTR-1000172992,auto,2020-10-20,2027-02-13,actif,631.36,mensuelle,virement,AG-PR-005,2020-10-17,2020-10-27,,,
principal,CLI-00173482,M.,Noah,Patel,2002-07-03,M,en,449,Boulevard,Highland,,,Montréal,QC,Québec,H4A 7A8,CA,noah3605@yahoo.example,+1-581-555-0146,CTR-1000173482,vie,2022-12-26,,actif,1032.30,mensuelle,prélèvement,AG-PR-005,2022-12-17,2025-10-14,,,
principal,CLI-00173689,M.,Gilles,Gauthier,1982-06-14,M,fr,1533,avenue,de la Traverse,,,G atineau,QC,Québec,J9A 0W5,CA,gilles.gauthier@icloud.example,+1-579-555-0187,CTR-1000173689,auto,2022-01-11,2027-08-02,actif,1832.76,annuelle,prélèvement,AG-PR-007,2021-12-29,2025-12-04,,,
principal,CLI-00173817,M.,Marc,Gané,1998-07-08,M,fr,5812,rue,de la Falaise,,606,Blainville,QC,Québec,J7B  5H0,CA,marc_gagne@icloud.example,+1-450-555-0191,CTR--1000173817,voyage,2022-07-14,,actif,453.98,mensuelle,virement,AG-PR-001,2022-06-28,2022-08-31,,,
principal,CLI-00173988,Mme,Violet,Carter,1992-08-04,F,en,3335,Street,Silverwood,,512,Charlottetown,PE,Île-du-Prince-Édouard,C1E 3A2,CA,violet_carter@gmail.example,+1-782-555-0101,CTR-1000173988,voyage,2023-12-23,2026-12-23,actif,328.07,mensuelle,prélèvement,AG-PR-003,2023-12-01,2026-02-01,,,
principal,CLI-00174083,M.,Xavier,Martel,1998-04-06,M,fr,5143,chemin,des Sommets,Sud,,Montréal,QC,Québec,H1A 8Y0,CA,xavier_martel@outlook.example,+1-819-555-0113,CTR-1000174083,habitation,2024-03-01,,actif,1699.62,annuelle,carte,AG-PR-002,2024-02-13,2025-07-17,,,
principal,CLI-00174365,M.,Thomas,Ouellet,2005-07-18,M,fr,3103,rue,du Moulin,,,Drummondville,QC,Québec,J2E 7H7,CA,ouellet04@outlook.example,+1-418-555-0167,CTR-1000174365,habitation,2026-05-03,,actif,1291.72,trimestrielle,prélèvement,AG-PR-005,2026-05-03,2026-09-09,,,
principal,CLI-00174528,M.,Ethan,Young,2003-06-05,M,en,7703,Street,Fairview,,,Toronto,ON,Ontario,M5V 4B3,CA,ethan.young@gmail.example,+1-519-555-0143,CTR-1000174528,habitation,2026-05-19,2026-08-04,résilié,3009.04,mensuelle,prélèvement,AG-PR-003,2026-05-15,2026-08-15,,,
principal,CLI-00174577,Mme,Isabelle,Lévesque,1945-09-06,F,fr,8220,boulevard,de la Vallée,,,Granby,QC,Québec,J2H 2X0,CA,isabelle.levesque@icloud.example,+1-468-555-0137,CTR-1000174577,auto,2026-02-03,2026-03-21,expiré,2050.86,mensuelle,carte,AG-PR-001,2026-01-26,2026-03-13,,,
principal,CLI-00175049,Mme,Véronique,Grenier,1966-02-24,F,fr,7948,chemin,de l'Église,,553,Québec,QC,Québec,G2B 8H9,CA,vg962@gmail.example,+1-438-555-0109,CTR-1000175049,habitation,2018-09-11,2027-07-04,actif,1518.99,trimestrielle,prélèvement,AG-PR-005,2018-08-16,2022-11-20,,,
principal,CLI-00175126,Mme,Amelia,Green,1944-08-13,F,en,6593,Drive,Rosewood,,449,Mississauga,ON,Ontario,L5B 8A4,CA,amelia.green@yahoo.example,+1-226-555-0183,CTR-1000175126,vie,2022-04-27,2027-07-06,actif,1790.28,mensuelle,prélèvement,AG-PR-002,2022-04-15,2022-10-24,,,
principal,CLI-00175246,M.,Denis,Chen,1981-01-09,M,fr,9629,rue,de l'Anse,,539,Laval,QC,Québec,H7N 1Z3,CA,denis.chen@hotmail.example,+1-819-555-0181,CTR-1000175246,habitation,2022-07-25,2027-03-21,actif,776.21,mensuelle,prélèvement,AG-PR-005,2022-07-19,2025-10-13,,,
principal,CLI-00175259,M.,William,Scott,2006-02-18,M,en,6502,Drive,Northgate,South,297,Repentigny,QC,Québec,J5Y 7W7,CA,wil0523@outlook.example,+1-438-555-0186,CTR-1000175259,auto,2025-03-29,2026-11-29,suspendu,917.84,mensuelle,carte,AG-PR-001,2025-03-16,2025-10-29,,,
principal,CLI-00175570,M.,Elias,Roberts,1964-09-15,M,en,6214,Avenue,Market,,162,Moncton,NB,Nouveau-Brunswick,E1A 2J2,CA,elias9540@icloud.example,+1-506-555-0146,CTR-1000175570,auto,2019-09-04,2026-12-13,actif,661.86,annuelle,chèque,AG-PR-001,2019-08-17,2024-05-21,,,
principal,CLI-00175615,M.,Jacques,Pelletier,2002-01-27,M,fr,4018,boulevard,des Mélèzes,Nord,,Sherbrooke,QC,Québec,J1H 9V2,CA,jac545@hotmail.example,+1-450-555-0156,CTR-1000175615,voyage,2023-09-06,2027-07-02,actif,216.65,mensuelle,virement,AG-PR-008,2023-08-26,2025-07-25,,,
principal,CLI-00176284,Mme,Béatrice,Turcotte,1955-01-03,F,fr,5822,autoroute,des Pins,Est,477,Terrebonne,QC,Québec,J6W 4N7,CA,beatrice832@hotmail.example,+1-819-555-0142,CTR-1000176284,habitation,2022-10-25,2027-04-30,actif,2567.37,annuelle,prélèvement,AG-PR-002,2022-10-05,2025-12-06,2026-07-20,31576.59,ouvert
principal,CLI-00176508,Mme,F  lorence,Patel,1986-11-29,F,fr,3298,avenue,des Pinc,,853,Sherbrooke,QC,Québec,J1H 7B8,CA,flo3869@gmail.example,+1-438-555-0115,CTR-1000176508,habitation,2021-01-01,2027-01-01,actif,1908.53,mensuelle,carte,AG-PR-005,2020-12-21,2023-06-23,,,
principal,CLI-00176589,Mme,Amélie,Ouellet,1979-09-19,F,fr,8398,route,des Cascades,,,Victoriaville,QC,Québec,T5J 1Z7,CA,amelie046@hotmail.example,+1-450-555-0163,CTR-1000176589,habitation,2024-05-15,2024-12-15,expiré_X,2160.32,mensuelle,carte,AG-PR-007,2024-04-21,2024-09-27,,,
principal,CLI-00176859,Mme,Chantal,Fortin,1979-03-22,F,fr,1937,avenue,de la Clairière,,,Terrebonne,QC,Québec,J6W 7J5,CA,chantal49@gmail.example,+1-873-555-0115,CTR-1000176859,auto,2019-06-21,2027-04-30,actif,618.27,mensuelle,prélèvement,AG-PR-003,2019-06-06,2021-10-17,,,
principal,CLI-00176975,Mme,Harper,Andesron,1973-07-26,F,en,3656,Avenue,Kingfisher,,662,Brampton,ON,Ontario,L6Y 7G7,CA,harper-anderson@gmail.example,+1-905-555-0191,CTR-100017697,auto,2026-12-29,2024-03-25,actif,598.49,mensuelle,prélèvement,AG-PR-001,2024-03-16,2026-06-30,,,
principal,CLI-00177203,Mme,Émilie,Beaulieu,1938-09-26,F,fr,8101,rue,des Érables,Nord,,Longueuil,QC,Québec,J4K 5N9,CA,emi5550@hotmail.example,+1-418-555-0114,CTR-1000177203,auto,2025-11-06,2027-01-09,actif,1104.48,trimestrielle,carte,AG-PR-004,2025-10-17,2025-10-17,2025-11-12,25785.54,fermé
principal,CLI-00177357,M.,Caleb,Mitchell,2002-09-09,M,en,9962,Avenue,Railway,,,Surrey,BC,Colombie-Britannique,V3R 1R2,CA,caleb.mitchell@outlook.example,+1-604-555-0190,CTR-1000177357,voyage,2024-11-18,2025-02-22,expiré,541.92,mensuelle,carte,AG-PR-007,2024-11-17,2026-07-02,,,
principal,CLI-00177466,Mme,Caroline,Lopez,2007-05-27,F,fr,8742,route,du Boisé,Nord,,Québec,QC,Québec,G2B 6H7,CA,caroline4037@hotmail.example,+1-418-555-0178,CTR-1000177466,habitation,2025-07-12,2027-03-17,actif,1348.78,annuelle,prélèvement,AG-PR-008,2025-07-09,2026-07-23,,,
principal,CLI-00177566,Mme,Floorence,Lewis,1940-01-04,F,fr,9910,avenue,des Chênes,,,Lévis,QC,Québec,G6V 6H1,CA,florence4302@yahoo.example,+1-581-555-0158,CTR-1000177566,habitation,2017-10-09,2026-12-31,actif,2131.51,mensuelle,virement,AG-PR-002,2017-10-02,2023-08-09,,,
principal,CLI-00177674,Mme,Evelyn,Nguyen,1969-09-11,F,en,7626,Way,Birch,,,Toronto,ON,Ontario,M5V 4G5,CA,evelyn-nguyen@gmail.example,+1-807-555-0136,CTR-1000177674,auto,2021-10-05,,actif,1097.61,trimestrielle,virement,AG-PR-005,2021-10-04,2024-08-12,,,
principal,CLI-00177700,M.,Jacques,Chen,1961-07-19,M,fr,114,terrasse,des Trois-Lacs,,,Alma,QC,Québec,G8B  4M2,CA,jacques541@gmail.example,+1-450-555-0150,CTR-1000177700,voyage,2025-02-28,2026-06-28,résilié,707.09,mensuelle,carte,AG-PR-005,2025-02-14,2026-03-23,,,
principal,CLI-00177704,M.,Léo,Lopez,1988-08-03,M,fr,4771,avenue,de la Pinède,,,Repentigny,QC,Québec,J5Y 0L8,CA,ll007@gmail.example,+1-514-555-0195,CTR-1000177704,voyage,2021-11-26,2027-05-19,suspendu,191.53,annuelle,prélèvement,AG-PR-001,2021-11-07,2023-10-30,2023-05-14,4007.54,fermé
principal,CLI-00177784,Mme,Suzanne,Bélanger,1942-07-28,F,fr,9254,promenade,du Parc,,,Blainville,QC,Québec,J7B 9C6,CA,belanger382@gmail.example,+1-418-555-0173,CTR-1000177784,auto,2017-02-03,2027-01-02,actif,1663.35,mensuelle,carte,AG-PR-002,2017-01-13,2023-03-12,,,
principal,CLI-00178172,M.,David,Scott,1969-11-19,M,en,1245,Trail,Northgate,,810,Winnipeg,MB,Manitoba,R3C 2W9,CA,scott7943@yahoo.example,+1-584-555-0100,CTR-1000178172,habitation,2027-05-14,2024-07-01,actif,994.99,mensuelle,prélèvement,AG-PR-001,2024-06-15,2025-12-08,,,
principal,CLI-00178204,Mme,Gabrielle,Cdté,12-30-1994,F,fr,938,croissant,des Trilliums,Nord,810,Lévis,QC,Québec,G6V 0L2,CA,gabrielle1386@outlook.example,+1-581-555-0126,CTR-1000178204,habitation,09-27-2018,09-10-2027,actif,547.49,semestrielle,prélèvement,AG-PR-007,09-06-2018,06-14-2022,,,
principal,CLI-00178596,Mme,Zoé,Leblanc,1967-05-22,F,fr,1275,route,des Chênes,,49,Victoria,BC,Colombie-Britannique,V8V 6E3,CA,zleblanc@bell.example,+1-250-555-0137,CTR-1000178596,habitation,2021-06-30,2027-06-01,actif,665.45,mensuelle,prélèvement,AG-PR-007,2021-06-02,2023-09-18,,,
principal,CLI-00178767,M.,Patrick,Nadeau,1970-06-09,M,fr,8062,rue,des Érables,,,Granby,QC,Québec,J2J 4J5,CA,patrick_nadeau@gmail.example,+1-581-555-0159,CTR-1000178767,auto,2022-08-13,2026-01-28,expiré,1193.05,mensuelle,prélèvement,AG-PR-004,2022-07-25,2023-05-25,,,
principal,CLI-00179513,M.,James,St-Pierre,1976-10-26,M,en,1954,Drive,Clearwater,,217,Winnipeg,MB,Manitoba,R3T 0P9,CA,james_stpierre@hotmail.example,+1-431-555-0188,CTR-1000179513,habitation,2020-09-18,2023-02-13,expiré,1708.31,annuelle,prélèvement,AG-PR-002,2020-09-15,2025-08-09,,,
principal,CLI-00179819,M.,Robert,Rahman,1979-12-20,M,fr,7985,montée,du Marais,,954,Longueuil,QC,Québec,J4K 1G5,CA,rrahman@hotmail.example,+1-873-555-0134,CTR-1000179819,auto,2018-10-07,2022-04-20,expiré,902.64,mensuelle,prélèvement,AG-PR-001,2018-10-01,2024-05-14,,,
principal,CLI-00179822,Mme,Sophie,Fortin,2006-07-25,F,fr,9725,rue,du Versant,,,Gatineau,QC,Québec,J8Y 5K8,CA,sophie37@outlook.example,+1-819-555-0149,CTR-1000179822,voyage,2026-06-18,2026-08-14,expiré,412.67,mensuelle,chèque,AG-PR-008,2026-05-23,2026-08-18,,,
principal,CLI-00180643,M.,Alain,Beaulieu,1967-11-15,M,fr,3108,avenue,de la Traverse,,244,Sorel-Tracy,QC,Québec,J3R 1W2,CA,beaulieu7672@icloud.example,+1-450-555-0166,CTR-1000180643,habitation,2020-12-07,2026-11-22,actif,965.87,mensuelle,prélèvement,AG-PR-003,2020-11-11,2026-02-15,2025-03-01,,en_cours
principal,CLI-00180895,M.,Lucas,Scott,1969-03-29,M,en,6989,Crescent,Bluebird,North,76,Surrey,BC,Colombie-Britannique,V3R 5M6,CA,luc2791@outlook.example,+1-250-555-0105,CTR-1000180895,auto,2022-08-26,2027-07-15,actif,1009.53,mensuelle,carte,AG-PR-006,2022-08-22,2023-02-22,,,
principal,CLI-00180970,Mme,Gianna,Gagnon,1958-12-20,F,en,7478,Road,Willow,North,,Prince George,BC,Colombie-Britannique,V2L 6W6,CA,giannag@videotron.example,+1-672-555-0138,CTR-1000180970,habitation,2021-06-20,2026-10-24,actif,2165.75,mensuelle,carte,AG-PR-005,2021-05-23,2022-07-03,,,
principal,CLI-00181100,M.,Alexander,Taylor,1937-09-19,M,en,3893,Terrace,Sunset,South,,Dollard-des-Ormeaux,QC,Québec,H9G 8A7,CA,taylor.alexander@gmail.example,+1-579-555-0110,CTR-1000181100,auto,2019-12-02,2027-06-07,actif,1044.87,trimestrielle,prélèvement,AG-PR-004,2019-12-01,2024-05-21,,,
principal,CLI-00181125,Mme,Monique,Rahman,1987-11-10,F,fr,6375,avenue,des Érables,,517,Montréal,QC,Québec,H4A 2K3,CA,monique-rahman@hotmail.example,+1-450-555-0155,CTR-1000181125,auto,2023-09-28,,actif,687.94,annuelle,chèque,AG-PR-002,2023-09-13,2025-10-27,,,
principal,CLI-00181127,Mme,Véronique,Bélanger,1964-06-03,F,fr,2615,rue,des Prairies,,,atineau,QC,Québec,J8Y 5H1,CA,belanger5609@hotmail.example,+1-819-555-0166,CTR-1000181127,voyage,2020-10-10,2027-05-12,actif,722.59,mensuelle,prélèvement,AG-PR-008,2020-09-25,2022-12-24,,,
principal,CLI-00181454,M.,Mathieu,Landry,1969-07-02,M,fr,4011,rang,des Prairies,,,Montréal,QC,Québec,H4A 8G3,CA,mathieu_landry@gmail.example,+1-418-555-0170,CTR-1000181454,vie,2022-02-12,2027-09-15,actif,774.26,mensuelle,prélèvement,AG-PR-005,2022-01-20,2022-07-15,,,
principal,CLI-00181468,Mme,Sophie,Ouellet,1981-04-15,F,fr,9982,boulevard,des Lilas,,,Terrebonne,QC,Québec,J6W 9Z6,CA,sophie-ouellet@gmail.example,+1-418-555-0124,CTR-1000181468,voyage,2023-03-23,2026-08-02,expiré,238.92,annuelle,virement,AG-PR-005,2023-02-28,2024-03-19,,,
principal,CLI-00181670,M.,Asher,Brown,1973-04-30,M,en,4973,Way,Riverside,,,Terrebonne,QC,Québec,J6W 4P4,CA,asher87@outlook.example,+1-450-555-0106,CTR-1000181670,habitation,2018-11-25,2027-04-30,actif,567.70,mensuelle,carte,AG-PR-001,2018-11-15,2025-05-05,2020-06-20,32934.00,fermé
principal,CLI-00181697,Mme,France,Boucher,1962-07-27,F,fr,2955,boulevard,du Versant,,,Saint-Jean-sur-Richelieu,QC,Québec,J3B 5W3,CA,france.boucher@outlook.example,+1-418-555-0197,CTR-1000181697,auto,2023-07-17,2027-08-19,actif,1018.85,annuelle,prélèvement,AG-PR-008,2023-06-30,2025-05-12,,,
principal,CLI-00181904,M.,André,Fournier,1944-12-15,M,fr,4930,boulevard,du Ruisseau,,,Gatineau,QC,Québec,J9A 3R1,CA,af20@icloud.example,+1-438-555-0139,CTR-1000181904,habitation,2017-12-31,2026-11-03,actif,1938.52,mensuelle,prélèvement,AG-PR-001,2017-12-11,2025-05-28,,,
principal,CLI-00182307,M.,Jean,Dubé,1965-10-07,M,fr,5616,croissant,de la Colline,,,Lévis,QC,Québec,G6V 7T4,CA,jea1667@icloud.example,+1-418-555-0175,CTR-1000182307,auto,2020-05-24,,actif,1804.97,trimestrielle,prélèvement,AG-PR-004,2020-04-25,2022-11-05,2020-11-26,45612.09,fermé
principal,CLI-00182339,Mme,Catherine,Wu,1988-07-29,F,fr,5925,boulevard,des Saules,Ouest,185,Lévis,QC,Québec,G6V 7V4,CA,cat82@outlook.example,+1-873-555-0171,CTR-1000182339,habitation,2018-07-24,2027-03-21,actif,1158.49,mensuelle,chèque,AG-PR-001,2018-07-02,2026-07-30,,,
principal,CLI-00183015,M.,Stéphane,Bouchard,1975-11-04,M,fr,5289,rang,des Pionniers,,695,Lévis,QC,Québec,G6W 1P9,CA,stephane18@gmail.example,+1-514-555-0152,CTR-1000183015,auto,2024-07-27,2027-04-05,actif,856.26,mensuelle,chèque,AG-PR-002,2024-07-10,2025-11-11,,,
principal,CLI-00183122,Mme,Madison,Wilson,1950-02-11,F,en,1612,Lane,Greenfield,,235,Charlottetown,PE,Île-du-Prince-Édouard,C1A 4V6,CA,madisonw@icloud.example,+1-902-555-0154,CTR-1000183122,auto,2022-08-31,2027-05-06,actif,690.32,mensuelle,virement,AG-PR-003,2022-08-22,2023-06-26,,,
principal,CLI-00183153,M.,Éric,Lefebvre,1998/04/30,M,fr,364,côte,du Petit-Bois,Sud,,Châteauguay,BC,Colombie-Britannique,J6J 0N0,CA,lefebvre45@icloud.example,+1-581-555-0130,CTR-1000183153,vie,2016-12-27,2026-12-19,actif,2070.70,mensuelle,prélèvement,AG-PR-007,2016-12-24,2018-03-12,,,
principal,CLI-00183251,Mme,Mélanie,Lee,1940-05-30,F,fr,3441,avenue,de la Colline,,,Trois-Rivières,QC,Québec,G8Z 9X9,CA,mel29@yahoo.example,+1-354-555-0190,CTR-1000183251,habitation,2018-12-15,2027-03-22,actif,1335.30,mensuelle,prélèvement,AG-PR-007,2018-12-10,2021-09-03,,,
principal,CLI-00183365,Mme,Ava,Campbell,1987-09-22,F,en,2024,Avenue,Garden,,,Toronto,ON,Ontario,M5V 3A8,CA,avacampbell@outlook.example,+1-249-555-0163,CTR-1000183365,auto,2025-11-25,2027-03-04,actif,587.22,mensuelle,virement,AG-PR-002,2025-11-23,2025-12-01,,,
principal,CLI-00183806,Mme,Audrey,Singh,1941-01-12,F,fr,8285,boulevard,des Trilliums,Est,,Blainville,QC,Québec,J7B 5M2,CA,audrey.singh@proton.example,+1-819-555-0193,CTR-1000183806,vie,2023-03-23,2027-01-24,actif,1456.18,annuelle,prélèvement,AG-PR-002,2023-03-16,2024-06-13,,,
principal,CLI-00183901,M.,François,Nguyen,1986-06-09,M,fr,2699,chemin,des Champs,,,Drummondville,QC,Québec,J2C 7E0,CA,francois06@rogers.example,+1-354-555-0160,CTR-1000183901,voyage,2021-06-16,2027-06-22,actif,97.03,annuelle,prélèvement,AG-PR-002,2021-05-29,2023-01-18,,,
principal,CLI-00184321,M.,Claude,Lewis,1946-04-13,M,fr,340,rue,du Boisé,,,Trois-Rivières,QC,Québec,G8Z 7B2,CA,claude_lewis@outlook.example,+1-418-555-0134,CTR-1000184321,vie,2025-01-15,2027-07-05,actif,926.55,trimestrielle,virement,AG-PR-001,2024-12-19,2025-09-27,,,
principal,CLI-00184536,Mme,Geneviève,Turcotte,1960-01-10,F,fr,2465,route,du Moulin,,809,Shawinigan,QC,Québec,G9N 3Y0,CA,gt14@hotmail.example,+1-468-555-0162,CTR-1000184536,auto,2019-06-08,2027-07-13,actif,314.28,mensuelle,virement,AG-PR-005,2019-06-02,2021-03-29,,,
principal,CLI-0018462,M.,Thomas,Leclerc,1997-04-16,M,fr,7072,montée,du Marais,Est,933,Montréal,QC,Québec,H1A 9R0,CA,tl3954@icloud.example,+1-438-555-0108,CTR--1000184622,auto,2023-01-12,,actif,882.78,annuelle,prélèvement,AG-PR-001,2022-12-18,2025-04-15,,,
principal,CLI-00184790,Mme,Geneviève,Fortin,2007-06-17,F,fr,157,rue,du Rocher,,,Repentigny,QC,Québec,J6A 5L8,CA,fortin.genevieve@hotmail.example,+1-581-555-0193,CTR-1000184790,habitation,2025-12-24,,actif,1595.88,mensuelle,prélèvement,AG-PR-002,2025-12-15,2026-02-12,,,
principal,CLI-00184826,M.,Marc,De Luca,1975-05-27,M,fr,720,rang,des Lilas,,,Blainville,QC,Quebec,J7B 2M3,CA,lavoie565@gmail.example,+1-514-555-0111,CTR-1000184826,habitation,2019-10-24,,actif,2176.24,mensuelle,prélèvement,AG-PR-006,2019-09-25,2024-03-14,,,
principal,CLI-00184846,Mme,Manon,Lévesque,2005-06-15,F,fr,4423,rue,de la Traverse,Ouest,346,Beloeil,QC,Québec,J3G 5X0,CA,manon5870@hotmail.example,+1-468-555-0160,CTR-1000184846,auto,2024-03-08,2026-12-17,actif,1440.28,semestrielle,virement,AG-PR-001,2024-02-24,2026-03-09,,,
principal,CLI-00185294,M.,Robert,Cloutier,2006-09-13,M,fr,1262,avenue,du Plateau,,792,Gatineau,QC,Québec,J8X 7E0,CA,rc83@gmail.example,+1-514-555-0135,CTR-1000185294,auto,2025-06-08,2027-05-05,actif,2421.60,mensuelle,prélèvement,AG-PR-007,2025-05-25,2025-09-08,,,
principal,CLI-00185307,M.,Denis,Johnson,1965-02-12,M,fr,6428,chemin,du Ruisseau,Sud,,Montréal,QC,Québec,H2X 8J0,CA,denis16@gmail.example,+1-819-555-0127,CTR-1000185307,auto,2026-03-17,2027-06-07,actif,1416.28,semestrielle,virement,AG-PR-002,2026-03-08,2026-04-10,,,
principal,CLI-00185379,M.,Robert,Cox,2005-09-08,M,fr,5585,avenue,des Trilliums,Est,,Montréal,QC,Québec,H1A 9E7,CA,robert.cox@outlook.example,+1-819-555-0132,CTR-1000185379,auto,2023-12-14,2026-11-24,actif,1922.70,mensuelle,prélèvement,AG-PR-004,2023-12-08,2025-11-22,,,
principal,CLI-00185394,Mme,Nicole,Chen,1988-05-02,F,fr,1525,rue,de la Vallée,,656,Longueuil,QC,Québec,J4H 7K0,CA,nicole_chen@gmail.example,+1-581-555-0161,CTR-1000185394,auto,2026-06-24,2027-02-25,actif,1210.93,mensuelle,prélèvement,AG-PR-002,2026-06-10,2026-07-28,,,
principal,CLI-00186020,M.,Michel,Gonzalez,1943-09-17,M,fr,8643,rue,du Lac,,,Magog,QC,Québec,J1X 1R3,CA,michel_gonzalez@outlook.example,+1-514-555-0173,CTR-1000186020,voyage,2025-06-25,2025-08-02,expiré,383.07,trimestrielle,prélèvement,AG-PR-007,2025-06-21,2026-05-23,,,
principal,CLI-00186315,Mme,Rosalie,Poulin,1993-06-09,F,fr,2679,impasse,du Soleil-Levant,,648,Rimouski,QC,Québec,G5N 1L7,CA,rosalie_poulin@hotmail.example,+1-263-555-0190,CTR-1000186315,voyage,2020-01-17,,actif,346.64,mensuelle,carte,AG-PR-002,2019-12-27,2025-12-30,,,
principal,CLI-00186332,M.,Gabriel,Lévesque,1999-05-23,M,fr,5316,terrasse,des Sommets,Ouest,,Rimouski,QC,Québec,G5N 4X1,CA,gabriell@icloud.example,+1-873-555-0162,CTR-1000186332,auto,2024-01-18,2027-06-12,actif,1617.76,mensuelle,virement,AG-PR-002,2024-01-08,2025-07-08,,,
principal,CLI-00186371,Mme,Élise,Tremblay,1957-08-15,F,fr,1305,route,des Cascades,,,Québec,QC,Québec,G1R 7L5,CA,elise-tremblay@yahoo.example,+1-367-555-0173,CTR-1000186371,auto,2016-09-23,2025-01-10,résilié,800.48,mensuelle,carte,AG-PR-002,2016-08-29,2021-01-02,,,
principal,CLI-00186595,M.,Nicolas,Roy,1993-02-17,M,fr,3292,route,de l'École,,360,Montréal,QC,Québec,H3G 7B7,CA,nicolas27@bell.example,+1-468-555-0163,CTR-1000186595,auto,2024-02-24,,actif,1935.66,mensuelle,chèque,AG-PR-001,2024-02-23,2025-06-11,2024-09-27,4969.63,ouvert
principal,CLI-00186879,Mme,Amelia,Brown,1985-12-28,F,en,9852,Crescent,Bluebird,East,,Terrebonne,QC,Québec,J6W 7B5,CA,brown.amelia@bell.example,+1-819-555-0186,CTR-1000186879,voyage,2026-07-14,2027-03-26,actif,282.35,mensuelle,prélèvement,AG-PR-007,2026-06-17,2026-09-12,,,
principal,CLI-00187645,Mme,Sylvie,Michaud,1982-03-19,F,fr,2525,rue,des Hirondelles,,,Shawinigan,QC,Québec,G9T 8M4,CA,michaud037@outlook.example,+1-514-555-0168,CTR-1000187645,vie,2022-10-04,,suspendu,2466.68,mensuelle,prélèvement,AG-PR-006,2022-09-09,2025-12-30,,,
principal,CLI-00187677,Mme,Anne-Marie,Rodriguez,1988-03-17,F,fr,4640,chemin,des Vents,Ouest,,Saint-Jérôme,QC,Québec,J7Z 2Y2,CA,arodriguez@hotmail.example,+1-873-555-0102,CTR-1000187677,habitation,2023-06-28,2027-01-02,actif,1537.22,mensuelle,prélèvement,AG-PR-007,2023-06-17,2024-03-03,,,
principal,CLI-00187829,Mme,Mia,Lewis,1953-01-19,F,en,4728,Street,Oak,,758,Toronto,ON,Ontario,M4W 5V7,CA,mia44@outlook.example,+1-519-555-0104,CTR-1000187829,voyage,2021-10-24,2027-09-12,actif,498.43,semestrielle,prélèvement,AG-PR-006,2021-10-13,2022-02-25,,,
principal,CLI-00188189,Mme,Marie,Leblanc,1946-09-03,F,fr,4460,croissant,des Épinettes,,,Québec,QC,Québec,G1 8T0,CA,marie8516@gmail.example,+1-263-555-0189,CTR-1000188189,auto,2025-04-06,2027-04-20,actif,1929.61,annuelle,carte,AG-PR-001,2025-03-19,2025-08-03,,,
principal,CLI-00188457,M.,Charlotte,cloutier,1969-12-07,M,fr,9745,place,de la riviere,,,joliette,QC,quebec,J6E 0Y6,CA,alain88@gmail.example,+1-263-555-0169,CTR-1000188457,auto,2019-03-19,2026-11-21,actif,1366.59,mensuelle,prélèvement,AG-PR-008,2019-03-19,2019-12-22,2021-02-14,19006.52,fermé
principal,CLI-00188673,M.,Jean-François,Bouchard,1958-10-12,M,fr,7560,boulevard,du Versant,Sud,,Montréal,QC,Québec,H3G 2Z1,CA,bouchard6710@hotmail.example,+1-468-555-0195,CTR-1000188673,vie,2017-07-11,2026-10-29,actif,2686.42,mensuelle,carte,AG-PR-003,2017-07-03,2019-08-20,,,
principal,CLI-00188839,M.,Jean,Cloutier,1967-09-23,M,fr,9062,boulevard,du Ruisseau,,,Montréal,QC,Québec,H1A 0J3,CA,jean176@gmail.example,+1-819-555-0152,CTR-1000188839,habitation,2022-02-04,2027-09-10,actif,1561.35,trimestrielle,prélèvement,AG-PR-002,2022-01-18,2025-12-11,,,
principal,CLI-00189405,M.,André,Martel,1983-06-08,M,fr,6966,rang,du Vieux-Pont,,,Laval,QC,Québec,H7W 3R1,CA,andre_martel@outlook.example,+1-819-555-0147,CTR-1000189405,habitation,2017-09-06,,actif,2562.45,mensuelle,prélèvement,AG-PR-001,2017-08-09,2022-11-30,,,
principal,CLI-00189437,Mme,Sofia,Johnson,2005-09-15,F,en,8217,Drive,Sunset,West,,Lethbridge,AB,Alberta,T1K 3W7,CA,sofiajohnson@videotron.example,+1-587-555-0105,CTR-1000189437,auto,2026-09-01,2027-02-09,actif,615.98,mensuelle,prélèvement,AG-PR-002,2026-08-06,2026-09-13,,,
principal,CLI-00189444,M.,Luke,Green,1975-01-31,M,en,9626,Street,Sunset,,,Saskatoon,SK,Saskatchewan,S7K 5Y3,CA,luke3514@gmail.example,+1-306-555-0137,CTR-1000189444,auto,2024-08-05,,actif,870.26,mensuelle,prélèvement,AG-PR-002,2024-07-11,2024-12-25,2025-07-15,19835.95,en_cours
principal,CLI-00189570,M.,Nicolas,Tremblay,1990-04-27,M,fr,2217,route,des Geais-Bleus,Nord,,Montréal,qc,Québec,H3G 8J4,CA,nicolas-tremblay@yahoo.example,+1-438-555-0198,CTR-1000189570,habitation,2023-02-24,2027-07-19,actif,2152.05,mensuelle,carte,AG-ON-001,2023-01-27,2026-06-30,,,
principal,CLI-00189624,M.,Daniel,Beaulieu,1990-01-26,M,fr,8864,place,de la Vallée,,,Saint-Jean-sur-Richelieu,QC,Québec,J3B 4Y2,CA,daniel589@proton.example,+1-579-555-0102,CTR-1000189624,vie,2018-11-22,,actif,688.73,mensuelle,prélèvement,AG-PR-003,2018-11-12,2019-08-20,,,
principal,CLI-00189740,Mme,Marie-Ève,Côté,1939-03-29,F,fr,8764,chemin,des Pins,,,Montréal,QC,Québec,H2X 4V3,CA,marieeve-cote@icloud.example,+1-438-555-0184,CTR-1000189740,auto,2023-08-22,2026-11-26,actif,670.36,annuelle,carte,AG-PR-001,2023-08-08,2025-10-08,,,
principal,CLI-00189751,Mme,Sophie,Michaud,1973-08-31,F,fr,302,chemin,des Pins,,,Shawinigan,QC,Québec,G9P 9V3,CA,sophie.michaud@proton.example,+1-354-555-0140,CTR-1000189751,auto,2026-02-11,2027-09-04,actif,1527.71,mensuelle,chèque,AG-PR-001,2026-02-05,2026-05-25,2026-04-01,32757.46,fermé
principal,CLI-00189852,M.,Joseph,Anderson,1960-07-20,M,en,903,Street,Mountainview,West,,Calgary,AB,Alberta,T2P 2R2,CA,joseph_anderson@gmail.example,+1-587-555-0116,CTR-1000189852,auto,2019-10-05,2027-06-06,actif,1200.03,mensuelle,prélèvement,AG-PR-001,2019-09-15,2022-07-02,,,
principal,CLI-00189961,M.,Mateo,Brown,2005-10-23,M,en,1010,Trail,Maple,North,,Mississauga,ON,Ontario,L5G 1T6,CA,mateobrown@outlook.example,+1-343-555-0144,CTR-1000189961,auto,2024-11-14,2026-02-11,résilié,2273.89,mensuelle,virement,AG-PR-002,2024-10-28,2025-09-16,,,
principal,CLI-00190045,Mme,Julie,Côté,1947-08-27,F,fr,5166,boulevard,de la Colline,,,Lévis,QC,Québec,G6W 4W0,CA,juliecote@rogers.example,+1-819-555-0103,CTR-1000190045,voyage,2016-12-06,2027-02-04,actif,455.54,mensuelle,prélèvement,AG-PR-001,2016-11-17,2021-04-12,,,
principal,CLI-00190407,Mme,Zoé,Leblanc,1960-09-09,F,fr,2186,terrasse,des Champs,Nord,641,Granby,QC,Québec,J2G 5P3,CA,zleblanc@gmail.example,+1-819-555-0177,CTR-1000190407,auto,2024-12-18,2025-03-03,résilié,1932.38,mensuelle,carte,AG-PR-001,2024-12-04,2025-12-26,2025-02-14,,en_cours
principal,CLI-00190500,Mme,Sophia,Campbell,1991-12-14,F,en,1498,Terrace,Highland,South,,Toronto,ON,Ontario,M5V 5Y0,CA,sophia_campbell@hotmail.example,+1-807-555-0129,CTR-1000190500,vie,2018-05-22,2027-01-19,suspendu,2570.83,mensuelle,carte,AG-PR-001,2018-05-13,2020-06-13,,,
principal,CLI-00190701,Mme,Victoria,Mitchell,1977-04-02,F,en,1223,Avenue,Valleyview,,,Calgary,AB,Alberta,T2P 85,CA,vic1581@gmail.example,+1-403-555-0133,CTR-1000190701,auto,2018/10/12,2027/07/04,actif,1498.18,mensuelle,carte,AG-PR-001,2018-09-13,2019-04-15,,,
principal,CLI-00190868,Mme,Charlotte,Smith,1943-05-03,F,en,4377,Terrace,Greenfield,,,Vancouver,BC,Colombie-Britannique,V5K 5H5,CA,charlotte.smith@yahoo.example,+1-236-555-0133,CTR-1000190868,auto,2018-01-20,2027-07-23,actif,1133.05,mensuelle,prélèvement,AG-PR-003,2017-12-31,2024-12-17,,,
principal,CLI-00190952,Mme,Geneviève,Lewis,1937-03-17,F,fr,358,chemin,des Tulipes,,165,Trois-Rivières,QC,Québec,G8Z 7R7,CA,genevieve2304@hotmail.example,+1-579-555-0151,CTR-1000190952,auto,2019-08-19,2027-01-03,actif,937.45,mensuelle,prélèvement,AG-PR-002,2019-08-07,2024-09-27,,,
principal,CLI-00191119,Mme,Gianna,Nelson,1970-10-13,F,en,5101,Road,Maple,,928,St. John's,NL,Terre-Neuve-et-Labrador,A1A 4W0,CA,gianna.nelson@hotmail.example,+1-879-555-0145,CTR-1000191119,auto,2025-11-04,2027-07-26,actif,338.68,mensuelle,prélèvement,AG-PR-006,2025-10-29,2025-11-16,,,
principal,CLI-00191570,M.,Stéphane,Fortin,1981-06-30,M,fr,9866,impasse,de la Clairière,Est,,Montréal,QC,Québec,H2X 8M8,CA,ste606@outlook.example,+1-579-555-0172,CTR-1000191570,auto,2016-10-19,2019-08-08,expiré,499.59,mensuelle,prélèvement,AG-PR-001,2016-09-28,2024-09-16,2019-04-14,7173.65,fermé
principal,CLI-00191681,Mme,Stéphanie,St-Pierre,1967-12-21,F,fr,1925,avenue,de la Colline,,283,Laval,QC,Québec,H7W 9G4,CA,stpierre537@videotron.example,+1-579-555-0156,CTR-1000191681,voyage,2017-12-14,2027-05-16,actif,146.47,mensuelle,carte,AG-PR-006,2017-12-10,2023-09-07,2021-02-15,,ouvert
principal,CLI-00191842,M.,Jean-François,Côté,1985-04-15,M,fr,2609,promenade,de la Pinède,,,Montréal,QC,Québec,H1A 1X3,CA,cote45@icloud.example,+1-581-555-0179,CTR-1000191842,auto,2025-05-23,,actif,704.11,mensuelle,prélèvement,AG-PR-008,2025-05-01,2026-07-22,,,
principal,CLI-00191870,Mme,Sylvie,Girard,1984-05-10,F,fr,1875,rue,des Bouleaux,,632,Longueuil,QC,Québec,J4H 2C6,CA,sylviegirard@bell.example,+1-418-555-0148,CTR--1000191870,auto,2021-10-03,2027-05-11,actif,1521.41,mensuelle,prélèvement,AG-PR-001,2021-09-21,2024-04-06,,,
principal,CLI-00192013,Mme,Stéphanie,Proulx,1986-12-05,F,fr,5677,avenue,des Peupliers,,,Drummondville,QC,Québec,J2E 3J0,CA,ste302@yahoo.example,+1-438-555-0192,CTR-1000192013,auto,2022-10-28,2027-07-12,actif,1750.48,mensuelle,prélèvement,AG-PR-006,2022-10-23,2022-12-03,,,
principal,CLI-00192057,Mme,Marie-Ève,Gagné,2001-09-13,F,fr,9267,boulevard,de la Gare,,,Lévis,QC,Québec,G6V 4L1,CA,marieeve9119@gmail.example,+1-450-555-0126,CTR-1000192057,voyage,2021-09-03,2027-06-11,actif,123.59,mensuelle,chèque,AG-PR-001,2021-08-26,2024-04-11,,,
principal,CLI-00192479,M.,Louis,Morin,1994-12-24,M,fr,767,avenue,des Vents,,,Montréal,QC,Québec,H3G 9Z9,CA,marieclaudemorin@hotmail.example,+1-418-555-0157,CTR-1000192479,habitation,2023-05-15,2027-05-28,actif,1524.42,annuelle,carte,AG--PR-003,2023-05-02,2026-05-05,2026-08-12,106394.10,fermé
principal,CLI-00192748,Mme,Catherine,Bouchard,1987-01-22,F,fr,5104,route,du Moulin,,,Québec,QC,Québec,G1V 8T7,CA,catherine8464@gmail.example,+1-438-555-0102,CTR-1000192748,voyage,2019-03-01,,actif,260.27,mensuelle,prélèvement,AG-PR-003,2019-02-19,2024-08-22,,,
principal,CLI-00193174,Mme,Gabrielle,Tran,1984-10-25,F,fr,1259,avenue,des Pionniers,,855,Laval,QC,Québec,H7W 9H0,ca,gtran@proton.example,+1-354-555-0114,CTR-1000193174,auto,2023-11-20,2026-11-30,actif,1500.16,mensuelle,carte,AG-PR-004,2023-11-16,2024-02-19,,,
principal,CLI-00193219,Mme,Jade,eLfebvre,1940-10-24,F,en,7694,Trail,Oak,,,Winnipeg,MB,Manitoba,R3T  2N4,CA,lefebvre0696@gmail.example,+1-873-555-0179,CTR-1000193219,habitation,2022-05-23,,actif,1029.91,trimestrielle,carte,AG-PR-002,2022-05-23,2026-06-27,2022-12-10,45150.70,ouvert
principal,CLI-00193426,M.,Michel,Côté,1999-01-08,M,fr,1377,avenue,des Vents,,,Montréal,QC,Québec,H2X 4G6,CA,mic465@hotmail.example,+1  418-555-0116,CTR-1000193426,habitation,2022-12-10,,actif,1035.51,mensuelle,prélèvement,AG-PR-004,2022-11-12,2025/05/14,,,
principal,CLI-00193762,Mme,Chloe,Caron,2001-06-12,F,en,3559,Way,School,South,,London,ON,Ontario,N6G 4J3,CA,chloe.caron@yahoo.example,+1-905-555-0140,CTR-1000193762,auto,2022-10-02,2027-04-06,actif,177.89,mensuelle,prélèvement,AG-PR-005,2022-09-18,2024-02-17,,,
principal,CLI-00193941,M.,Louis-Philippe,Côté,1976-06-15,M,fr,8087,rue,du Ruisseau,,,Rouyn-Noranda,QC,Québec,J9X 8L5,CA,louisphilippe85@outlook.example,+1-581-555-0148,CTR-1000193941,auto,2026-02-12,2026-05-21,expiré,1131.07,annuelle,prélèvement,AG-PR-006,2026-01-22,2026-02-08,,,
principal,CLI-00194099,Mme,Ella,Pham,1939-11-25,F,en,7272,Street,Rosewood,,41,Lévis,QC,Québec,G6W 0S5,CA,ella.pham@outlook.example,+1-581-555-0135,CTR-1000194099,auto,2026-08-20,2027-06-28,actif,586.19,mensuelle,virement,AG-PR-001,2026-08-05,2026-08-07,,,
principal,CLI-00194194,Mme,Valérie,Caron,1992-02-27,F,fr,1259,avenue,des Épinettes,,,Sherbrooke,QC,Québec,J1H 3P6,CA,valerie-caron@gmail.example,+1-514-555-0184,CTR-1000194194,auto,2017-10-02,2024-01-18,expiré,1094.94,mensuelle,prélèvement,AG-PR-003,2017-09-18,2019-07-08,,,
principal,CLI-00194731,Mme,Sofia,Carter,1999-05-19,F,en,5526,Drive,Meadow,,495,Brandon,MB,Manitoba,R7A 7L3,CA,scarter@yahoo.example,+1-204-555-0150,CTR-1000194731,auto,2020-12-29,2027-01-19,suspendu,1193.21,mensuelle,prélèvement,AG-PR-005,2020-12-06,2022-11-07,,,
principal,CLI-00195149,M.,Jean,Lévesque,1964-01-15,M,fr,2336,rang,du Plateau,,993,Rivière-du-Loup,QC,Québec,J3E 1A1,CA,jeanlevesque@proton.example,+1-367-555-0156,CTR-1000195149,auto,2019-01-25,,actif,509.35,mensuelle,chèque,AG-PR-007,2019-01-23,2024-08-02,,,
principal,CLI-00195244,M.,Michael,Anderson,1968-06-13,M,en,5954,Street,Rockyview,,,Winnipeg,MB,Manitoba,R3C 4A7,CA,michael-anderson@icloud.example,+1-431-555-0191,CTR-1000195244,habitation,2019-10-03,2027-09-16,actif,821.70,annuelle,prélèvement,AG-PR-001,2019-09-18,2021-06-02,,,
principal,CLI-00195262,M.,Michel,Girard,1963-12-09,M,fr,3232,avenue,des Lilas,,,Victoriaville,QC,Québec,G6S 2A1,CA,michel6661@gmail.example,+1-819-555-0150,CTR-1000195262,voyage,2017-07-26,,actif,165.56,annuelle,virement,AG-PR-002,2017-06-27,2026-03-28,2025-06-02,6217.23,ouvert
principal,CLI-00195423,Mme,Juliette,Paquette,1984-07-20,F,fr,6554,route,des Ormes,,,Drummondville,QC,Québec,J2C 1T0,CA,paquette007@hotmail.example,+1-468-555-0175,CTR-1000195423,auto,2022-07-24,2025-02-01,expiré,1420.16,trimestrielle,virement,AG-PR-005,2022-07-15,2023-03-22,,,
principal,CLI-00195474,M.,Antoine,Caron,1937-09-16,M,fr,3878,rue,des Lilas,,,Québec,QC,Québec,G1R 1X7,CA,antoine_caron@outlook.example,+1-819-555-0100,CTR-1000195474,voyage,2024-02-20,2026-12-22,actif,786.78,mensuelle,carte,AG-PR-001,2024-01-23,2025-09-21,,,
principal,CLI-00195493,M.,Marc,Gagné,1937-05-22,M,fr,4277,avenue,du Lac,,88,Granby,QC,Québec,J2J 8S5,CA,mar853@yahoo.example,+1-579-555-0109,CTR-1000195493,habitation,2026-04-12,2027-01-17,actif,2142.06,trimestrielle,prélèvement,AG-PR-006,2026-03-24,2026-07-15,,,
principal,CLI-00195591,M.,Michel,Fournier,2006-10-01,M,fr,6037,rue,de la Rivière,Sud,,Sept-Îles,QC,Québec,G4R 0Y4,CA,michel49@gmail.example,+1-438-555-0100,CTR-1000195591,voyage,2025-10-17,2026-03-31,expiré,241.56,annuelle,prélèvement,AG-PR-003,2025-09-29,2026-08-31,,,
principal,CLI-00195678,M.,Simon,Bouchard,1937-09-29,M,fr,8664,boulevard,du Marais,,,Longueuil,QC,Québec,J4H 4W1,CA,sb5373@gmail.example,+1-873-555-0130,CTR-1000195678,auto,2019-10-10,2027-03-12,actif,1725.86,trimestrielle,prélèvement,AG-PR-002,2019-09-20,2025-05-10,,,
principal,CLI-00195845,M.,Félix,Phillisp,1939-12-24,M,fr,6919,rue,des Mélèzes,,,Rivière-du-Loup,QC,Québec,G5 8N1,CA,felix_phillips@gmail.example,+1-263-555-0173,CTR-1000195845,auto,2025-04-02,2026-11-08,actif,863.22,mensuelle,prélèvement,AG-QC-002,2025-03-25,2026-04-21,,,
principal,CLI-00195884,Mme,Diane,Paquette,1992-01-14,F,fr,5221,terrasse,de l'Aube,,,Laval,QC,Québec,H7N 7E5,CA,paquette9113@gmail.example,+1-354-555-0197,CTR-1000195884,auto,2024-04-29,,actif,1559.24,annuelle,prélèvement,AG-PR-001,2024-04-28,2024-08-15,,,
principal,CLI-00195958,Mme,Marie,Gagnon,1940-06-25,F,fr,4488,terrasse,de la Clairière,,,Saguenay,QC,Québec,G7H 1Y5,CA,marie824@icloud.example,+1-418-555-0154,CTR-1000195958,habitation,2017-08-03,2027-04-04,suspendu,891.79,annuelle,carte,AG-PR-006,2017-07-13,2024-08-27,,,
principal,CLI-00196384,Mme,Suzanne,Parent,1958-07-19,F,fr,4817,rue,du Versant,,,Québec,QC,Québec,G1V 7V2,CA,suzanneparent@outlook.example,+1-514-555-0124,CTR-1000196384,habitation,2023-11-27,2026-11-30,actif,1890.53,annuelle,virement,AG-PR-001,2023-11-03,2025-09-01,,,
principal,CLI-00196416,M.,Jean,Poulin,1985-02-06,M,fr,2126,avenue,des Trilliums,,,Terrebonne,QC,Québec,J6W 6J0,CA,poulin34@gmail.example,+1-468-555-0155,CTR-1000196416,voyage,2022-03-11,2023-02-20,résilié,350.15,annuelle,prélèvement,AG-PR-003,2022-03-08,2026-05-14,,,
principal,CLI-00196599,Mme,Aria,Thompson,1973-05-20,F,en,5900,Street,Mountainview,,,Edmonton,AB,Alberta,T5J 9H3,CA,at3043@outlook.example,+1-587-555-0193,CTR-1000196599,habitation,2023-03-15,2027-05-02,actif,1088.76,mensuelle,prelevement,AG--PR-002,2023-02-22,2023-12-04,,,
principal,CLI-00196885,M.,André,Gauthier,1995-04-16,M,fr,7080,carré,des Trilliums,,328,Gatineau,QC,Québec,J8Y 0C8,CA,gauthier077@icloud.example,+1-450-555-0111,CTR-1000196885,vie,2021-04-01,2026-08-02,expiré,1308.66,mensuelle,carte,AG-PR-001,2021-03-08,2022-01-18,,,
principal,CLI-00196965,M.,William,Bouchard,1954-08-24,M,fr,7142,croissant,des Hirondelles,,373,Montréal,QC,Québec,H3G 7E4,CA,wil3897@gmail.example,+1-819-555-0105,CTR-1000196965,habitation,2025-02-01,2026-12-04,actif,881.05,annuelle,prélèvement,AG-PR-003,2025-01-30,2026-06-08,2025-10-17,24447.05,fermé
principal,CLI-00197005,Mme,Catherine,Martel,1996-05-02,F,fr,7833,rang,du Boisé,,,Shawinigan,QC,Québec,G9P 6K9,CA,martel26@gmail.example,+1-873-555-0171,CTR-1000197005,auto,2023-05-30,,actif,384.62,mensuelle,carte,AG-PR-008,2023-05-11,2024-10-02,2024-07-23,15604.70,fermé
principal,CLI-00197198,M.,Claude,Lessard,1954-03-30,M,fr,2011,promenade,des Pionniers,,,Québec,QC,Québec,G1R 6E0,CA,lessard.claude@icloud.example,+1-514-555-0154,CTR-1000197198,vie,2026-01-15,2027-09-07,suspendu,1992.48,mensuelle,prélèvement,AG-PR-001,2025-12-30,2026-07-25,,,
principal,CLI-00197361,M.,Henry,Roberts,1987-06-14,M,en,7859,Trail,Sunset,,,Calgary,AB,Alberta,T2P 2T1,CA,henry.roberts@proton.example,+1-587-555-0105,CTR-1000197361,habitation,2017-06-20,2024-04-21,expiré,-2505.91,mensuelle,prélèvement,AG-PR-005,2017-06-05,2021-03-06,,,
principal,CLI-00197461,M.,Marc,Lee,1954-07-13,M,fr,3028,place,du Ruisseau,,389,Montréal,QC,Québec,H3G 2X0,CA,marc-lee@gmail.example,+1-450-555-0194,CTR-1000197461,habitation,2025-03-28,2026-04-02,expiré,894.63,mensuelle,prélèvement,AG-PR-002,2025-03-17,2026-06-23,,,
principal,CLI-00197590,M.,Claude,Leclerc,1973-08-29,M,fr,8980,boulevard,des Érables,,,Laval,QC,Québec,H7N 4Y0,CA,claude546@gmail.example,+1-514-555-0177,CTR-1000197590,habitation,2022-11-21,2026-03-01,résilié,880.33,mensuelle,prélèvement,AG-PR-007,2022-11-14,2023-02-17,,,
principal,CLI-00197633,Mme,Mélanie,Bouchard,1962-06-16,F,fr,7568,avenue,des Lilas,,686,Drummondville,QC,Québec,J2B 2K0,CA,bouchard5096@outlook.example,+1-819-555-0142,CTR-1000197633,vie,2022-03-23,2026-11-20,actif,1926.45,mensuelle,prélèvement,AG-PR-007,2022-03-06,2025-01-05,,,
principal,CLI-00197892,Mme,Ella,Whiwe,1970-12-08,F,en,8963,Road,Brookside,,,Edmonton,AB,Alberta,T6G 0S8,CA,ell354@bell.example,+1-587-555-0179,CTR-1000197892,auto,2017-02-01,2025-12-27,expiré,1110.45,mensuelle,carte,AG-PR-001,2017-01-07,2026-08-13,,,
principal,CLI-00198159,Mme,Mia,Smith,1953-08-18,F,en,1542,Drive,Valleyview,,,Mississauga,ON,Ontario,L5G 7Y7,CA,mia9398@gmail.example,+1-905-555-0197,CTR-1000198159,vie,2017-02-26,2027-06-02,suspendu,1603.00,annuelle,carte,AG-PR-001,2017/02/23,2018-01-06,,,
principal,CLI-00198348,Mme,Monique,Thibault,1986-08-19,F,fr,891,allée,des Épinettes,,,Repentigny,QC,Québec,J6A 7J0,CA,mon9334@gmail.example,+1-418-555-0150,CTR-1000198348,auto,2018-06-28,2027-07-03,actif,1182.70,trimestrielle,prélèvement,AG-PR-004,2018-06-17,2019-11-11,2020-01-16,,en_cours
principal,CLI-00199225,M.,André,Bouchard,1964-12-26,M,fr,1596,boulevard,du Lac,Ouest,378,Saint-Jérôme,QC,Québec,J7Y 6Z4,CA,andre671@icloud.example,+1-819-555-0188,CTR-1000199225,voyage,2026-02-08,2027-01-29,actif,379.85,mensuelle,prélèvement,AG-PR-006,2026-02-05,2026-03-14,2026-08-21,,en_cours
principal,CLI-00199320,Mme,Elizabeth,Campbell,1996-07-13,F,en,7819,Avenue,Spring,,754,Edmonton,AB,Alberta,T5J 7Y0,CA,elizabethcampbell@hotmail.example,+1-780-555-0168,CTR-1000199320,auto,2019-12-17,2027-09-16,actif,1023.75,annuelle,prélèvement,AG-PR-006,2019-11-29,2023-03-05,2026-02-24,19202.49,fermé
principal,CLI-00199575,M.,Sylvain,Bouchard,1939-08-12,M,fr,3710,boulevard,des Tulipes,,17,Terrebonne,QC,Québec,J6X 7Y4,CA,bouchard.sylvain@yahoo.example,+1-418-555-0104,CTR-1000199575,auto,2018-09-10,2024-05-08,résilié,2333.82,mensuelle,carte,AG-PR-004,2018-09-09,2019-10-03,,,
principal,CLI-00199581,Mme,Florence,Leblanc,1952-04-29,F,fr,2522,promenade,du Ruisseau,Ouest,710,Trois-Rivières,QC,Québec,G9A 2H1,CA,florenceleblanc@hotmail.example,+1-418-555-0181,CTR-1000199581,habitation,2017-09-11,2027-01-19,actif,1235.82,mensuelle,prélèvement,AG-PR-002,2017-09-08,2021-09-05,2026-05-24,33977.71,en_cours
principal,CLI-00199729,Mme,Aurora,Wilson,1979-02-22,F,en,1286,Lane,Hillcrest,South,,Ottawa,ON,Ontario,K1P 1N6,CA,aurora.wilson@hotmail.example,+1-416-555-0171,CTR-1000199729,habitation,2018-08-20,2027-04-01,actif,931.66,mensuelle,carte,AG-PR-008,2018-08-07,2021-01-22,,,
principal,CLI-00199882,Mme,Marie-Ève,Girard,1961-02-13,F,fr,3310,chemin,de la Colline,Sud,,Gaspé,QC,Québec,G4X 3T9,CA,marieeve.girard@videotron.example,+1-819-555-0105,CTR-1000199882,auto,2019-10-07,2027-09-14,actif,914.04,annuelle,virement,AG-PR-004,2019-10-06,2022-06-28,,,
principal,CLI-00199998,Mme,Catherine,Garcia,1940-08-17,F,fr,6534,boulevard,du Moulin,,144,Gatineau,QC,Québec,J8Y 7Y7,CA,garcia.catherine@yahoo.example,+1-873-555-0170,CTR-1000199998,auto,2022-06-01,2027-05-18,actif,981.73,mensuelle,carte,AG-PR-001,2022-05-09,2023-12-22,2023-06-18,16684.54,fermé
ontario,ONT0000157,Mme,Camila,Walker,09-23-1965,F,en,2781,Court,Rosewood,West,373,Ottawa,ON,Ontario,K1P 7X1,CA,camila.walker@hotmail.example,+1-343-555-0170,CTR-200000015,auto,11-05-2022,03-22-2027,actif,1822.46,mensuelle,carte,AG-ON-001,11-02-2022,08-01-2023,,,
ontario,ONT0000188,M.,Daniel,Turner,11-26-1952,M,en,9502,Road,Lakeshore,South,699,Victoriaville,QC,Québec,G6P 2Z0,CA,dan087@hotmail.example,+1-819-555-0138,CTR-2000000188,voyage,01-02-2025,09-04-2027,actif,341.35,annuelle,carte,AG-ON-002,12-06-2024,08-25-2026,,,
ontario,ONT0000289,M.,Lucas,Wilson,03-06-1960,M,en,4219,Drive,Pine,,,London,ON,Ontario,N6A 6X9,CA,lucas669@gmail.example,+1-365-555-0105,CTR-2000000289,voyage,03-04-2022,02-18-2027,actif,71.86,annuelle,prélèvement,AG-ON-005,03-03-2022,03-13-2026,,,
ontario,ONT0000818,M.,Éric,Walker,02-28-1984,M,fr,6810,boulevard,du Ruisseau,,,Waterloo,ON,Ontario,N2L 3B3,CA,eric_walker@hotmail.example,+1-613-555-0166,CTR-2000000818,voyage,11-01-2019,11-03-2026,actif,378.79,annuelle,carte,AG-ON-004,10-02-2019,09-12-2025,,,
ontario,ONT0000981,Mme,Evelyn,Hernandez,08-29-2001,F,en,9154,Drive,Forest,,,Ottawa,ON,Ontario,K1A 9Y0,CA,evelyn.hernandez@gmail.example,+1-705-555-0132,CTR-2000000981,auto,04-20-2026,,actif,582.07,mensuelle,prélèvement,AG-ON-003,03-28-2026,08-19-2026,05-25-2026,29738.87,fermé
ontario,ONT0000982,Mme,Emily,Young,12-23-1954,F,en,1541,Road,Garden,,,Joliette,QC,Québec,J6E 7E0,CA,emily53@bell.example,+1-450-555-0155,CTR-2000000982,habitation,03-08-2023,10-23-2026,actif,1198.28,annuelle,virement,AG-ON-002,03-06-2023,01-18-2026,03-26-2023,38914.74,fermé
ontario,ONT0001272,Mme,Penelope,Hall,08-27-1945,F,en,7288,Street,Forest,West,488,Brampton,ON,Ontario,L6X 0V1,CA,penelope71@outlook.example,+1-343-555-0118,CTR-2000001272,auto,05-11-2020,11-03-2020,expiré,1833.98,mensuelle,chèque,AG-ON-002,04-12-2020,01-29-2026,,,
ontario,ONT0001648,Mme,Emma,Lapointe,04-28-1980,F,en,2948,Crescent,Mill,,,Mississauga,ON,Ontario,L5G 0B8,CA,emmalapointe@proton.example,+1-807-555-0111,CTR-2000001648,auto,01-25-2024,12-03-2026,actif,595.53,mensuelle,carte,AG-ON-005,01-16-2024,02-11-2024,07-26-2026,,rejeté
ontario,ONT0001945,M.,Charles,Dubé,08-30-2004,M,fr,8247,allée,des Prairies,Est,,Ottawa,ON,Ontario,K2P 6B1,ca,levesque196@proton.example,+1-519-555-0129,CTR-2000001945,auto,04-27-2026,,actif,264.05,mensuelle,prélèvement,AG-ON-005,04-01-2026,08-23-2026,,,fermé
ontario,ONT0001961,M.,Henry,Wilson,1944-02-14,M,en,3069,Street,Kingfisher,East,,Mississauga,ON,Ontario,L5B 7W1,CA,wilson694@gmail.example,+1-226-555-0185,CTR-2000001961,auto,2019-05-12,2027-07-16,suspendu,2190.11,annuelle,carte,AG-ON-001,2019-05-12,2025-08-05,,,
ontario,ONT0002070,Mme,Isla,Turner,01-08-1991,F,en,3252,Road,Pine,,,Toronto,ON,Ontario,M6G 9S0,CA,isla.turner@gmail.example,+1-705-555-0178,CTR-2000002070,habitation,10-19-2023,05-06-2027,suspendu,2329.83,mensuelle,carte,AG-ON-004,10-19-2023,07-01-2025,06-07-2026,131210.16,fermé
ontario,ONT0003026,M.,Alexander,Taylor,07-05-1993,M,en,4553,Court,Stonebridge,,,Grand Sudbury,ON,Ontario,P3E 4A9,CA,alexander06@gmail.example,+1-519-555-0193,CTR-2000003026,habitation,07-09-2020,02-07-2027,actif,655.67,mensuelle,prélèvement,AG-ON-003,06-09-2020,07-29-2020,,,
ontario,ONT0003314,Mme,Abigail,Taylor,06-02-1937,F,en,2782,Street,Brookside,,,Edmonton,AB,Alberta,T6G 3E1,CA,abigailtaylor@hotmail.example,+1-780-555-0165,CTR-2000003314,auto,09-16-2022,,actif,1096.16,mensuelle,carte,AG-ON-005,08-28-2022,02-18-2026,,,
ontario,ONT0004032,Mme,Emma,Brown,06-13-1995,F,en,7115,Lane,Pine,,28,Toronto,ON,Ontario,M6G 8J5,CA,brown3475@yahoo.example,+1-613-555-0140,CTR-2000004032,voyage,04-08-2024,07-09-2025,expiré,617.02,mensuelle,prélèvement,AG-ON-001,03-27-2024,07-31-2026,,,
ontario,ONT0004327,M.,Dxvid,Anderson,08-22-1946,M,en,8189,Boulevard,Willow,,,London,on,Ontario,N6A 0K3,CA,davidanderson@gmail.example,+1-613-555-0198,CTR-2000004327,habitation,10-19-2021,10-28-2026,actif,2821.05,mensuelle,prelevement,AG-ON-004,10-08-2021,03-08-2023,,,
ontario,ONT0004530,Mme,Charlotte,Taylor,03-16-1998,F,en,151,Street,Eastwood,East,,Ottawa,ON,Ontario,K2P 2A7,CA,charlotte07@hotmail.example,+1-905-555-0146,CTR-2000004530,habitation,08-15-2021,01-21-2027,actif,1812.69,mensuelle,prélèvement,AG-ON-003,07-16-2021,10-30-2024,,,
ontario,ONT0004719,Mme,Christine,Gagnon,10-10-1976,F,fr,4980,route,des Lilas,Sud,428,London,ON,Ontario,N6A 0R1,CA,christine_gagnon@videotron.example,+1-807-555-0165,CTR-2000004719,auto,06-09-2024,04-14-2027,actif,845.36,mensuelle,carte,AG-ON-005,06-07-2024,06-02-2026,,,
ontario,ONT0004764,M.,David,Clark,12-08-1981,M,en,7334,Street,Meadow,,,Hamilton,ON,Ontario,L8S 4S0,CA,david.clark@gmail.example,+1-807-555-0199,CTR-2000004764,habitation,08-15-2021,01-13-2027,actif,1147.02,trimestrielle,carte,AG-ON-003,07-16-2021,07-15-2026,09-28-2024,116459.46,en_cours
ontario,ONT0004777,M.,Mateo,Gonzalez,02-26-1992,M,en,1863,Boulevard,Market,,,Mississauga,ON,Ontario,L5B 8A8,CA,mateo881@outlook.example,+1-807-555-0166,CTR-2000004777,auto,03-13-2019,07-24-2024,expiré,1973.06,mensuelle,virement,AG-ON-003,02-23-2019,03-05-2026,03-09-2024,,en_cours
ontario,ONT0005100,M.,Mateo,Nguyen,11-10-1977,M,en,3833,Boulevard,Birch,,713,Mississauga,ON,Ontario,L5B 8L7,CA,mat27@hotmail.example,+1-905-555-0172,CTR-2000005100,auto,10-06-2021,07-22-2027,actif,617.59,mensuelle,chèque,AG-ON-001,09-10-2021,02-01-2022,,,
ontario,ONT0005505,M.,Maxime,Lefebvre,03-02-1940,M,fr,5617,boulevard,du Rocher,,,Toronto,ON,Ontario,M5V 4E5,CA,maxime.lefebvre@hotmail.example,+1-807-555-0132,CTR-2000005505,habitation,10-04-2021,07-06-2027,actif,1548.16,mensuelle,carte,AG-ON-001,09-09-2021,09-09-2025,,,
ontario,ONT0005527,M.,Martin,Taylor,01-08-1993,M,fr,2391,place,du Boisé,Ouest,200,Vaudreuil-Dorion,QC,Québec,J7T 4G1,CA,martin501@outlook.example,+1-367-555-0114,CTR-2000005527,auto,19-01-2021,14-03-2027,actif,1112.17,mensuelle,prélèvement,AG-ON-003,19-01-2021,29-11-2021,07-02-2026,27656.18,en_cours
ontario,ONT0005646,M.,Samuel,Grenier,11-12-1959,M,fr,3702,allée,des Érables,,,Ottawa,ON,Ontario,K2P 0G9,CA,grenier.samuel@gmail.example,+1-613-555-0111,CTR-2000005646,habitation,11-01-2019,08-25-2021,expiré,2456.31,annuelle,virement,AG-ON-004,10-11-2019,04-02-2024,,,
ontario,ONT0005831,M.,Elijah,Clark,12-23-1946,M,en,5715,Crescent,Meadow,,134,Hamilton,ON,Ontario,L8P 9W5,CA,elijahc@outlook.example,+1-416-555-0102,CTR-2000005831,habitation,03-09-2018,05-18-2018,résilié,847.57,mensuelle,prélèvement,AG-ON-003,03-07-2018,09-08-2022,,,
ontario,ONT0005910,M.,Mason,Lewis,01-20-1957,M,en,6519,Boulevard,Eastwood,,,Waterloo,ON,Ontario,N2L 2R5,CA,mas2862@gmail.example,+1-742-555-0163,CTR-2000005910,habitation,12-21-2017,02-20-2027,actif,663.87,mensuelle,carte,AG-ON-003,12-05-2017,11-27-2025,,,
ontario,ONT0006250,M.,Nicolas,Poirier,01-14-1957,M,fr,2633,boulevard,de l'Aube,Sud,,Mississauga,ON,Ontario,L5B 6M8,CA,nicolaspoirier@yahoo.example,+1-613-555-0152,CTR-2000006250,voyage,05-06-2022,01-04-2027,actif,81.01,annuelle,prélèvement,AG-ON-001,04-11-2022,01-19-2025,,,
ontario,ONT0006461,Mme,Emily,Brown,03-13-1978,F,en,3732,Way,Meadow,,,Brampton,ON,Ontario,L6Y 0X4,CA,eb3870@gmail.example,+1-807-555-0109,CTR-2000006461,voyage,11-21-2023,06-01-2026,résilié,343.01,annuelle,carte,AG-ON-002,11-20-2023,12-11-2025,,,
ontario,ONT0006600,M.,Levi,Campbell,11-22-1966,M,en,20,Highway,Parkside,,,Hamilton,ON,Ontario,L8P 0H9,CA,lev2879@outlook.example,+1-742-555-0163,CTR-2000006600,voyage,08-01-2026,11-06-2026,actif,642.06,mensuelle,prélèvement,AG-ON-001,07-06-2026,08-31-2026,,,
ontario,ONT0006815,M.,Theodore,Wilson,01-13-1982,M,en,9959,Avenue,Birch,,,Mississauga,ON,Ontario,L5G 2L1,CA,theodore-wilson@hotmail.example,+1-289-555-0172,CTR-2000006815,habitation,02-21-2024,05-04-2027,actif,1141.97,mensuelle,prélèvement,AG-ON-001,02-04-2024,11-24-2025,,,
ontario,ONT0006986,M.,Henry,Smith,03-01-1986,M,en,3756,Lane,Parkside,,178,Longueuil,QC,Québec,J4K 8C0,CA,hs2804@outlook.example,+1-438-555-0133,CTR-2000006986,habitation,02-24-2023,06-28-2027,actif,2454.46,mensuelle,prélèvement,AG-ON-001,02-18-2023,02-20-2023,,,
ontario,ONT0006993,Mme,Ava,Baker,09-16-2005,F,en,1372,Court,Cedar,,,Hamilton,ON,Ontario,L8S 5W0,CA,ava9564@videotron.example,+1-942-555-0158,CTR-2000006993,vie,03-07-2026,06-25-2027,suspendu,2867.65,mensuelle,virement,AG-ON-003,02-28-2026,07-20-2026,,,
ontario,ONT0007842,Mme,Elizabeth,King,03-17-2000,F,en,229,Road,Riverside,,,Ottawa,ON,Ontario,K2P 5L0,CA,elizabethk@gmail.example,+1-519-555-0190,CTR-2000007842,vie,04-02-2020,05-30-2027,actif,3359.88,mensuelle,carte,AG-ON-003,03-24-2020,02-13-2022,,,
ontario,ONT0007901,Mme,Sophia,Cooper,08-04-1973,F,en,4640,Drive,Maple,,220,Ottawa,ON,Ontario,K2P 3R3,CA,sophia.cooper@outlook.example,+1-249-555-0152,CTR-2000007901,auto,07-21-2020,08-16-2027,actif,603.15,mensuelle,prélèvement,AG-ON-005,07-17-2020,09-23-2020,,,
ontario,ONT0007907,M.,Levi,Turner,07-03-1960,M,en,6531,Lane,Vulleyview,,,Ottawa,ON,Ontario,K1P 2X5,CA,levi6951@outlook.example,+1-519-555-0198,CTR-2000007907,vie,04-06-2023,02-04-2027,actif,812.13,mensuelle,prélèvement,AG-ON-006,03-08-2023,08-19-2026,,,
ontario,ONT0007921,Mme,Sophia,Murphy,10-03-1951,F,en,661,Terrace,Parkside,,,Repentigny,QC,Québec,J5Y 3N8,CA,sophiamurphy@gmail.example,+1-819-555-0178,CTR-2000007921,auto,09-30-2025,06-23-2027,actif,1555.03,annuelle,prélèvement,AG-ON-002,09-30-2025,06-08-2026,,,
ontario,ONT0008096,M.,Benjamin,Lewis,07-15-1961,M,en,5762,Road,Hillcrest,East,848,Waterloo,ON,Ontario,N2L 1L6,CA,benjamin-lewis@outlook.example,+1-705-555-0112,CTR-2000008096,voyage,04-07-2025,09-03-2027,actif,309.90,semestrielle,prélèvement,AG-ON-002,04-06-2025,08-25-2025,,,
ontario,ONT0008287,Mme,Scarlett,Brown,12-10-1997,F,en,1536,Road,Milg,,823,Regina,SK,Saskatchewan,S4P 8M4,CA,sca13@hotmail.example,+1-306-555-0126,CTR-2000008287,auto,01-21-2018,08-18-2027,actif,1026.77,trimestrielle,carte,AG-ON-004,01-14-2018,07-18-2018,,,
ontario,ONT0008449,Mme,Luna,Baker,12-16-1977,F,en,9730,Court,Highland,,892,Ottawa,ON,Ontario,K1A 5C0,CA,lunabaker@outlook.example,+1-416-555-0156,CTR-2000008449,auto,06-02-2026,03-16-2027,actif,907.44,mensuelle,prélèvement,AG-ON-001,05-19-2026,07-18-2026,,,
ontario,ONT0008685,Mme,Nathalie,Bouchard,03-04-1957,F,fr,6578,avenue,de la Pinède,Nord,720,Toronto,ON,Ontario,M6G 1W4,CA,nathalie9729@outlook.example,+1-807-555-0137,CTR-2000008685,habitation,02-17-2025,04-09-2027,actif,724.95,annuelle,prélèvement,AG-ON-002,01-29-2025,05-23-2025,,,
ontario,ONT0009047,M.,Mason,Wright,08-11-1945,M,en,9296,Road,Lakeview,,,Grand Sudbury,ON,Ontario,P3E 7R2,CA,mas538@outlook.example,+1-519-555-0124,CTR--2000009047,habitation,03-16-2026,,actif,1132.17,mensuelle,prélèvement,AG-ON-005,03-15-2026,06-01-2026,,,
ontario,ONT0009269,M.,Ezra,Blel,08-21-1970,M,en,7626,Boulevard,Highland,,536,Hamilton,ON,Ontario,L8S 7V2,CA,ezr9309@gmail.example,+1-382-555-0196,CTR-2000009269,habitation,06-26-2024,10-17-2026,actif,1747.04,semestrielle,prélèvement,AG-ON-001,06-05-2024,10-03-2024,,,
ontario,ONT0009774,M.,Luca,Singh,10-03-1981,M,en,9774,Court,Brookside,,,Waterloo,ON,Ontario,N2L 6P7,CA,lucasingh@yahoo.example,+1-226-555-0136,CTR-2000009774,habitation,05-27-2018,04-16-2024,expiré,2561.50,semestrielle,prélèvement,AG-ON-001,05-23-2018,03-27-2021,,,
ontario,ONT0009888,Mme,Evelyn,Taylor,08-03-1956,F,en,2530,Street,Valleyview,,796,London,ON,Ontario,N6G 5W7,CA,evelyn_taylor@outlook.example,+1-753-555-0109,CTR-2000009888,auto,04-26-2020,02-02-2027,actif,923.24,semestrielle,carte,AG-ON-004,04-04-2020,10-25-2024,,,
ontario,ONT0009964,Mme,Luna,Walker,09/26/2000,F,en,7916,Street,Hillcrest,,,Toronto,ON,Ontario,M4W 3G9,CA,luna26@hotmail.example,+1-905-555-0170,CTR-2000009964,auto,07-29-2026,02-17-2027,actif,695.87,trimestrielle,prélèvement,AG-ON-001,07-23-2026,08-22-2026,,,
ontario,ONT0010102,M.,Noah,Johnson,02-16-1956,M,en,4977,Street,Station,,,Grand Sudbury,ON,Ontario,P3E 5A3,CA,johnson.noah@outlook.example,+1-226-555-0160,CTR-2000010102,habitation,09-24-2017,05-07-2027,actif,885.97,mensuelle,chèque,AG-ON-002,08-29-2017,12-21-2020,,,
ontario,ONT0010201,Mme,Camila,Nelson,01-01-1963,F,en,7421,Street,Greenfield,,,Montréal,QC,Québec,H1A 5H1,CA,camila7492@videotron.example,+1-819-555-0144,CTR-2000010201,auto,02-20-2024,09-28-2024,expiré,392.09,mensuelle,virement,AG-ON-005,02-08-2024,11-15-2025,,,
ontario,ONT0010486,M.,Sebastian,Turner,08-05-1940,M,en,3919,Crescent,Hillcrest,,434,Brampton,ON,Ontario,L6X 5G8,CA,sturner@icloud.example,+1-519-555-0136,CTR-2000010486,voyage,02-09-2026,,actif,265.84,mensuelle,prélèvement,AG-ON-002,01-14-2026,09-12-2026,,,
ontario,ONT0010582,M.,Lucas,Wilson,08-03-1948,M,en,2732,Trail,Oak,,350,Montréal,QC,Québec,H4A 2M3,CA,lucas800@bell.example,+1-581-555-0102,CTR-2000010582,auto,08-12-2025,02-16-2027,actif,530.71,mensuelle,virement,AG-ON-001,08-11-2025,09-07-2026,,,
ontario,ONT0010695,M.,William,Campbell,10-18-1939,M,en,1903,Street,Sunset,,,Toronto,ON,Ontario,M4W 1N9,CA,william873@gmail.example,+1-249-555-0192,CTR-2000010695,auto,09-23-2022,12-06-2024,résilié,953.50,trimestrielle,prélèvement,AG-ON-004,09-12-2022,10-27-2024,06-14-2023,11348.66,fermé
ontario,ONT0011004,M.,Xavier,Marquis,01-17-2007,M,fr,5796,montée,du Vieux-Pont,,638,Brampton,ON,Ontario,L6X 5P2,CA,xmarquis@gmail.example,+1-807-555-0158,CTR-2000011004,auto,07-26-2025,08-06-2025,expiré,1262.18,trimestrielle,carte,AG-ON-006,07-03-2025,07-10-2025,,,
ontario,ONT0011035,M.,Ezra,Taylor,11-20-1950,M,en,7692,Boulevard,Lakeview,West,,Brampton,ON,Ontario,L6X 3C3,CA,ezra-taylor@outlook.example,+1-289-555-0174,CTR-2000011035,auto,07-28-2025,02-05-2027,actif,429.65,mensuelle,carte,AG-ON-001,07-18-2025,10-08-2025,,,
ontario,ONT0011463,Mme,Charlotte,King,02-08-1937,F,en,1403,Boulevard,Westwood,East,,Waterloo,ON,Ontario,N2J 8S3,CA,charlotte51@hotmail.example,+1-705-555-0162,CTR-2000011463,habitation,06-02-2018,11-07-2024,expiré,1985.63,mensuelle,prélèvement,AG-ON-006,06-02-2018,11-23-2025,09-06-2021,44120.91,en_cours
ontario,ONT0011467,Mme,Charlotte,Carter,07-25-1956,F,en,873,Lane,Greenfield,,,Trois-Rivières,QC,Québec,G9A 1R7,CA,charlotte.carter@hotmail.example,+1-438-555-0160,CTR-2000011467,auto,01-03-2017,02-03-2019,expiré,896.77,mensuelle,prélèvement,AG-ON-005,12-26-2016,11-10-2019,04-03-2017,924.60,ouvert
ontario,ONT0011490,M.,Jackson,Morgan,06-17-1951,M,en,6367,Road,Church,,,Grand Sudbury,ON,Ontario,P3A 2K1,CA,jacksonm@gmail.example,+1-416-555-0186,CTR-2000011490,auto,03-10-2018,06-28-2027,actif,2418.63,mensuelle,carte,AG-ON-005,02-15-2018,05-24-2022,,,
ontario,ONT0011505,M.,John,Walker,04-03-1945,M,en,7447,Court,Sunset,North,,Toronto,ON,Ontario,M5V 3K2,CA,joh174@gmail.example,+1-519-555-0128,CTR-2000011505,voyage,03-14-2023,07-14-2027,actif,416.58,mensuelle,prélèvement,AG-ON-002,02-25-2023,10-17-2025,,,
ontario,ONT0011547,Mme,Eleanor,White,08-01-1989,F,en,4239,Place,Spring,,694,Toronto,ON,Ontario,M5V 7V2,CA,eleanorw@yahoo.example,+1-437-555-0160,CTR-2000011547,auto,08-11-2024,,actif,525.01,mensuelle,carte,AG-ON-002,08-08-2024,04-24-2025,,,
ontario,ONT0011792,Mme,Ella,Fortin,06-05-1946,F,en,147,Street,Hillcrest,North,,Brampton,ON,Ontario,L6Y 8V9,CA,ella.fortin@gmail.example,+1-416-555-0111,CTR-2000011792,habitation,04-13-2019,08-22-2027,actif,2623.60,mensuelle,carte,AG-ON-002,03-14-2019,09-13-2021,,,
ontario,ONT0011814,Mme,Manon,Smith,10-13-1937,F,fr,754,place,de la Clairière,Ouest,,Winnipeg,MB,Manitoba,R3T 9E9,CA,lev09@yahoo.example,+1-431-555-0195,CTR-2000011814,voyage,05-24-2018,08-29-2027,actif,489.14,mensuelle,chèque,AG-ON-006,04-25-2018,03-31-2025,,,
ontario,ONT0011940,M.,Levi,Pham,06-24-1976,M,en,6109,Drive,Forest,,,Ottawa,ON,Ontario,K1P 3P7,CA,levi.pham@outlook.example,+1-807-555-0190,CTR-2000011940,voyage,02-29-2024,04-24-2027,actif,426.76,mensuelle,virement,AG-ON-002,02-27-2024,05-30-2024,,,
ontario,ONT0012114,Mme,Harper,Thompson,08-29-1941,F,en,6238,Boulevard,Riverside,,,Ottawa,ON,Ontario,K1A 1K9,CA,har089@gmail.example,+1-519-555-0135,CTR-2000012114,auto,06-05-2017,01-03-2027,actif,951.19,mensuelle,prélèvement,AG-ON-001,05-13-2017,05-15-2024,,,
ontario,ONT0012178,M.,Asher,Nelson,03-11-1973,M,en,8803,Drive,Parkside,,,Ottawa,ON,Ontario,K1A 2R2,CA,asher-nelson@bell.example,+1-249-555-0141,CTR-2000012178,auto,07-15-2019,07-01-2027,actif,1120.13,annuelle,carte,AG-ON-004,06-21-2019,04-16-2021,06-20-2025,31191.01,fermé
ontario,ONT0012309,M.,David,Li,11-02-1952,M,en,2553,Street,Clearwater,,,London,ON,Ontario,N6G 2A0,CA,li4663@gmail.example,+1-249-555-0187,CTR-2000012309,voyage,03-17-2023,07-13-2025,résilié,380.83,mensuelle,prélèvement,AG-ON-004,02-15-2023,03-24-2026,08-28-2024,11663.44,en_cours
ontario,ONT0012419,M.,Nicolas,Pelletier,07-06-1953,M,fr,1580,route,du Boisé,,,Grand Sudbury,ON,Ontario,P3E 5M0,CA,nicolas145@yahoo.example,+1-705-555-0105,CTR-2000012419,auto,09-08-2019,09-18-2024,résilié,918.24,mensuelle,chèque,AG-ON-001,08-22-2019,07-21-2021,06-08-2021,12436.98,en_cours
ontario,ONT0012626,M.,Matthew,Bailey,05-27-1951,M,en,9777,Highway,Birch,,945,Mississauga,ON,Ontario,L5B 2E1,CA,matthewb@outlook.example,+1-289-555-0192,CTR-2000012626,auto,03-27-2021,08-01-2027,actif,967.53,mensuelle,virement,AG-ON-003,03-05-2021,08-20-2023,,,
ontario,ONT0013039,M.,Elijah,Thompson,05-23-1949,M,en,452,Street,Brookside,North,217,Toronto,ON,Ontario,M6G 3T8,CA,eli06@hotmail.example,+1-289-555-0175,CTR-2000013039,auto,09-05-2024,12-19-2026,actif,668.64,semestrielle,prélèvement,AG-ON-001,08-26-2024,09-25-2025,,,
ontario,ONT0013363,M.,Félix,Pelletier,05-01-1972,M,fr,6917,carré,de l'Aube,,656,London,ON,Ontario,N6A 0N1,CA,felix4812@yahoo.example,+1-289-555-0109,CTR-2000013363,habitation,08-16-2019,04-28-2027,actif,2251.30,trimestrielle,virement,AG-ON-001,07-26-2019,08-21-2024,,,
ontario,ONT0013366,M.,Aria,iKm,12-08-1983,M,en,9855,Boulevard,Market,,478,London,ON,Ontario,N6G 2J1,CA,ari46@icloud.example,+1-683-555-0100,CTR-2000013366,auto,09-30-2025,07-12-2026,résilié,814.94,mensuelle,prélèvement,AG-ON-003,09-21-2025,12-26-2025,,,
ontario,ONT0013422,Mme,Nova,Anderson,03-15-1985,F,en,3833,Street,Valleyview,West,979,Brampton,ON,Ontario,L6X 5R7,CA,nov37@yahoo.example,+1-905-555-0159,CTR-2000013422,habitation,03-02-2025,,actif,1728.39,annuelle,prélèvement,AG-ON-001,02-27-2025,05-18-2025,07-03-2025,115021.76,fermé
ontario,ONT0013477,Mme,Amelia,Bailey,02-26-1943,F,en,8849,Avenue,Pine,East,173,Toronto,ON,Ontario,M4W 5C4,CA,ame1736@gmail.example,+1-289-555-0165,CTR-2000013477,auto,10-29-2021,01-16-2027,suspendu,1241.27,mensuelle,chèque,AG-ON-001,10-04-2021,07-24-2022,,,
ontario,ONT0013540,Mme,Mila,Clark,11-02-1951,F,en,4100,Highway,Birch,,254,Toronto,ON,Ontario,M5V 9Z8,CA,mil7100@yahoo.example,+1-705-555-0109,CTR-2000013540,habitation,01-01-2019,01-02-2027,actif,1772.15,mensuelle,prélèvement,AG-ON-001,12-10-2018,07-06-2023,,,
ontario,ONT0013752,Mme,Penelope,Smith,06-15-2007,F,en,1961,Boulevard,Riverside,North,,Mississauga,ON,Ontario,L5B 8E4,CA,penelope_smith@gmail.example,+1-249-555-0118,CTR-2000013752,voyage,12-03-2025,07-28-2027,actif,599.96,mensuelle,carte,AG-ON-004,11-24-2025,05-29-2026,,,
ontario,ONT0013779,M.,Jean,Savard,04-26-1955,M,fr,7960,boulevard,du Ruisseau,Sud,,Ottawa,ON,Ontario,K2P 7P8,CA,jean_savard@outlook.example,+1-249-555-0181,CTR-2000013779,auto,10-23-2020,07-04-2027,actif,1548.90,mensuelle,prélèvement,AG-ON-002,09-24-2020,04-03-2022,,,
ontario,ONT0013812,Mme,Scarlett,Cook,10-14-1960,F,en,3654,Avenue,Pine,,,Hamilton,ON,Ontario,L8P 7N8,CA,cook.scarlett@icloud.example,+1-519-555-0192,CTR-2000013812,auto,02-01-2023,08-08-2024,expiré,571.54,mensuelle,prélèvement,AG-ON-001,01-20-2023,08-21-2024,,,
ontario,ONT0013910,M.,Daniel,Campbell,06-11-2001,M,en,461,Street,Eastwood,,,Mississauga,ON,Ontario,L5B 6H0,CA,dcampbell@hotmail.example,+1-807-555-0102,CTR-2000013910,voyage,03-23-2024,05-09-2027,actif,105.75,mensuelle,prélèvement,AG-ON-001,03-06-2024,11-20-2025,,,
ontario,ONT0014155,M.,Michael,Taylor,01-01-1946,M,en,4982,Road,Hillcrest,,,Ottawa,ON,Ontario,K2P 7L4,CA,michael-taylor@gmail.example,+1-437-555-0193,CTR-2000014155,habitation,04-27-2023,,actif,481.88,mensuelle,prélèvement,AG-ON-001,03-29-2023,11-18-2024,,,
ontario,ONT0014261,Mme,Olivia,Cloutier,02-25-2005,F,en,9270,Trail,Northgate,,,Toronto,ON,Ontario,M5V 2P2,CA,cloutier015@hotmail.example,+1-437-555-0124,CTR-2000014261,auto,04-07-2024,08-30-2027,actif,639.98,mensuelle,virement,AG-ON-001,03-16-2024,09-06-2026,,,
ontario,ONT0014262,Mme,Nora,Carter,03-27-1951,F,en,5773,Street,Lakeview,,,Ottawa,ON,Ontario,K1P 3G4,CA,nora.carter@outlook.example,+1-416-555-0124,CTR-2000014262,auto,09-05-2021,04-04-2027,actif,1302.11,mensuelle,prélèvement,AG-ON-005,08-10-2021,03-11-2025,,,
ontario,ONT0015230,Mme,Marguerite,Leclerc,01-12-1984,F,fr,4637,place,de la Gare,Sud,727,Toronto,ON,Ontario,M6G 8B4,CA,marguerite.leclerc@icloud.example,+1-519-555-0163,CTR-2000015230,vie,04-13-2021,11-24-2026,actif,2816.44,mensuelle,prélèvement,AG-ON-002,03-28-2021,02-24-2025,,,
ontario,ONT0015505,Mme,Olivia,Turner,07-16-1955,F,en,589,Boulevard,Riverside,,,Brampton,ON,Ontario,L6Y 8A3,CA,olivia2156@gmail.example,+1-226-555-0113,CTR-2000015505,habitation,05-02-2025,05-06-2027,actif,1685.41,mensuelle,carte,AG-ON-003,05-01-2025,07-29-2025,06-26-2025,30013.00,fermé
ontario,ONT0015996,M.,Nathan,lCark,03-24-1976,M,fr,8657,avenue,des Prairies,,968,Toronto,ON,Ontario,M6G 3P6,CA,nathanclark@yahoo.example,+1-807-555-0103,CTR-2000015996,auto,10-24-2022,06-14-2027,actif,334.99,annuelle,carte,AG-ON-001,10-13-2022,01-15-2023,,,
ontario,ONT0016319,M.,Lucas,Lewis,2004-04-14,M,en,8214,Boulevard,Oak,North,642,Montrsal,QC,Québec,H2X 2M5,CA,lewis94@videotron.example,+1-418-555-0116,CTR-2000016319,auto,2024-05-10,2027-04-04,actif,877.38,trimestrielle,prélèvement,AG-ON-001,2024-04-24,2025-08-09,2026-08-25,8700.29,en_cours
ontario,ONT0016665,Mme,Chloe,Roberts,08-05-1975,F,en,3866,Boulevard,Evergreen,,,Ottawa,ON,Ontario,K1A 8X5,CA,chl38@yahoo.example,+1-289-555-0127,CTR-2000016665,auto,10-20-2021,09-09-2027,actif,994.58,mensuelle,prélèvement,AG-ON-001,10-08-2021,09-07-2023,,,
ontario,ONT0016993,Mme,Isla,Clark,02-28-1946,F,en,4387,Street,Forest,East,,Waterloo,ON,Ontario,N2L 0Z9,CA,isl6708@proton.example,+1-416-555-0176,CTR-2000016993,vie,03-12-2025,08-06-2027,actif,2223.89,annuelle,virement,AG-ON-001,02-19-2025,06-10-2025,,,
ontario,ONT0017012,M.,Liam,Wilson,06-05-1982,M,en,2765,Court,Meadow,,,Ottawa,ON,Ontario,K1A 9R6,CA,lia0649@gmail.example,+1-249-555-0183,CTR-2000017012,auto,01-09-2021,06-14-2027,actif,344.10,mensuelle,prélèvement,AG-ON-003,01-01-2021,01-14-2026,,,
ontario,ONT0017144,Mme,Ava,Johnson,06-22-2004,F,en,5610,Road,Orchard,,,Laval,QC,Québec,H7W 6W6,CA,johnson8455@gmail.example,+1-819-555-0153,CTR-2000017144,habitation,02-13-2025,,actif,1596.04,mensuelle,carte,AG-ON-003,02-13-2025,05-16-2026,10-16-2025,49602.99,en_cours
ontario,ONT0017416,M.,Michael,Nelson,10-31-1952,M,en,3645,Road,Greenfield,,,Brampton,ON,Ontario,L6Y 1L3,CA,michael9111@gmail.example,+1-647-555-0174,CTR-2000017416,vie,04-22-2023,04-06-2027,actif,4019.18,mensuelle,carte,AG-ON-001,04-17-2023,04-10-2024,,,
ontario,ONT0017467,Mme,Léa,Gauthier,08-17-1965,F,fr,7764,carré,des Hirondelles,Ouest,352,Hamilton,ON,Ontario,L8P 2S7,CA,gauthier72@hotmail.example,+1-807-555-0152,CTR-2000017467,auto,09-14-2022,04-04-2027,actif,1692.98,mensuelle,prélèvement,AG-ON-002,08-26-2022,08-25-2026,02-13-2024,10664.57,fermé
ontario,ONT0017490,Mme,Élise,Simard,09-16-1944,F,fr,9321,rue,des Sommets,,,Grand Sudubry,ON,Ontario,P3E  4Z0,CA,elises@gmail.example,+1-249-555-0125,CTR-2000017490,habitation,03-24-2020,06-18-2027,actif,1892.46,mensuelle,prélèvement,AG-ON-001,03-04-2020,04-16-2026,,,
ontario,ONT0017680,Mme,Harper,Clark,10-31-1964,F,en,7103,Street,Highland,,,Waterloo,ON,Ontario,N2L 0Z5,CA,harper706@hotmail.example,+1-905-555-0183,CTR-2000017680,auto,01-01-2017,05-09-2027,actif,2259.21,mensuelle,prélèvement,AG-ON-006,12-26-2016,12-21-2023,,,
ontario,ONT0017782,M.,Oliver,Evans,07-21-1968,M,en,88,Street,Spring,West,849,London,ON,Ontario,N6G 1H7,CA,oliver_evans@gmail.example,+1-365-555-0147,CTR-2000017782,auto,10-13-2023,05-06-2027,actif,768.41,annuelle,carte,AG-ON-001,10-01-2023,03-26-2025,,,
ontario,ONT0018188,Mme,Hazel,Tran,10-21-1945,F,en,4393,Street,Bluebird,,,Toronto,ON,Ontario,M4W 7Y8,CA,hazeltran@gmail.example,+1-519-555-0118,CTR-2000018188,auto,03-01-2019,07-13-2027,actif,1268.58,mensuelle,carte,AG-ON-005,02-27-2019,06-17-2022,,,
ontario,ONT0018594,M.,Claude,Tremblay,10-14-1977,M,fr,6184,avenue,des Bouleaux,,24,London,ON,Ontario,N6A 0V6,CA,claude354@gmail.example,+1-705-555-0126,CTR-2000018594,auto,11-09-2023,04-22-2027,actif,806.60,trimestrielle,prélèvement,AG-ON-004,10-18-2023,01-06-2025,,,
ontario,ONT0018772,M.,David,Hall,03-28-1957,M,en,4858,Drive,Stonebridge,South,76,Toronto,ON,Ontario,M6G 5W7,CA,hall7249@hotmail.example,+1-365-555-0181,CTR-2000018772,auto,04-29-2024,06-27-2027,actif,1194.16,mensuelle,chèque,AG-ON-004,04-15-2024,06-28-2025,11-22-2025,,rejeté
ontario,ONT0019020,Mme,Louise,Parent,09-04-1992,F,fr,8510,chemin,des Bouleaux,,,Ottawa,ON,Ontario,K1A 9E6,CA,lparent@proton.example,+1-519-555-0112,CTR-2000019020,voyage,09-16-2017,05-22-2027,actif,400.33,mensuelle,prélèvement,AG-ON-001,09-01-2017,06-16-2021,,,
ontario,ONT0019333,M.,Asher,White,04-17-2007,M,en,1782,Drive,Lakeview,,795,Toronto,ON,Ontario,M4W 2H3,CA,ash286@hotmail.example,+1-226-555-0136,CTR-2000019333,auto,06-25-2025,07-05-2027,actif,1016.50,mensuelle,prélèvement,AG-ON-005,05-30-2025,05-17-2026,08-31-2026,27258.22,en_cours
ontario,ONT0019720,M.,Liam,Smith,01-01-2004,M,en,2302,Street,Riverside,,952,Hamilton,ON,Ontario,L8P 3Y5,CA,liam19@icloud.example,+1-613-555-0102,CTR-2000019720,auto,02-23-2025,,actif,784.92,mensuelle,prélèvement,AG-ON-001,02-14-2025,09-10-2026,,,
ontario,ONT0020090,Mme,Nova,Brown,08-02-1971,F,en,3369,Drive,Station,,679,Hamilton,ON,Ontario,L8P 6X1,CA,nova.brown@hotmail.example,+1-807-555-0192,CTR-2000020090,habitation,07-12-2025,12-30-2026,actif,1384.64,mensuelle,prélèvement,AG-ON-005,06-28-2025,07-31-2026,,,
ontario,ONT0020174,Mme,Luna,Martinez,02-04-1945,F,en,1927,Road,Highland,,437,Ottawa,ON,Ontario,K2P 6T8,CA,lunamartinez@videotron.example,+1-905-555-0193,CTR-2000020174,auto,10-03-2016,03-29-2027,actif,1291.24,mensuelle,carte,AG-ON-004,09-06-2016,07-14-2017,,,
ontario,ONT0020555,M.,Daniel,Scott,05-04-2005,M,en,7121,Highway,Highland,,,Toronto,ON,Ontario,M4W 0H2,CA,dscott@hotmail.example,+1-289-555-0197,CTR-2000020555,voyage,07-20-2025,12-11-2026,actif,251.57,mensuelle,chèque,AG-ON-005,06-30-2025,09-26-2025,,,
ontario,ONT0020732,M.,Sébastien,Adams,08-21-1942,M,fr,3940,rue,des Trilliums,,,London,ON,Ontario,N6A 5X3,CA,adams.sebastien@icloud.example,+1-753-555-0145,CTR-2000020732,auto,02-06-2021,07-02-2027,actif,1603.56,mensuelle,prélèvement,AG-ON-002,01-11-2021,12-11-2023,,,
ontario,ONT0020836,M.,Alexander,Phillips,11-17-1969,M,en,436,Court,Birch,,,Québec,QC,Québec,G1R 7N8,CA,phillips.alexander@gmail.example,+1-418-555-0103,CTR-2000020836,vie,12-03-2020,03-21-2027,actif,1115.05,annuelle,virement,AG-ON-003,11-21-2020,03-16-2026,,,
ontario,ONT0020934,M.,Benjamin,Clark,10-02-1985,M,en,6605,Circle,Spring,,514,Sherbrooke,QC,Québec,J1H 1A8,CA,benjaminclark@outlook.example,+1-579-555-0182,CTR-2000020934,habitation,04-07-2022,06-08-2027,actif,1806.35,trimestrielle,prélèvement,AG-ON-003,03-30-2022,11-22-2024,,,
ontario,ONT0021109,M.,Oliver,Lee,08-05-1947,M,en,4186,Circle,Laakeview,,938,London,ON,Ontario,N6G 9S4,CA,lee846@gmail.example,+1-519-555-0177,CTR-2000021109,auto,02-27-2022,,actif,1357.73,mensuelle,prélèvement,AG-ON-002,01-28-2022,03-04-2026,,,
ontario,ONT0021144,Mme,Riley,Phillips,08-24-2001,F,en,7784,Avenue,Birch,,,London,ON,Ontario,N6A 6H1,CA,riley.phillips@gmail.example,+1-613-555-0160,CTR-2000021144,habitation,05-14-2026,,actif,2610.60,trimestrielle,prélèvement,AG-ON-001,05-07-2026,06-05-2026,,,
ontario,ONT0021378,Mme,Emma,Taylor,01-04-1976,F,en,7533,Way,Oak,,,London,ON,Ontario,N6A 2M5,CA,emma54@icloud.example,+1-705-555-0182,CTR-2000021378,auto,07-22-2025,02-09-2027,actif,533.79,mensuelle,prélèvement,AG-ON-005,07-22-2025,05-10-2026,,,
ontario,ONT0021518,M.,Owen,Clark,05-24-1966,M,en,8295,Street,School,,,Toronto,ON,Ontario,M6G 4E0,CA,owen5445@gmail.example,+1-548-555-0174,CTR-2000021518,auto,06-26-2021,07-20-2027,actif,769.02,annuelle,carte,AG-ON-001,06-23-2021,04-07-2026,,,
ontario,ONT0021637,Mme,Penelope,Green,07-30-1966,F,en,3223,Avenue,Parkside,,132,Calgary,AB,Alberta,T2P 9W3,CA,penelope.green@gmail.example,+1-825-555-0106,CTR-2000021637,habitation,09-10-2021,07-01-2026,expiré,2179.45,mensuelle,prélèvement,AG-ON-003,08-25-2021,03-23-2023,,,
ontario,ONT0021831,Mme,Charlotte,Bell,03-04-1953,F,en,5639,Street,Sunset,,447,Brampton,ON,Ontario,L6X 0E1,CA,charlotte.bell@proton.example,+1-683-555-0187,CTR-2000021831,voyage,10-06-2019,02-14-2027,actif,415.57,mensuelle,prélèvement,AG-ON-001,09-28-2019,07-25-2021,,,
ontario,ONT0021923,Mme,Valérie,Chen,01-05-2004,F,fr,3880,boulevard,des Épinettes,,978,Hamilton,ON,Ontario,L8S 8A2,CA,chen396@gmail.example,+1-647-555-0136,CTR-2000021923,vie,02-24-2025,,actif,3387.57,mensuelle,chèque,AG-ON-001,01-25-2025,04-01-2026,,,
ontario,ONT0021940,Mme,Amelia,Chen,01-25-1955,F,en,7381,Avenue,Spring,East,673,Grand Sudbury,ON,Ontario,P3E 9Z2,CA,amelia.chen@proton.example,+1-807-555-0194,CTR-2000021940,auto,05-31-2024,04-04-2027,actif,659.55,mensuelle,virement,AG-ON-002,05-09-2024,12-21-2024,,,
ontario,ONT0022074,M.,Samuel,Bailey,02-05-1998,M,en,1669,Boulevard,Maple,,938,London,ON,Ontario,N6A 6E4,CA,bailey.samuel@gmail.example,+1-437-555-0174,CTR-2000022074,auto,06-06-2017,06-23-2027,actif,1929.36,mensuelle,prélèvement,AG-ON-006,05-28-2017,11-08-2023,,,
ontario,ONT0022098,M.,Noah,King,11-02-1969,M,en,5130,Street,Riverside,West,581,Toronto,ON,Ontario,M6G 4V3,CA,nk8197@hotmail.example,+1-365-555-0116,CTR-2000022098,vie,10-11-2019,11-16-2026,actif,402.86,annuelle,carte_X,AG-ON-003,09-27-2019,09-27-2024,,,
ontario,ONT0022146,Mme,Camila,Richardson,04-01-1976,F,en,4533,Street,Birch,,505,Ottawa,ON,Ontario,K1A 3X2,CA,camila947@yahoo.example,+1-437-555-0159,CTR-2000022146,auto,10-18-2024,04-08-2027,actif,950.57,mensuelle,prélèvement,AG-ON-003,09-18-2024,07-01-2026,10-12-2025,36944.96,fermé
ontario,ONT0022529,Mme,Isabella,Stewart,04-01-1980,F,en,4627,Road,Meadow,South,305,Ottawa,ON,Ontario,K1P 0E8,CA,stewart.isabella@icloud.example,+1-365-555-0139,CTR-2000022529,vie,08-30-2017,02-12-2027,actif,1585.01,mensuelle,chèque,AG-ON-001,08-29-2017,09-09-2025,,,
ontario,ONT0022760,Mme,Mia,Bergeron,04-06-2000,F,en,8302,Street,Clearwater,,,Hamilton,ON,Ontario,L8S 7A2,CA,mia74@proton.example,+1-905-555-0156,CTR-2000022760,habitation,07-26-2025,11-27-2026,actif,2241.10,mensuelle,carte,AG-ON-003,07-26-2025,04-28-2026,,,
ontario,ONT0022910,M.,Claude,Bouchard,05-31-1976,M,fr,1985,montée,du Lac,,,Grand Sudbury,ON,Ontario,P3A 0G1,CA,claudebouchard@hotmail.example,+1-807-555-0174,CTR-2000022910,voyage,07-31-2021,08-13-2027,actif,315.25,mensuelle,virement,AG-ON-001,07-21-2021,04-01-2022,,,
ontario,ONT0022962,Mme,Harper,King,02-28-1955,F,en,7785,Trail,Bluebird,,,La Tuque,QC,Québec,G9X 7B9,CA,har56@icloud.example,+1-514-555-0143,CTR-2000022962,habitation,05-15-2019,05-13-2027,actif,1724.17,annuelle,carte,AG-ON-001,04-19-2019,06-05-2025,,,
ontario,ONT0023004,Mme,Isla,Wright,01-24-2006,F,en,5129,Avenue,Kingfisher,,,Ottawa,ON,Ontario,K2P 4X8,CA,isla.wright@outlook.example,+1-226-555-0108,CTR-2000023004,vie,05-03-2024,12-20-2026,actif,1654.93,mensuelle,carte,AG-ON-004,04-26-2024,09-27-2024,,,
ontario,ONT0023298,M.,Benjamin,Nguyen,05-25-1967,M,en,4018,Street,Eastwood,,,Laval,QC,Québec,H7N 2A2,CA,bnguyen@icloud.example,+1-418-555-0157,CTR-200002329,auto,08-27-2024,09-02-2024,expiré,2320.45,mensuelle,prélèvement,AG-ON-001,08-05-2024,09-14-2025,,,
ontario,ONT0023718,Mme,Harper,Hall,07-13-1963,F,en,7164,Avenue,Mill,,,Brampton,ON,Ontario,L6Y 9P4,CA,harper62@gmail.example,+1-807-555-0114,CTR-2000023718,auto,09-07-2019,12-05-2024,expiré,1602.03,mensuelle,prélèvement,AG-ON-001,08-13-2019,01-21-2020,,,
ontario,ONT0023767,M.,Alexandre,Grenier,03-21-1946,M,fr,1571,rang,du Lac,,,Toronto,ON,Ontario,M5V 6X7,CA,alexandre.grenier@outlook.example,+1-519-555-0150,CTR-2000023767,voyage,02-15-2022,08-14-2027,actif,180.68,mensuelle,prélèvement,AG-ON-002,02-15-2022,06-25-2025,,,
ontario,ONT0024133,M.,Samuel,Roy,10-18-1979,M,fr,920,rang,des Érables,Nord,,Ottawa,ON,Ontario,K2P 9B8,CA,sam094@gmail.example,+1-742-555-0116,CTR-2000024133,auto,02-01-2018,04-05-2027,actif,2078.48,mensuelle,carte,AG-ON-006,01-28-2018,12-11-2022,03-21-2026,12755.90,ouvert
ontario,ONT0024187,Mme,Ella,Young,06-29-1970,F,en,7961,Drive,Eastwood,,,Waterloo,on,Ontario,N2L 0G4,CA,ella25@hotmail.example,+1-519-555-0182,CTR-2000024187,auto,13-40-2026,,actif,356.26,mensuelle,prélèvement,AG-QC-006,10-05-2020,10-03-2023,,,
ontario,ONT0024796,M.,Lucas,Smith,11-12-1949,M,en,3783,Highway,Station,,325,Moncton,NB,Nouveau-Brunswick,E1A 7B3,CA,lucas2168@gmail.example,+1-506-555-0180,CTR-2000024796,auto,08-09-2020,12-11-2026,suspendu,760.19,annuelle,prélèvement,AG-ON-006,07-18-2020,08-12-2025,,,
quebec,QC-0000-0125,Mme,Suzanne,Lavoie,08-07-2007,F,fr,233,allée,des Champs,Sud,40,Laval,QC,Québec,H7W 4A8,CA,sl70@gmail.example,+1-819-555-0153,CTR-3000000125,habitation,15-08-2025,14-08-2027,actif,1151.49,mensuelle,virement,AG-QC-003,15-08-2025,25-09-2025,,,
quebec,QC-0000-0290,Mme,Harper,Baker,13-10-1941,F,en,8294,Crescent,Pine,South,,Lévis,QC,Québec,G6W 2E3,CA,baker.harper@gmail.example,+1-418-555-0172,CTR-3000000290,auto,14-07-2025,26-07-2025,expiré,509.99,mensuelle,chèque,AG-QC-004,17-06-2025,09-12-2025,14-07-2025,,ouvert
quebec,QC-0000-0322,Mme,Mia,Anderson,07-08-1972,F,en,2415,Place,Northgate,,,Châteauguay,QC,Québec,J6J 9C3,CA,anderson.mia@outlook.example,+1-579-555-0185,CTR-3000000322,habitation,09-08-2022,28-07-2027,actif,2394.58,mensuelle,prélèvement,AG-QC-002,19-07-2022,10-07-2024,,,
quebec,QC-0000-0330,Mme,Camille,Lefebvre,05-11-1956,F,fr,6952,boulevard,de la Gare,,,Saint-Jérôme,QC,Québec,J7Y 7H6,CA,camillel@icloud.example,+1-438-555-0197,CTR-3000000330,auto,27-04-2019,29-10-2026,actif,685.62,mensuelle,prélèvement,AG-QC-006,11-04-2019,31-10-2019,,,
quebec,QC-0000-0336,Mme,Geneviève,Roy,16-02-1958,F,fr,348,boulevard,de la Rivière,Nord,,Shawinigan,QC,Québec,G9T 6P0,CA,roy.genevieve@bell.example,+1-418-555-0149,CTR-3000000336,habitation,30-09-2025,14-02-2027,actif,1646.43,mensuelle,chèque,AG-QC-006,24-09-2025,30-06-2026,,,
quebec,QC-0000-0337,Mme,Nathalie,Simard,11-08-1982,F,fr,2860,rang,des Pionniers,Sud,,Montréal,ON,Ontario,H3G 0X0,CA,nsimard@proton.example,+1-873-555-0157,CTR-3000000337,habitation,01-03-2025,03-07-2027,actif,1888.97,mensuelle,prélèvement,AG-QC-004,14-02-2025,20-06-2025,,,
quebec,QC-0000-0347,Mme,Ava,Anderson,11-02-1968,F,en,7070,Street,Harbour,,716,Brossard,QC,Québec,J4W 5W4,CA,ava694@hotmail.example,+1-438-555-0193,CTR-3000000347,auto,21-12-2018,12-06-2027,actif,267.78,mensuelle,virement,AG-QC-003,27-11-2018,01-02-2022,,,
quebec,QC-0000-0529,Mme,Nicole,Thibault,19-10-1939,F,fr,7970,avenue,du Marais,,136,Shawinigan,QC,Québec,G9P 5N0,CA,nicole0032@gmail.example,+1-873-555-0112,CTR-3000000529,auto,17-04-2025,24-02-2027,actif,1787.17,mensuelle,virement,AG-QC-003,11-04-2025,19-02-2026,,,
quebec,QC-0000-0537,Mme,Zoé,Lévesque,16-12-1951,F,fr,9206,allée,de la Clairière,,,Québec,QC,Québec,G2B 2E0,CA,zoe3535@hotmail.example,+1-438-555-0136,CTR-3000000537,auto,22-02-2018,,suspendu,1153.31,mensuelle,prélèvement,AG-QC-001,25-01-2018,20-12-2024,,,
quebec,QC-0000-0741,M.,Hugo,Beaulieu,28-04-1971,M,fr,4077,rue,du Boisé,Sud,488,Saint-Hyacinthe,QC,Québec,J2T 1Z6,CA,hugob@hotmail.example,+1-819-555-0191,CTR-3000000741,voyage,09-08-2025,02-05-2026,expiré,99.93,annuelle,carte,AG-QC-004,21-07-2025,25-12-2025,,,
quebec,QC-0000-0785,M.,Léo,Lopez,25-08-1965,M,fr,3826,place,du Ruisseau,,159,Saguenay,QC,Québec,G7H 5Y5,CA,llopez@icloud.example,+1-450-555-0107,CTR-3000000785,vie,25-06-2024,10-01-2027,actif,2242.13,annuelle,prélèvement,AG-QC-006,15-06-2024,23-01-2026,,,
quebec,QC-0000-1615,Mme,Diane,St-Pierre,22-11-1967,F,fr,1898,avenue,des Laurentides,,219,Longueuil,QC,Québec,J4H 1H9,CA,dia86@bell.example,+1-579-555-0189,CTR-3000001615,auto,01-08-2024,27-06-2027,actif,1509.58,semestrielle,prélèvement,AG-QC-002,22-07-2024,10-08-2026,,,
quebec,QC-0000-1660,Mme,Gabrielle,Gagnon,06-07-1987,F,fr,4062,chemin,des Pionniers,,301,Rivière-du-Loup,QC,Québec,G5R 5L3,CA,gabrielle.gagnon@outlook.example,+1-367-555-0167,CTR-3000001660,auto,11-12-2019,04-11-2026,actif,643.75,mensuelle,prélèvement,AG-QC-002,29-11-2019,23-04-2024,,,
quebec,QC-0000-1853,M.,Jean,oMrin,08-04-1971,M,en,3069,Lane,Morningstar,,320,Magog,QC,Québec,J1X 1Z0,CA,jm4580@gmail.example,+1-438-555-0111,CTR-3000001853,auto,31-12-2021,18-03-2027,actif,1180.68,annuelle,prélèvement,AG-QC-006,12-12-2021,21-06-2024,,,
quebec,QC-0000-1959,Mme,Laurence,Leblanc,11-05-1954,F,fr,4550,allée,du Soliel-Levant,,,Gatineau,QC,Québec,J8Y 8H5,CA,laurence443@icloud.example,+1-418-555-0173,CTR-3000001959,auto,15-02-2019,28-03-2027,actif,460.91,mensuelle,prélèvement,AG-QC-003,03-02-2019,29-11-2023,,,
quebec,QC-0000-2368,M.,Marc,Lavoie,19-10-1989,M,fr,7695,côte,des Épinettes,,470,Blainville,QC,Québec,J7C 3S1,CA,lavoie9502@outlook.example,+1-819-555-0149,CTR-3000002368,habitation,08-08-2017,07-12-2026,actif,2075.91,mensuelle,prélèvement,AG-QC-001,26-07-2017,06-12-2020,,,
quebec,QC-0000-2415,M.,Theodore,Collins,25-01-1998,M,en,966,Street,Westwood,,,Regina,SK,Saskatchewan,S4P 5A0,CA,tcollins@yahoo.example,+1-639-555-0124,CTR-3000002415,habitation,09-11-2025,02-08-2026,expiré,563.73,annuelle,prélèvement,AG-QC-002,08-11-2025,12-04-2026,,,
quebec,QC-0000-2450,Mme,Gianna,Johnson,26-10-1958,F,en,2239,Avenue,Meadow,,,Terrebonne,QC,Québec,J6X 0L5,CA,gj0483@icloud.example,+1-438-555-0181,CTR-3000002450,auto,15-07-2021,,actif,457.51,mensuelle,prélèvement,AG-QC-001,30-06-2021,18-08-2022,,,
quebec,QC-0000-2696,Mme,Diane,Girard,17-10-1988,F,fr,3952,rue,des Champs,,657,Gatineau,QC,Québec,J8Y 1E4,CA,girard83@icloud.example,+1-514-555-0161,CTR-3000002696,auto,16-08-2019,22-04-2027,actif,253.06,mensuelle,carte,AG--QC-001,20-07-2019,31-01-2022,,,
quebec,QC-0000-3106,Mme,Maude,Boucher,17-09-1979,F,fr,8019,impasse,du Belvédère,,,Sherbrooke,QC,Québec,J1K 4C0,CA,maude587@videotron.example,+1-579-555-0199,CTR-3000003106,habitation,12-05-2025,,actif,1154.11,trimestrielle,prélèvement,AG-QC-002,19-04-2025,06-11-2025,07-10-2025,40442.22,en_cours
quebec,QC-0000-3257,M.,Serge,Pelletier,03-06-1971,M,fr,8977,avenue,des Pins,,341,Lévis,QC,Québec,G6W  7A8,CA,levesque840@outlook.example,+1-514-555-0125,CTR-3000003257,auto,15-10-2023,15-09-2027,actif,2736.77,mensuelle,carte,AG-QC-001,23-09-2023,28-06-2025,,,
quebec,QC-0000-3273,Mme,Laurence,Clark,09-05-1962,F,fr,8667,montée,des Chênes,,292,Montréal,QC,Québec,H1A 3N9,CA,laurence161@outlook.example,+1-450-555-0103,CTR-3000003273,habitation,26-04-2022,19-05-2027,actif,449.03,mensuelle,prélèvement,AG-QC-005,03-04-2022,28-08-2024,,,
quebec,QC-0000-3327,Mme,Marie-Ève,Carter,30-03-1941,F,fr,8509,rue,des Frênes,,336,Rouyn-Noranda,QC,Québec,J9X 1K1,CA,marieevecarter@icloud.example,+1-514-555-0133,CTR-3000003327,auto,09-01-2023,21-01-2027,actif,2354.00,mensuelle,prélèvement,AG-QC-002,30-12-2022,05-10-2024,,,
quebec,QC-0000-3342,Mme,Nova,Wilson,26-06-1959,F,en,115,Street,Southridge,East,,Calgary,AB,Alberta,T2P 8C1,CA,nova-wilson@hotmail.example,+1-780-555-0198,CTR-3000003342,habitation,18-10-2019,03-02-2027,actif,943.43,trimestrielle,carte,AG-QC-006,21-09-2019,24-01-2020,,,
quebec,QC-0000-3403,M.,Sébastien,Lavoie,26-01-1970,M,fr,6621,carré,des Mélèzes,Sud,934,Terrebonne,QC,Québec,J6X 2G3,CA,sebastien_lavoie@icloud.example,+1-579-555-0128,CTR-3000003403,auto,26-10-2017,10-02-2027,suspendu,687.43,mensuelle,prélèvement,AG-QC-002,01-10-2017,26-04-2025,,,
quebec,QC-0000-3530,M.,Martin,Leblanc,29-01-1952,M,fr,1382,montée,du Moulin,Est,,Montréal,QC,Québec,H2X 6G1,CA,martin1296@gmail.example,+1-450-555-0105,CTR-3000003530,auto,07-11-2017,19-03-2027,actif,761.63,annuelle,prélèvement,AG-QC-006,13-10-2017,11-10-2022,,,
quebec,QC-0000-3923,M.,James,Thompson,20-11-1945,M,en,7373,Street,Spring,,,Vancouver,BC,Colombie-Britannique,V5K 2K6,CA,thompson12@hotmail.example,+1-604-555-0187,CTR-3000003923,auto,21-12-2022,17-11-2025,résilié,698.94,mensuelle,carte,AG-QC-002,02-12-2022,16-01-2025,,,
quebec,QC-0000-4016,Mme,Anne,Gauthier,12-06-1952,F,fr,4403,allée,du Marais,,,Ottawa,ON,Ontario,K2P 9K7,CA,anne4093@gmail.example,+1-905-555-0111,CTR-3000004016,voyage,19-02-2025,,actif,346.03,mensuelle,prélèvement,AG-QC-005,25-01-2025,18-08-2026,,,
quebec,QC-0000-4162,M.,Félix,Morin,03-05-2007,M,fr,9737,rue,du Lac,,124,Gatineau,QC,Québec,J8X 6X9,CA,felix_morin@yahoo.example,+1-819-555-0168,CTR-3000004162,habitation,03-04-2026,26-03-2027,actif,979.02,annuelle,carte,AG-QC-005,18-03-2026,05-06-2026,,,fermé
quebec,QC-0000-4230,M.,James,Mitchell,22-12-1976,M,en,4197,Street,Oak,,481,London,ON,Ontario,N6A 0E4,CA,james51@gmail.example,+1-705-555-0124,CTR-3000004230,auto,27-05-2017,12-01-2027,actif,1576.83,mensuelle,virement,AG-QC-001,28-04-2017,06-12-2021,21-07-2023,33189.33,fermé
quebec,QC-0000-4681,Mme,Isabelle,,08-12-1993,F,fr,4963,rue,du Lac,,,Lévis,QC,Québec,G6V 8N6,CA,isa07@hotmail.example,+1-438-555-0115,CTR-3000004681,habitation,25-08-2017,30-05-2027,actif,1518.44,mensuelle,carte,AG-QC-004,13-08-2017,02-04-2021,,,
quebec,QC-0000-5228,Mme,Aurora,Cox,19-02-1960,F,en,2114,Terrace,Brookside,,,Red Deer,AB,Alberta,T4N 8G8,CA,auroracox@gmail.example,+1-780-555-0115,CTR-3000005228,auto,26-02-2026,02-07-2026,expiré,1216.09,mensuelle,prélèvement,AG-QC-001,30-01-2026,05-07-2026,,,
quebec,QC-0000-5232,Mme,Ella,Thompson,09-05-1991,F,en,4617,Boulevard,Riverside,,,Edmonton,AB,Alberta,T5J 4G1,CA,ellathompson@gmail.example,+1-780-555-0108,CTR-3000005232,vie,02-05-2025,02-08-2027,actif,1873.85,mensuelle,virement,AG-QC-001,16-04-2025,09-04-2026,,,
quebec,QC-0000-5405,Mme,Suzanye,Ouellet,19-04-1978,F,fr,9577,terrasse,du Marais,,617,Montréal,QC,Québec,H4A 4J2,CA,suz257@icloud.example,+1-263-555-0183,CTR-3000005405,vie,16-05-2019,11-09-2027,actif,2885.96,mensuelle,virement,AG-QC-005,14-05-2019,05-05-2024,,,
quebec,QC-0000-5664,M.,Jack,Walker,31-08-1948,M,en,8853,Drive,Kingfisher,,,Montréal,QC,Québec,H4A 7T7,CA,jac8574@hotmail.example,+1-514-555-0114,CTR-3000005664,auto,27-11-2023,23-05-2027,actif,730.47,mensuelle,carte,AG-QC-002,25-11-2023,27-03-2024,,,
quebec,QC-0000-5792,M.,Patrick,Fortin,06-06-2007,M,fr,9883,autoroute,du Cap,,,Montréal,QC,Québec,H2X 9S4,CA,patrick646@outlook.example,+1-819-555-0165,CTR-3000005792,auto,09-10-2025,01-07-2027,actif,2324.43,mensuelle,prélèvement,AG-QC-006,26-09-2025,20-01-2026,,,
quebec,QC-0000-6164,Mme,Suzanne,Gonzalez,14-02-1937,F,fr,3563,terrasse,du Havre,,,Saguenay,QC,Québec,G7H 4N7,CA,gonzalez62@yahoo.example,+1-468-555-0161,CTR-3000006164,auto,05-04-2022,04-04-2027,suspendu,942.51,mensuelle,prélèvement,AG-QC-006,30-03-2022,17-03-2025,,,
quebec,QC-0000-6277,M.,Daniel,Landry,22-07-1944,M,fr,2706,rue,du Marais,Ouest,,Sherbrooke,QC,Québec,J1K 0N5,CA,dl149@outlook.example,+1-819-555-0197,CTR-3000006277,vie,28-10-2017,04-08-2027,actif,1811.91,mensuelle,carte,AG-QC-005,22-10-2017,10-09-2026,,,
quebec,QC-0000-6280,Mme,Béatrice,Michaud,22-07-1997,F,fr,3371,route,du Moulin,,834,Sherbrooke,QC,Québec,J1H 4K8,CA,beatrice.michaud@yahoo.example,+1-579-555-0183,CTR-3000006280,auto,11-11-2018,23-11-2026,actif,318.78,mensuelle,prélèvement,AG-QC-004,11-11-2018,30-09-2023,,,
quebec,QC-0000-6508,M.,francois,fortin,22-10-1946,M,fr,3813,croissant,des erables,,,quebec,QC,quebec,G2B  5L1,CA,fra751@yahoo.example,+1-450-555-0106,CTR-3000006508,auto,27-03-2020,21-03-2027,actif,624.85,mensuelle,prélèvement,AG-QC-001,28-02-2020,16-01-2021,,,
quebec,QC-0000-7276,M.,William,Morgan,18-02-1979,M,en,4509,Avenue,Garden,South,,Ottawa,ON,Ontario,K1A 8J2,CA,wil65@proton.example,+1-647-555-0192,CTR-3000007276,habitation,09-11-2022,28-10-2024,résilié,1927.54,annuelle,carte,AG-QC-001,19-10-2022,16-11-2025,,,
quebec,QC-0000-7500,M.,Liam,Wilson,11-10-1965,M,en,5378,Street,Maple,,,Waterloo,ON,Ontario,N2J 1P9,CA,wilson.liam@outlook.example,+1-289-555-0173,CTR-3000007500,vie,03-09-2022,27-12-2026,actif,2938.33,mensuelle,carte,AG-QC-002,31-08-2022,02-07-2025,,,
quebec,QC-0000-7607,M.,François,Bouchard,17-04-1944,M,fr,1383,montée,des Cedres,,,Montréal,QC,Québec,H4A 6M4,CA,francois964@gmail.example,+1-514-555-0189,CTR-3000007607,voyage,01-04-2019,22-11-2026,actif,236.92,mensuelle,virement,AG-QC-006,18-03-2019,29-01-2020,06-01-2022,10719.14,en_cours
quebec,QC-0000-783,M.,David,Mitchell,29-02-1976,M,en,9700,Way,Westwood,,,Mississauga,ON,Ontario,L5B 3R6,CA,dm266@gmail.example,+1-249-555-0155,CTR-3000007838,auto,07-12-2017,29-05-2027,actif,1460.56,mensuelle,carte,AG-QC-003,27-11-2017,25-12-2019,,,
quebec,QC-0000-8043,M.,Thomas,Tremblay,04-09-1977,M,fr,2228,rue,du Marché,,,Saint-Jérôme,QC,Québec,J7Z 4P9,CA,thomas_tremblay@videotron.example,+1-581-555-0160,CTR-3000008043,vie,09-08-2024,28-06-2027,suspendu,1010.42,mensuelle,prélèvement,AG-QC-006,30-07-2024,07-08-2024,,,
quebec,QC-0000-8205,M.,Samuel,Lévesque,21-09-1986,M,fr,3357,impasse,du Lac,,77,Montréal,QC,Québec,H2X 0G4,CA,samuellevesque@gmail.example,+1-418-555-0109,CTR-3000008205,vie,10-05-2026,10-03-2027,actif,4847.68,mensuelle,prélèvement,AG-QC-001,02-05-2026,22-05-2026,,,
quebec,QC-0000-8244,M.,Jackson,Brown,11-08-1950,M,en,2308,Road,Birch,,,Toronto,ON,Ontario,M5V 5S2,CA,jacksonbrown@hotmail.example,+1-289-555-0181,CTR-3000008244,auto,13-01-2021,07-05-2027,actif,504.85,annuelle,prélèvement,AG-QC-006,30-12-2020,28-08-2023,10-12-2024,29314.69,fermé
quebec,QC-0000-8314,M.,Luc,Roy,17-01-2008,M,fr,8787,rue,des Bouleaux,,,Laval,QC,Québec,H7W 1X6,CA,luc8547@outlook.example,+1-418-555-0190,CTR-3000008314,auto,20-05-2026,16-05-2027,suspendu,934.69,annuelle,prélèvement,AG-QC-004,29-04-2026,10-05-2026,,,
quebec,QC-0000-8647,Mme,Louise,Ouellet,23-01-1954,F,fr,6858,montée,des Lilas,,468,Drummondville,QC,Québec,J2B 3R1,CA,louise-ouellet@gmail.example,+1-514-555-0134,CTR-3000008647,habitation,08-12-2020,28-09-2022,expiré,986.82,annuelle,carte,AG-QC-001,23-11-2020,06-11-2022,,,
quebec,QC-0000-9169,M.,Daniel,Gauthier,02-04-1993,M,fr,3769,terrasse,des Geais-Bleus,,,Drummondville,QC,Québec,J2C 1J2,CA,daniel7894@outlook.example,+1-581-555-0138,CTR-3000009169,auto,19-10-2017,,actif,514.85,mensuelle,prélèvement,AG-QC-002,29-09-2017,29-06-2023,,,
quebec,QC-0000-9194,M.,Robert,Hébert,16-01-1944,M,fr,7425,rang,des Érables,,717,Longueuil,QC,Québec,J4K 4C2,CA,robert27@outlook.example,+1-581-555-0164,CTR-3000009194,habitation,30-06-2026,31-05-2027,actif,2791.95,mensuelle,prélèvement,AG-QC-001,14-06-2026,03-08-2026,,,
quebec,QC-0000-9209,M.,Leo,Turner,01-03-2003,M,en,7044,Street,Orchard,,,Ottawa,ON,Ontario,K2P 0S8,CA,lt690@gmail.example,+1-705-555-0138,CTR-3000009209,auto,05-10-2024,28-08-2027,actif,541.18,mensuelle,chèque,AG-QC-001,12-09-2024,19-08-2026,09-04-2025,14371.37,fermé
quebec,QC-0000-9377,Mme,Marie-Claude,Martel,22-12-1961,F,fr,9155,boulevard,de l'Aube,,883,Montréal,QC,Québec,H2X 0S7,CA,marieclaude.martel@hotmail.example,+1-418-555-0132,CTR-3000009377,voyage,01-11-2019,,actif,472.79,trimestrielle,prélèvement,AG-QC-002,24-10-2019,30-05-2023,,,
quebec,QC-0001-0057,Mme,Sylvie,Cormier,11-07-1984,F,fr,744,impasse,du Belvédère,,,Lévis,QC,Québec,G6W 9M6,CA,cormier77@outlook.example,+1-819-555-0181,CTR-3000010057,auto,22-02-2017,25-01-2027,actif,1892.90,mensuelle,prélèvement,AG-QC-002,11-02-2017,09-02-2018,,,fermé
quebec,QC-0001-0680,M.,Philippe,Bouchard,10-02-1959,M,fr,4059,rue,des Mélèzes,,44,Longueuil,QC,Québec,J4K 7K9,CA,pb9399@videotron.example,+1-873-555-0178,CTR-3000010680,auto,22-12-2020,07-04-2027,actif,805.36,mensuelle,prélèvement,AG-QC-004,15-12-2020,16-07-2026,,,
quebec,QC-0001-0688,Mme,Caroline,Pelletier,01-06-1991,F,fr,9490,rue,des Hirondelles,,,Blainville,QC,Québec,J7C 7C6,CA,car81@gmail.example,+1-418-555-0187,CTR-3000010688,vie,23-05-2021,,actif,2621.88,trimestrielle,prélèvement,AG-QC-005,18-05-2021,27-05-2025,,,
quebec,QC-0001-0709,M.,Denis,Ahmed,13-06-1939,M,fr,2513,montée,des Laurentides,,101,Saint-Jean-sur-Richelieu,QC,Québec,J3B 1A2,CA,den1326@icloud.example,+1-581-555-0161,CTR-3000010709,habitation,01-03-2020,08-04-2027,suspendu,711.72,annuelle,virement,AG-QC-002,01-03-2020,10-08-2022,,,
quebec,QC-0001-0785,M.,Jacques,Parent,05-08-1953,M,fr,1706,boulevard,des Hirondelles,Ouest,,Laval,QC,Québec,H7W 0M2,CA,parent960@proton.example,+1-514-555-0153,CTR-3000010785,auto,29-04-2022,01-04-2025,expiré,394.64,mensuelle,carte,AG-QC-001,17-04-2022,15-03-2024,,,
quebec,QC-0001-1382,Mme,Caroline,Wang,19-05-2008,F,fr,7066,rang,du Boisé,,,Vaudreuil-Dorion,QC,Québec,J7T 3Z7,CA,caroline.wang@gmail.example,+1-418-555-0191,CTR-3000011382,auto,09-09-2026,26-10-2026,actif,537.47,annuelle,prélèvement,AG-QC-001,27-08-2026,14-09-2026,,,
quebec,QC-0001-1398,Mme,Sophia,Brown,16-08-1982,F,en,4402,Place,Oak,,,Regina,SK,Saskatchewan,S4P 3C7,CA,sophia_brown@videotron.example,+1-306-555-0105,CTR-3000011398,auto,12-09-2017,15-12-2026,actif,505.47,annuelle,virement,AG-QC-002,09-09-2017,04-11-2018,03-06-2020,18444.39,en_cours
quebec,QC-0001-1406,M.,Sébastien,Ouellet,17-01-1956,M,fr,1548,chemin,du Versant,,,Sherbrooke,QC,Québec,J1H 2B4,CA,so2694@outlook.example,+1-438-555-0106,CTR-3000011406,auto,01-06-2025,,actif,1615.20,mensuelle,virement,AG-QC-002,01-06-2025,12-11-2025,,,
quebec,QC-0001-1489,Mme,Evelyn,Wilson,03-05-1981,F,en,3603,Street,Bluebird,West,,Blainville,QC,Québec,J7C 2G5,CA,ew577@gmail.example,+1-438-555-0154,CTR-3000011489,habitation,03-11-2021,,actif,887.73,mensuelle,prélèvement,AG-QC-001,10-10-2021,14-11-2021,,,
quebec,QC-0001-1550,M.,Liam,Johnson,24-04-1957,M,en,6315,Drive,Market,,801,Vancouver,BC,Colombie-Britannique,V5K 1L7,CA,lia89@videotron.example,+1-604-555-0165,CTR-3000011550,auto,15-05-2021,26-08-2027,actif,1777.67,trimestrielle,carte,AG-QC-004,14-05-2021,19-04-2023,,,
quebec,QC-0001-1610,Mme,Charlotte,Lévesque,22-10-1975,F,fr,2562,promenade,des Vents,,,Trois-Rivières,QC,Québec,G9A 9J6,CA,charlottelevesque@outlook.example,+1-263-555-0102,CTR-3000011610,auto,17-12-2025,20-08-2027,actif,884.59,trimestrielle,prélèvement,AG-QC-001,11-12-2025,06-01-2026,,,
quebec,QC-0001-2147,M.,Philippe,Poulin,13-10-1994,M,fr,4655,route,du Lac,Sud,807,Saint-Jean-sur-Richelieu,QC,Québec,J3B 7H7,CA,philippe043@gmail.example,+1-263-555-0130,CTR-3000012147,auto,15-03-2019,08-06-2027,actif,1703.44,mensuelle,prélèvement,AG-QC-003,03-03-2019,26-12-2020,,,
quebec,QC-0001-2576,M.,Jean-François,Landry,18-02-1989,M,fr,6524,rue,de l'Aube,,659,Rivière-du-Loup,QC,Québec,G5R 1B0,CA,jeanfrancois.landry@hotmail.example,+1-438-555-0176,CTR-3000012576,auto,07-04-2017,09-05-2027,actif,1405.78,annuelle,carte,AG-QC-001,11-03-2017,04-06-2021,,,
quebec,QC-0001-2649,Mme,Sofia,Smith,04-04-1953,F,en,8715,Court,Maple,,250,Sherbrooke,QC,Québec,J1H 1E5,CA,ss0338@gmail.example,+1-514-555-0143,CTR-3000012649,voyage,10-08-2023,18-07-2027,actif,230.03,mensuelle,chèque,AG-QC-001,27-07-2023,13-01-2024,,,
quebec,QC-0001-2713,M.,Mateo,Thompson,10-08-2005,M,en,7677,Terrace,Harbour,,,Mississauga,ON,Ontario,L5B 8R2,CA,mateothompson@videotron.example,+1-437-555-0165,CTR-3000012713,auto,08-10-2024,18-08-2027,actif,886.94,annuelle,prélèvement,AG-QC-002,11-09-2024,05-11-2024,,,
quebec,QC-0001-3005,Mme,Nora,Richardson,27-11-1949,F,en,7499,Avenue,Meadow,,347,Victoriaville,QC,Québec,G6R 0H2,CA,nrichardson@gmail.example,+1-418-555-0158,CTR-3000013005,auto,28-05-2019,06-03-2027,actif,931.03,mensuelle,virement,AG-QC-002,27-05-2019,25-01-2026,,,
quebec,QC-0001-3559,Mme,Clara,Parent,25-09-1975,F,fr,3338,promenade,de la Colline,Nord,,Terrebonne,QC,Québec,J6W 5J1,CA,claraparent@gmail.example,+1-819-555-0189,CTR-3000013559,vie,12-06-2025,04-12-2025,expiré,2754.20,mensuelle,virement,AG-QC-001,21-05-2025,11-03-2026,,,
quebec,QC-0001-3819,Mme,Hannah,Green,23-11-1940,F,en,3561,Road,Willow,South,358,Grand Sudbury,ON,Ontario,P3E 8T9,CA,hannah868@hotmail.example,+1-548-555-0139,CTR-3000013819,voyage,30-08-2019,25-04-2027,actif,509.77,mensuelle,virement,AG-QC-003,15-08-2019,17-12-2022,,,
quebec,QC-0001-3853,Mme,Rosalie,Pelletier,08-11-1947,F,fr,5411,boulevard,du Parc,,,Montréal,QC,Québec,H4A 7S6,CA,ros4991@hotmail.example,+1-263-555-0180,CTR-3000013853,auto,11-04-2022,,actif,716.95,mensuelle,prélèvement,AG-QC-002,25-03-2022,23-05-2022,01-07-2022,41718.25,
quebec,QC-0001-4064,M.,Patrick,Johnson,07-01-1964,M,fr,9099,boulevard,des Bouleaux,,,Lévis,QC,Québec,G6V 0B2,CA,patrick.johnson@hotmail.example,+1-819-555-0117,CTR-3000014064,auto,10-07-2020,17-10-2026,actif,1239.34,annuelle,carte,AG-QC-001,07-07-2020,10-12-2020,,,
quebec,QC-0001-4432,M.,Luc,Landry,30-05-1982,M,fr,8495,rue,des Sapins,,,Mirabel,QC,Québec,J7N 3E6,CA,luc_landry@gmail.example,+1-438-555-0150,CTR-3000014432,auto,24-06-2023,27-03-2027,actif,2260.62,mensuelle,prélèvement,AG-QC-002,13-06-2023,12-06-2024,,,
quebec,QC-0001-4488,Mme,Mélanie,Bouchard,09-06-1986,F,fr,538,chemin,de la Colline,,,Gatineau,QC,Québec,J8X 5G4,CA,melanie895@icloud.example,+1-354-555-0183,CTR-3000014488,auto,26-05-2018,13-01-2027,actif,1056.16,mensuelle,carte,AG-QC-003,26-05-2018,01-04-2025,,,
quebec,QC-0001-4513,Mme,Marie-Claude,Proulx,29-01-1956,F,fr,171,rue,de la Clairière,Nord,,Granby,QC,Québec,J2G 7H6,CA,proulx.marieclaude@gmail.example,+1-514-555-0156,CTR-3000014513,auto,05-11-2016,03-07-2027,suspendu,929.82,annuelle,prélèvement,AG-QC-002,17-10-2016,21-07-2023,05-02-2023,,en_cours
quebec,QC-0001-4523,M.,Serge,Tremblay,07-09-1971,M,fr,2430,boulevard,du Parc,Sud,846,Montréal,QC,Québec,H4A 7M7,CA,serget@hotmail.example,+1-450-555-0180,CTR-3000014523,habitation,07-04-2018,11-11-2026,actif,1614.20,mensuelle,prélèvement,AG-QC-006,25-03-2018,01-03-2025,14-04-2020,,en_cours
quebec,QC-0001-4848,Mme,Camille,Lévesque,02-03-1944,F,fr,9797,boulevard,de la Colline,,,Saint-Jean-sur-Richelieu,QC,Québec,J3B 4G2,CA,camille_levesque@proton.example,+1-819-555-0179,CTR-3000014848,auto,13-10-2018,07-02-2027,actif,1111.12,trimestrielle,carte,AG-QC-002,28-09-2018,12-01-2024,,,
quebec,QC-0001-4910,M.,Serge,Michaud,23-05-1982,M,fr,8616,allée,du Marais,,,Dollard-des-Ormeaux,QC,Québec,H9A 2E0,CA,serge.michaud@icloud.example,+1-581-555-0187,CTR-3000014910,habitation,04-12-2019,10-03-2027,actif,707.02,annuelle,prélèvement,AG-QC-001,23-11-2019,15-01-2024,,,
quebec,QC-0001-4944,Mme,Juliette,Fournier,24-12-2001,F,fr,5378,boulevard,des Lilas,Ouest,,Terrebonne,QC,Québec,J6W 2G9,CA,juliette42@icloud.example,+1-367-555-0139,CTR-3000014944,auto,12-02-2023,28-10-2026,actif,1958.55,mensuelle,carte,AG-QC-006,27-01-2023,10-07-2025,,,
quebec,QC-0001-5013,Mme,Marguerite,Cormier,02-02-1966,F,fr,9729,boulevard,de l'Aube,Nord,,Lévis,QC,Québec,G6V 3K9,CA,marguerite_cormier@bell.example,+1-450-555-0154,CTR-3000015013,auto,16-11-2024,17-12-2026,actif,1112.80,trimestrielle,prélèvement,AG-QC-001,09-11-2024,31-03-2026,10-12-2025,17050.23,ouvert
quebec,QC-0001-5166,Mme,Émilie,Simard,02-12-1943,F,fr,1035,rue,des Hirondelles,,365,Québec,QC,Québec,G2B 3W3,CA,emiliesimard@yahoo.example,+1-418-555-0171,CTR-3000015166,auto,31-01-2021,23-06-2027,actif,692.05,annuelle,prélèvement,AG-QC-001,30-01-2021,11-07-2026,,,
quebec,QC-0001-5361,M.,Sebastian,Smith,02-10-1941,M,en,5072,Circle,Hillcrest,,,St. John's,NL,Terre-Neuve-et-Labrador,A1C 0T8,CA,sebastian.smith@hotmail.example,+1-879-555-0112,CTR-3000015361,auto,05-09-2022,,suspendu,2084.14,mensuelle,virement,AG-QC-003,25-08-2022,17-12-2022,,,
quebec,QC-0001-5479,Mme,Sarah-Maude,Renaud,18-05-1959,F,fr,4404,rue,du Belvédère,Nord,,Salaberry-de-Valleyfield,QC,Québec,J6T 6B5,CA,sar379@gmail.example,+1-263-555-0183,CTR-3000015479,voyage,14-08-2021,12-03-2027,actif,202.20,mensuelle,prélèvement,AG-QC-002,25-07-2021,26-11-2024,,,
quebec,QC-0001-5663,Mme,Valérie,Gagnon,24-09-2005,F,fr,9612,rue,des Frênes,,,Montréal,QC,Québec,H1A 0X4,CA,valerie448@hotmail.example,+1-819-555-0169,CTR-3000015663,habitation,08-01-2025,03-03-2027,actif,2850.14,mensuelle,prélèvement,AG-QC-001,19-12-2024,05-09-2025,,,
quebec,QC-0001-5694,M.,Émile,Kim,04-06-1937,M,fr,8179,croissant,des Chênes,,,Saguenay,QC,Québec,G7H 5B5,CA,emile602@gmail.example,+1-819-555-0142,CTR-3000015694,auto,29-04-2019,24-12-2026,actif,1063.69,annuelle,prélèvement,AG-QC-001,11-04-2019,11-10-2019,,,
quebec,QC-0001-5744,M.,Noah,Murphy,14-12-1954,M,en,8812,Avenue,Greenfield,,,Sherbrooke,QC,Québec,J1K 2G9,CA,murphy.noah@outlook.example,+1-581-555-0122,CTR-3000015744,habitation,06-03-2026,30-04-2027,actif,1039.21,mensuelle,prélèvement,AG-QC-002,05-02-2026,18-03-2026,23-04-2026,,en_cours
quebec,QC-0001-6352,Mme,Alice,Boucher,28-10-1940,F,fr,6151,chemin,des Trilliums,,,Montréal,QC,Québec,H1A 4W1,CA,ali5882@videotron.example,+1-438-555-0196,CTR-3000016352,habitation_X,05-11-2025,07-02-2027,actif,2353.71,mensuelle,prélèvement,AG-QC-003,05-11-2025,06-09-2026,,,
quebec,QC-0001-6515,Mme,Zoé,Gagné,04-10-2006,F,fr,1868,place,des Champs,,,Montréal,QC,Québec,H4A 2W1,CA,zoe_gagne@hotmail.example,+1-819-555-0156,CTR-3000016515,auto,06-07-2025,10-12-2026,actif,1509.68,mensuelle,prélèvement,AG-QC-004,26-06-2025,16-01-2026,11-04-2026,9880.78,fermé
quebec,QC-0001-6635,Mme,Nathalie,D'Souza,31-03-2003,F,fr,3149,rang,des Laurentides,Nord,,Québec,QC,Québec,G2B 3M1,CA,nathaliedsouza@yahoo.example,+1-819-555-0101,CTR-3000016635,auto,29-12-2025,29-10-2026,actif,583.53,mensuelle,chèque,AG-QC-004,20-12-2025,04-01-2026,22-02-2026,,en_cours
quebec,QC-0001-7332,Mme,Josée,Lavoie,22-07-1948,F,fr,6339,route,du Ruisseau,,,Laval,QC,Québec,H7N 6R8,CA,josee9565@gmail.example,+1-819-555-0184,CTR-3000017332,habitation,09-02-2022,19-11-2026,actif,1839.47,trimestrielle,carte,AG-QC-003,14-01-2022,04-01-2026,11-02-2022,91386.63,en_cours
quebec,QC-0001-7388,Mme,Geneviève,Green,01-05-1941,F,fr,9725,route,des Trilliums,,,Sherbrooke,QC,Québec,J1K 1M1,CA,genevieve.green@rogers.example,+1-873-555-0175,CTR-3000017388,habitation,29-06-2020,,actif,1011.26,annuelle,prélèvement,AG-QC-001,06-06-2020,04-06-2024,,,
quebec,QC-0001-7623,M.,Dylan,Walker,06-04-1998,M,en,8369,Terrace,Birch,,,Laval,QC,Québec,H7N 6C0,CA,walker.dylan@gmail.example,+1-579-555-0168,CTR-3000017623,auto,17-08-2018,02-07-2027,actif,1054.07,mensuelle,carte,AG-QC-001,17-08-2018,27-05-2022,,,
quebec,QC-0001-7772,Mme,Luna,Scott,19-03-2006,F,en,2227,Lane,Southridge,,,Mississauga,ON,Ontario,L5G 7K1,CA,scott.luna@yahoo.example,+1-343-555-0162,CTR-3000017772,habitation,11-03-2026,08-05-2026,expiré,1867.53,mensuelle,prélèvement,AG-QC-002,17-02-2026,04-08-2026,,,
quebec,QC-0001-7860,Mme,Josée,Bélanger,03-02-2003,F,fr,4628,rue,de la Pinède,,131,Laval,QC,Québec,H7W 8W6,CA,jos24@outlook.example,+1-873-555-0173,CTR-3000017860,habitation,13-09-2025,15-05-2027,actif,2012.04,mensuelle,chèque,AG-QC-005,07-09-2025,15-07-2026,,,
quebec,QC-0001-7890,M.,Jean,Lachance,12-09-1964,M,fr,8961,rue,du Moulin,,,Mirabel,QC,Québec,J7J 8E3,CA,jean_lachance@hotmail.example,+1-438-555-0162,CTR-3000017890,habitation,01-03-2023,,actif,1137.59,mensuelle,prélèvement,AG-QC-001,20-02-2023,07-12-2025,05-03-2025,,en_cours
quebec,QC-0001-7935,M.,Benjamin,Wright,27-06-1985,M,en,9722,Road,Birch,West,965,Brossard,QC,Québec,J4W 8V5,CA,benjamin.wright@outlook.example,+1-450-555-0112,CTR-3000017935,vie,28-04-2023,25-09-2023,expiré,780.19,mensuelle,prélèvement,AG-QC-003,10-04-2023,12-07-2024,,,
quebec,QC-0001-7978,Mme,Béatrice,Ouellet,01-01-1969,F,fr,340,chemin,des Lilas,,,Victoriaville,QC,Québec,G6P 0Y7,CA,bo4196@outlook.example,+1-450-555-0170,CTR-3000017978,auto,23-05-2021,28-03-2027,actif,765.42,trimestrielle,prélèvement,AG-QC-005,05-05-2021,07-10-2023,,,
quebec,QC-0001-8027,Mme,Alice,Paquette,20-01-1975,F,fr,6013,chemin,de la Clairière,,,Lévis,QC,Québec,G6W 1H0,CA,paquette3479@gmail.example,+1-819-555-0135,CTR-3000018027,habitation,13-10-2023,16-06-2027,actif,1252.56,mensuelle,prélèvement,AG-QC-004,23-09-2023,25-12-2024,,,
quebec,QC-0001-8161,M.,William,Green,17-06-1947,M,en,8950,Lane,Railway,,838,Waterloo,ON,Ontario,N2J  9M5,CA,william_green@gmail.example,+1-742-555-0149,CTR-3000018161,habitation,31-05-2024,,actif,1636.17,mensuelle,virement,AG-QC-001,24-05-2024,28-02-2026,,,
quebec,QC-0001-8318,Mme,Olivia,Campbell,02-04-2005,F,en,5792,Boulevard,Forest,,120,Brossard,QC,Québec,J4W 0N2,CA,olivia948@hotmail.example,+1-819-555-0118,CTR-3000018318,voyage,04-18-2025,07-31-2027,actif,243.10,annuelle,prélèvement,AG-QC-002,04-04-2025,06-21-2025,,,
quebec,QC--0001-8419,Mme,florence,dube,10-04-1980,F,fr,4219,avenue,des lilas,,,kelowna,BC,colombie-britannique,V1Y 7M6,CA,florence_dube@yahoo.example,+1-672-555-0100,CTR-3000018419,habitation,02-11-2017,17-02-2027,actif,712.47,mensuelle,virement,AG-QC-002,04-10-2017,24-12-2021,,,
quebec,QC-0001-8674,M.,François,Desjardins,29-12-1963,M,fr,1256,rang,de la Colline,,,Brossard,QC,Québec,J4W 4M7,CA,desjardins.francois@gmail.example,+1-873-555-0134,CTR-3000018674,habitation,09-01-2024,18-11-2026,actif,560.51,mensuelle,virement,AG-QC-001,14-12-2023,16-03-2024,,,
quebec,QC-0001-8962,M.,Rémi,Gauthier,01-05-1979,M,fr,8458,avenue,des Bouleaux,,,Terrebonne,QC,Québec,J6W 6N6,CA,gauthier.remi@bell.example,+1-367-555-0193,CTR-3000018962,auto,15-05-2026,,actif,2061.39,annuelle,prélèvement,AG-QC-002,12-05-2026,16-07-2026,,,
quebec,QC-0001-9298,Mme,Catherine,Rahman,27-05-1948,F,fr,1874,boulevard,du Moulin,,357,Terrebonne,QC,Québec,J6W  2C0,CA,catherinerahman@gmail.example,+1-819-555-0118,CTR-3000019298,auto,04-07-2025,,actif,1652.26,mensuelle,carte,AG-QC-001,11-06-2025,12-07-2025,,,
quebec,QC--0001-9299,M.,Daniel,Desjardins,16-02-1969,M,fr,4835,chemin,des Bouleaux,,,Gaspé,QC,Québec,G4X 4T6,CA,dan20@gmail.example,+1-581-555-0148,CTR-3000019299,voyage,14-05-2025,18-02-2027,actif,210.58,mensuelle,carte,AG-QC-002,30-04-2025,03-12-2025,,,
quebec,QC-0001-9585,Mme,Laurence,Simard,28-05-1965,F,fr,8073,avenue,du Havre,,,Laval,QC,Québec,H7W 2K1,CA,ls5956@outlook.example,+1-514-555-0130,CTR-3000019585,auto,10-06-2023,10-03-2027,actif,360.89,mensuelle,virement,AG-QC-001,08-06-2023,19-10-2023,,,
quebec,QC-0001-9656,M.,Stéphane,Ouellet,01-12-2007,M,fr,3059,allée,des Ormes,Nord,450,Brossard,QC,Québec,J4Y 7S8,CA,stephane944@gmail.example,+1-418-555-0130,CTR-3000019656,habitation,24-07-2026,11-01-2027,actif,1922.60,annuelle,prélèvement,AG--QC-001,04-07-2026,07-08-2026,,,
quebec,QC-0001-966,Mme,Valérie,Ouellet,24-11-1973,F,fr,8000,rue,des Laurentides,Sud,,Montréla,QC,Québec,H4A 6X9,CA,valerie01@yahoo.example,+1-873-555-0136,CTR-3000019662,habitation,14-07-2025,25-05-2027,actif,917.23,annuelle,carte,AG-QC-004,14-07-2025,04-09-2025,,,
quebec,QC-0001-9893,Mme,Marie-Ève,Gagné,06-12-1963,F,fr,4602,rue,de la Pinède,,,Sept-Îles,QC,Québec,G4S 4E5,CA,marieeve341@gmail.example,+1-819-555-0141,CTR-3000019893,vie,09-06-2025,06-04-2027,actif,1007.70,mensuelle,virement,AG-QC-001,17-05-2025,02-06-2025,,,
quebec,QC-0002-0140,Mme,Josée,Gauthier,29-02-1952,F,fr,4845,croissant,du Moulin,Sud,,Mirabel,QC,Québec,J7J 9V4,CA,jos1252@yahoo.example,+1-873-555-0105,CTR-3000020140,voyage,14-03-2019,04-05-2027,actif,415.92,annuelle,prélèvement,AG-QC-001,17-02-2019,30-10-2020,,,
quebec,QC-0002-0292,Mme,Marie,Morin,23-03-1953,F,fr,1866,chemin,de la Colline,,,Longueuil,QC,Québec,J4K 6L6,CA,marie543@gmail.example,+1-450-555-0128,CTR-3000020292,auto,15-09-2020,09-01-2027,suspendu,2190.23,trimestrielle,carte,AG-QC-001,06-09-2020,30-07-2026,,,
quebec,QC-0002-0518,Mme,Catherine,Martel,13-12-1968,F,fr,1480,boulevard,des Champs,,,Montréal,QC,Québec,H1A 2X4,CA,cat87@outlook.example,+1-450-555-0126,CTR-3000020518,habitation,29-12-2020,02-02-2027,actif,2556.06,trimestrielle,prélèvement,AG-QC-004,26-12-2020,22-09-2021,,,
quebec,QC-0002-0882,M.,Samuel,Sato,06-08-1967,M,fr,8141,route,de la Clairière,Sud,,Shawinigan,QC,Québec,G9N 6Z7,CA,samuel0937@hotmail.example,+1-581-555-0144,CTR-3000020882,voyage,10-03-2018,16-01-2027,actif,280.96,trimestrielle,carte,AG-QC-002,01-03-2018,13-07-2023,,,
quebec,QC-0002-0922,Mme,Olivia,Renaud,17-02-1960,F,en,2402,Avenue,Lakeview,,442,Brossard,QC,Québec,J4Y 5N0,CA,olivia.renaud@hotmail.example,+1-579-555-0151,CTR-3000020922,habitation,15-07-2022,14-01-2027,actif,1097.05,semestrielle,prélèvement,AG-QC-005,05-07-2022,25-02-2026,,,
quebec,QC-0002-0987,Mme,Chantal,Chen,13-07-1979,F,fr,9933,rang,du Havre,Est,663,Val-d'Or,QC,Québec,J9P 7J2,CA,chen36@yahoo.example,+1-579-555-0141,CTR-3000020987,habitation,20-10-2021,21-10-2026,actif,1309.48,mensuelle,prélèvement,AG-QC-001,20-10-2021,21-08-2024,,,
quebec,QC-0002-1083,M.,Ezra,Collins,18-06-2001,M,en,5253,Street,Brookside,,,Montréal,QC,Québec,H4A 0C0,CA,collins222@gmail.example,+1-418-555-0197,CTR-3000021083,auto,20-06-2020,24-08-2025,expiré,453.70,semestrielle,prélèvement,AG-QC-002,31-05-2020,28-01-2023,,,
quebec,QC-0002-1141,M.,Alain,Gagné,19-05-1989,M,fr,7262,rang,des Mélèzes,,,Lévis,QC,Québec,G6W 4H6,CA,gagne.alain@icloud.example,+1-450-555-0156,CTR-3000021141,auto,25-05-2019,24-10-2026,suspendu,923.47,trimestrielle,carte,AG-QC-001,02-05-2019,30-09-2024,,,
quebec,QC-0002-1165,Mme,Julie,Patel,15-09-2002,F,fr,8026,avenue,des Tulipes,,422,Lévis,QC,Québec,G6V 9N8,CA,julie-patel@gmail.example,+1-450-555-0184,CTR-3000021165,auto,25-11-2021,,actif,227.81,mensuelle,prélèvement,AG-QC-001,01-11-2021,05-08-2025,,,
quebec,QC-0002-1546,Mme,Josée,Gagné,06-06-1981,F,fr,7582,rue,des Sommets,,643,Val-d'Or,QC,Québec,J9P 6S8,CA,josee0016@icloud.example,+1-514-555-0137,CTR-3000021546,auto,15-04-2018,27-03-2027,actif,1646.20,mensuelle,prélèvement,AG-QC-001,18-03-2018,04-02-2020,15-04-2026,41432.19,en_cours
quebec,QC-0002-1618,Mme,Anne-Marie,Poulin,22-09-1967,F,fr,3244,route,des Champs,,,Terrebonne,QC,Québec,J6W 6E5,CA,annemarie44@outlook.example,+1-514-555-0128,CTR-3000021618,auto,28-01-2026,05-12-2026,actif,2188.25,trimestrielle,carte,AG-QC-002,21-01-2026,03-07-2026,,,
quebec,QC-0002-1738,Mme,Béatrice,Zhang,23-06-2003,F,fr,7090,carré,des Cascades,,,Montréal,QC,Québec,H3G 6Y9,CA,beatricez@gmail.example,+1-581-555-0125,CTR-3000021738,auto,10-03-2024,,actif,1001.19,mensuelle,prélèvement,AG-QC-002,21-02-2024,12-12-2025,02-08-2025,5476.83,fermé
quebec,QC-0002-1818,Mme,Isabelle,Leblanc,26-08-1995,F,fr,2265,place,du Marais,,463,Drummondville,QC,Québec,J2B 5Y0,CA,isabelle2223@gmail.example,+1-819-555-0157,CTR-3000021818,habitation,15-12-2018,28-12-2026,actif,2460.88,mensuelle,prélèvement,AG-QC-001,21-11-2018,13-04-2019,08-12-2025,,en_cours
quebec,QC-0002-1919,M.,Jacques,Cloutier,04-07-1943,M,fr,2011,avenue,des Peupliers,,,Brossard,QC,Québec,J4Y 6R0,CA,jac271@hotmail.example,+1-354-555-0131,CTR-3000021919,habitation,08-08-2022,31-12-2026,actif,2545.65,annuelle,prélèvement,AG-QC-002,09-07-2022,22-04-2024,,,
quebec,QC-0002-1920,Mme,Josée,Wilson,15-12-1944,F,fr,935,impasse,du Domaine,,,Fredericton,NB,Nouveau-Brunswick,E3C 4L8,CA,jwilson@bell.example,+1-428-555-0111,CTR-3000021920,vie,26-03-2023,26-02-2027,actif,1651.82,semestrielle,carte,AG--QC-002,28-02-2023,29-06-2026,,,
quebec,QC-0002-1970,Mme,Stéphanie,Poirier,03-06-1981,F,fr,1582,avenue,de la Côte-Verte,Nord,,Québec,QC,Québec,G2B 1Y3,CA,stephanie526@icloud.example,+1-418-555-0188,CTR-3000021970,habitation,05-10-2024,03-03-2027,actif,1364.44,mensuelle,prélèvement,AG-QC-003,20-09-2024,26-11-2024,,,
quebec,QC-0002-2007,M.,Nicolas,Bélanger,09-01-1985,M,fr,4458,place,du Soleil-Levant,,340,Terrebonne,QC,Québec,J6X 5Y4,CA,nicolas011@gmail.example,+1-514-555-0110,CTR-3000022007,auto,19-11-2021,,actif,655.88,mensuelle,prélèvement,AG-QC-003,26-10-2021,24-09-2022,,,
quebec,QC-0002-2300,M.,Nicolas,Côté,07-10-1997,M,fr,3202,boulevard,du Parc,,,Québec,QC,Québec,G1R 3T5,CA,nicolas_cote@videotron.example,+1-450-555-0162,CTR-3000022300,auto,28-09-2016,14-11-2025,expiré,1082.39,mensuelle,prélèvement,AG-QC-006,11-09-2016,25-11-2016,,,
quebec,QC-0002-2373,Mme,Noémie,Bergeron,08-12-1936,F,fr,8444,côte,des Laurentides,,,Longueuil,QC,Québec,J4K 1L0,CA,noemie0994@gmail.example,+1-514-555-0131,CTR-3000022373,voyage,05-04-2020,04-12-2026,actif,549.16,trimestrielle,prelevement,AG-QC-002,25-03-2020,20-12-2024,,,fermé
quebec,QC-0002-2730,M.,André,Gagnon,07-06-1959,M,fr,8747,avenue,des Laurentides,Ouest,,Fredericton,NB,Nouveau-Brunswick,E3C 7G6,CA,gagnon29@icloud.example,+1-506-555-0135,CTR-3000022730,vie,21-11-2016,23-06-2027,actif,1688.77,mensuelle,prélèvement,AG-QC-002,10-11-2016,11-02-2021,,,
quebec,QC-0002-3060,M.,Éric,Lavoie,25-09-1955,M,fr,6210,croissant,des Lilas,Ouest,264,Laval,QC,Québec,H7N 7H9,CA,el76@videotron.example,+1-450-555-0195,CTR-3000023060,habitation,02-03-2026,22-07-2027,actif,2010.30,annuelle,prélèvement,AG-QC-003,27-02-2026,27-03-2026,,,
quebec,QC-0002-3243,M.,Gabriel,aLpointe,10-07-1958,M,fr,9619,promenade,des Chênes,,883,Longeeuil,QC,Québec,J4K 1V2,CA,gabriel-lapointe@hotmail.example,+1-819-555-0127,CTR-3000023243,auto,24-08-2020,17-08-2027,actif,1707.88,mensuelle,carte,AG-QC-003,10-08-2020,20-04-2023,,,
quebec,QC-0002-3458,M.,Elijah,Nelson,14-03-1976,M,en,4931,Lane,School,,,Winnipeg,MB,Manitoba,R3T 4H6,CA,elijah223@gmail.example,+1-431-555-0174,CTR-3000023458,auto,22-09-2017,,actif,1366.61,mensuelle,carte,AG-QC-004,04-09-2017,02-05-2026,,,
quebec,QC-0002-3659,Mme,Émilie,Paquette,27-09-1936,F,fr,4638,chemin,de la Grande-Allée,,,Val-d'Or,QC,Québec,J9P 7A2,CA,emilie2983@icloud.example,+1-450-555-0174,CTR-3000023659,vie,28-10-2023,13-10-2025,expiré,1550.47,mensuelle,prélèvement,AG-QC-002,29-09-2023,17-07-2026,,,
quebec,QC-0002-3910,Mme,Sophie,Bélnger,28-06-1969,F,fr,4147,rue,du Parc,,,Moncton,NB,Nouveau-Brunswick,E1A 0T8,CA,sophie4242@gmail.example,+1-506-555-0174,CTR-3000023910,habitation,13-05-2026,,actif,2287.64,annuelle,carte,AG-QC-004,20-04-2026,25-08-2026,,,
quebec,QC-0002-3998,M.,Asher,Morgan,08-03-1956,M,en,1254,Boulevard,Redwood,,,Brossard,QC,Québec,J4Y 9W7,CA,morgan.asher@gmail.example,+1-450-555-0128,CTR-3000023998,habitation,24-06-2025,14-01-2026,expiré,1132.74,mensuelle,virement,AG-QC-002,20-06-2025,30-06-2025,,,
quebec,QC-0002-4033,M.,Elijah,Mitchell,17-09-1985,M,en,2728,Court,Willow,,220,Surrey,BC,Colombie-Britannique,V3S 9R9,CA,mitchell.elijah@outlook.example,+1-236-555-0112,CTR-3000024033,vie,10-08-2024,18-12-2026,actif,3865.68,mensuelle,virement,AG-QC-001,19-07-2024,21-06-2025,,,
quebec,QC-0002-4288,Mme,Juliette,Gagné,18-02-1996,F,fr,4703,boulevard,du Ruisseau,,,Sainte-Julie,QC,Québec,J3E 6P6,CA,gagne3771@hotmail.example,+1-581-555-0132,CTR-3000024288,auto,05-03-2025,,actif,1838.58,trimestrielle,prélèvement,AG-QC-002,14-02-2025,29-01-2026,20-08-2025,,ouvert
quebec,QC-0002-4335,M.,Léo,Caron,23-02-1974,M,fr,7643,avenue,des Cascades,,191,Vaudreuil-Dorion,SK,Saskatchewan,J7V 3M6,CA,leo82@outlook.example,+1-450-555-0142,CTR-3000024335,habitation,10-03-2017,09-04-2027,actif,779.65,trimestrielle,virement,AG-QC-001,08-03-2017,15-05-2020,,,
quebec,QC-0002-4385,Mme,Willow,Turner,20-02-1949,F,en,3228,Boulevard,Rosewood,,480,Brosard,QC,Québec,J4X 3K1,CA,willowturner@gmail.example,+1-438-555-0172,CTR-3000024385,auto,22-03-2025,19-03-2027,actif,1410.09,annuelle,virement,AG-QC-002,17-03-2025,20-09-2025,,,
quebec,QC-0002-4523,Mme,Eleanor,Nelson,12-08-1989,F,en,1172,Avenue,Church,,671,Halifax,NS,Nouvelle-Écosse,B3H 9S2,CA,ele449@gmail.example,+1-902-555-0160,CTR-3000024523,auto,21-03-2023,31-12-2026,suspendu,1572.71,mensuelle,prélèvement,AG-QC-005,15-03-2023,05-03-2026,,,
quebec,QC-0002-4677,M.,Martin,Turcotte,06-04-1986,M,fr,1986,avenue,de la Clairière,,,Drummondville,QC,Québec,J2E 9J2,CA,martin87@bell.example,+1-579-555-0196,CTR-3000024677,habitation,19-03-2024,29-12-2026,actif,2245.64,mensuelle,carte,AG-QC-002,21-02-2024,12-03-2024,17-08-2026,100214.28,rejeté
quebec,QC--0002-4879,M.,Olivier,Lavoie,18-07-1983,M,fr,9661,rue,du Marhé,Sud,,Saint-Hyacinthe,QC,Québec,J2R 1Y6,CA,olivier.lavoie@yahoo.example,+1-514-555-0110,CTR-3000024879,voyage,30-10-2017,,actif,178.28,trimestrielle,prélèvement,AG-QC-002,05-10-2017,23-02-2026,,,fermé
quebec,QC-0002-4891,Mme,Gabriolle,Pelletier,07-07-1941,F,fr,4082,place,des Pins,,998,La Tuque,QC,Québec,G9X 9A2,CA,gp34@outlook.example,+1-438-555-0183,CTR-3000024891,vie,01-06-2019,16-05-2027,actif,1177.63,semestrielle,virement,AG-QC-002,04-05-2019,19-03-2024,,,
quebec,QC-0002-5235,M.,Joseph,Richardson,09-07-2004,M,en,916,Street,Foxglove,,,Winnipeg,MB,Manitoba,R3T 6X5,CA,joseph.richardson@gmail.example,+1-204-555-0149,CTR-3000025235,habitation,14-11-2023,17-10-2026,suspendu,746.47,mensuelle,carte,AG-QC-001,02-11-2023,11-02-2026,,,
quebec,QC-0002-5515,Mme,Louies,Fortin,28-12-1962,F,fr,5632,rue,du Boisé,,,Montrééal,QC,Québec,H2X 7K9,CA,lou1892@outlook.example,+1-514-555-0120,CTR-3000025515,habitation,05-09-2019,09-07-2027,actif,-1217.94,mensuelle,prélèvement,AG-QC-005,19-08-2019,17-05-2024,,,
quebec,QC-0002-5618,M.,Ezra,Wong,23-05-1981,M,en,3756,Trail,Cedar,West,,Mississauga,ON,Ontario,L5B 0Y4,CA,ezra18@outlook.example,+1-416-555-0155,CTR-3000025618,auto,18-04-2025,,suspendu,953.65,mensuelle,prélèvement,AG-QC-001,28-03-2025,27-12-2025,06-01-2026,29191.12,ouvert
quebec,QC-0002-6053,Mme,Marie-Claude,Bélanger,12-06-2002,F,fr,3752,chemin,des Bouleaux,,,Trois-Rivières,QC,Québec,G9A 6Z1,CA,mar882@outlook.example,+1-579-555-0132,CTR-3000026053,auto,31-07-2021,,actif,796.57,mensuelle,prélèvement,AG-QC-001,17-07-2021,03-12-2024,01-03-2026,6160.20,rejeté
quebec,QC-0002-6185,Mme,Sylvie,Simard,17-09-1950,F,fr,500,croissant,du Boisé,,,Longueuil,QC,Québec,J4K 6A0,CA,sylvie5842@gmail.example,+1-450-555-0174,CTR-3000026185,vie,04-11-2019,25-01-2021,expiré,1455.30,annuelle,prélèvement,AG-QC-001,30-10-2019,17-06-2021,,,
quebec,QC-0002-6252,Mme,Harper,Morgan,05-12-1962,F,en,7941,Lane,Hillcrest,,,Châteauguay,QC,Québec,J6K 2L4,CA,harper_morgan@hotmail.example,+1-468-555-0188,CTR-3000026252,habitation,24-07-2021,03-11-2026,suspendu,2796.53,semestrielle,prélèvement,AG-QC-004,11-07-2021,02-08-2021,10-11-2025,,rejeté
quebec,QC-0002-6930,Mme,Emma,Li,08-10-2006,F,en,691,Boulevard,Lakeshore,,,Lévis,QC,Québec,G6V 2Y5,CA,emma104@gmail.example,+1-450-555-0117,CTR-3000026930,vie,12-01-2025,22-04-2027,actif,1158.05,mensuelle,prélèvement,AG-QC-002,05-01-2025,20-11-2025,,,
quebec,QC-0002-6935,M.,Félix,Morin,18-07-1986,M,fr,6269,rue,du Marché,,,Laval,QC,Québec,H7W 3V7,CA,felix-morin@outlook.example,+1-873-555-0165,CTR-3000026935,auto,02-10-2020,,actif,2084.69,annuelle,carte,AG-QC-001,14-09-2020,01-08-2021,,,
quebec,QC-0002-6952,Mme,Sophie,Gauthier,10-08-2003,F,fr,3733,avenue,des Épinettes,,,Québec,QC,Québec,G1V 3X0,CA,sophie.gauthier@bell.example,+1-819-555-0154,CTR-3000026952,habitation,22-04-2026,20-08-2027,actif,719.15,trimestrielle,prélèvement,AG-QC-006,09-04-2026,29-04-2026,,,
quebec,QC-0002-7326,Mme,Clara,Li,16-01-1978,F,fr,4470,avenue,des Peupliers,,,Saguen  ay,QC,Québec,G7J 7A0,CA,clarali@outlook.example,+1-819-555-0175,CTR-3000027326,vie,23-10-2020,18-05-2027,actif,2029.04,mensuelle,prélèvement,AG-QC-006,15-10-2020,01-10-2022,,,
quebec,QC-0002-7329,M.,Jacob,Fortin,22-04-1961,M,fr,2388,carré,des Vents,,,Trois-Rivières,QC,Québec,G9A 1E3,CA,jacob883@hotmail.example,+1-418-555-0118,CTR-3000027329,habitation,28-05-2025,08-02-2027,actif,1311.64,annuelle,prélèvement,AG-QC-003,15-05-2025,03-08-2025,,,
quebec,QC-0002-7379,Mme,Diane,Cormier,11-06-1938,F,fr,8773,chemin,des Geais-Bleus,,,Longueuil,QC,Québec,J4H 0S7,CA,dianecormier@yahoo.example,+1-450-555-0159,CTR-3000027379,auto,21-10-2025,01-06-2026,expiré,434.77,mensuelle,chèque,AG-QC-004,23-09-2025,30-05-2026,,,
quebec,QC-0002-7432,M.,Nicolas,Pelletier,08-03-1971,M,fr,5842,boulevard,du Parc,,,Alma,QC,Québec,G8C 3Z9,CA,nicolas5336@gmail.example,+1-418-555-0177,CTR-3000027432,habitation,27-12-2020,,actif,1436.88,trimestrielle,virement,AG-QC-001,01-12-2020,11-12-2021,,,
quebec,QC-0002-7622,Mme,Mélanie,Hernandez,06-01-1955,F,fr,7613,carré,du Boisé,,,Montréal,QC,Québec,H4A 3V7,CA,hernandez.melanie@gmail.example,+1-579-555-0144,CTR-3000027622,habitation,20-08-2017,27-05-2024,résilié,860.18,trimestrielle,prélèvement,AG-QC-006,08-08-2017,15-09-2026,,,
quebec,QC-0002-7639,M.,Michael,Gagnon,06-06-1985,M,en,2345,Avenue,Station,,888,Val-d'Or,QC,Québec,J9P 6A2,CA,mg2947@yahoo.example,+1-418-555-0159,CTR-3000027639,auto,31-05-2018,30-12-2026,actif,525.23,mensuelle,prélèvement,AG-QC-002,11-05-2018,11-08-2019,,,
quebec,QC-0002-7645,Mme,Olivia,Ali,07-04-1937,F,en,2428,Drive,Lakeshore,,408,Toronto,ON,Ontario,M4W 1S2,CA,oliviaali@gmail.example,+1-249-555-0158,CTR-3000027645,voyage,18-10-2021,,actif,510.23,mensuelle,carte,AG-QC-002,19-09-2021,31-05-2023,,,
quebec,QC-0002-8037,M.,Luc,Ali,27-06-1966,M,fr,9846,place,des Tulipes,,960,Sept-Îles,QC,Québec,G4R 7V9,CA,luc.ali@gmail.example,+1-819-555-0198,CTR-3000028037,vie,15-02-2023,14-01-2027,actif,3570.93,mensuelle,prélèvement,AG-QC-006,11-02-2023,20-11-2024,,,
quebec,QC-0002-8038,Mme,Abigail,Gonzalez,09-06-1968,F,en,4413,Street,Greenfield,,,Châteauguay,QC,Québec,J6K 4S5,CA,abigailgonzalez@gmail.example,+1-579-555-0124,CTR-3000028038,voyage,28-10-2022,10-06-2027,actif,233.03,annuelle,prélèvement,AG-QC-004,10-10-2022,23-09-2023,,,
quebec,QC-0002-8083,Mme,Juliette,Gagnon,01-06-1976,F,fr,5845,rue,du Belvédère,,94,Gatineau,QC,Québec,J9A 3C4,CA,juliette448@gmail.example,+1-418-555-0123,CTR-3000028083,voyage,30-08-2018,01-11-2026,actif,267.80,mensuelle,prélèvement,AG-QC-004,01/08/2018,15-07-2019,,,
quebec,QC-0002-8314,Mme,Stéphanie,Hébert,12-02-1984,F,fr,697,rue,des Mélèzes,Ouest,610,La Tuque,QC,Québec,G9X 5E4,CA,hebert0541@hotmail.example,+1-263-555-0168,CTR-3000028314,voyage,02-01-2017,14-02-2027,actif,483.99,mensuelle,carte,AG-QC-005,05-12-2016,13-07-2019,,,
quebec,QC-0002-8984,Mme,Geneviève,Bélanger,12-09-2003,F,fr,8215,boulevard,des Trilliums,Ouest,,Montréal,QC,Québec,H2X 2X7,CA,genevieve90@outlook.example,+1-438-555-0177,CTR-3000028984,auto,02-09-2024,08-12-2026,actif,1377.86,mensuelle,prélèvement,AG-QC-003,02-09-2024,27-12-2025,,,
quebec,QC-0002-9356,Mme,Caroline,Fournier,24-11-1966,F,fr,4332,boulevard,des Trilliums,Ouest,602,Saint-Hyacinthe,QC,Québec,J2S 3A8,CA,caroline27@proton.example,+1-450-555-0184,CTR-3000029356,habitation,21-01-2017,17-10-2026,actif,1150.48,trimestrielle,prélèvement,AG-QC-004,15-01-2017,18-10-2020,,,
quebec,QC-0002-9408,M.,Claude,Roy,1946-01-28,M,fr,1837,autoroute,des Frênes,Est,,Laval,QC,Québec,H7N 1T8,CA,claude185@yahoo.example,+1-418-555-0163,CTR-3000029408,vie,2024-05-29,2026-11-14,actif,4412.70,annuelle,chèque,AG-QC-001,2024-05-21,2026-01-11,,,
quebec,QC-0002-9509,M.,Sylvain,Hall,02-11-1961,M,fr,2525,boulevard,de l'Anse,Ouest,,Sherbrooke,QC,Québec,J1H 9N0,CA,sylvainhall@gmail.example,+1-514-555-0199,CTR-3000029509,auto,20-09-2019,26-11-2026,actif,1989.05,trimestrielle,virement,AG-QC-002,04-09-2019,16-06-2022,,,
quebec,QC-0002-9648,Mme,Marie,Fernandes,26-03-1985,F,fr,9752,chemin,de la Source,,152,Saguenay,QC,Québec,G7J 8S6,CA,marie9122@gmail.example,+1-418-555-0155,CTR-3000029648,habitation,19-01-2023,05-04-2027,suspendu,1254.56,mensuelle,prélèvement,AG-QC-001,06-01-2023,18-11-2023,,,
quebec,QC-0003-0265,Mme,Valérie,Martel,02-09-1966,F,fr,2989,boulevard,des Pionniers,,,Baie-Comeau,QC,Québec,G5C 8A5,CA,valerie.martel@outlook.example,+1-418-555-0182,CTR-3000030265,auto,24-09-2021,18-01-2027,actif,597.15,trimestrielle,prélèvement,AG-QC-002,30-08-2021,09-08-2026,,,
quebec,QC-0003-0602,Mme,Gianna,Lopez,1960-04-22,F,en,429,Trail,Birch,North,,London,ON,Ontario,N6G 0R2,CA,gianna.lopez@gmail.example,+1-226-555-0109,CTR-3000030602,voyage,2018-02-15,2026-12-17,actif,60.35,mensuelle,prélèvement,AG-QC-006,2018-01-26,2021-05-08,,,
quebec,QC-0003-0642,M.,Olivier,St-Pierre,04-07-1966,M,fr,7512,rue,du Ruisseau,,,Lévis,QC,Québec,G6W 6G8,CA,olivier-stpierre@yahoo.example,+1-819-555-0125,CTR-300003064,auto,18-07-2025,08-08-2026,expiré,1075.85,annuelle,prélèvement,AG-QC-005,08-07-2025,11/06/2026,,,fermé
quebec,QC-0003-065,M.,François,Lavoie,26-10-1938,M,fr,3682,rang,de la Clairière,,,Montréal,QC,Québec,H1A 0G5,ca,francois587@gmail.example,+1-450-555-0155,CTR-3000030652,auto,17-01-2020,,actif,629.41,annuelle,carte,AG-QC-004,02-01-2020,17-06-2023,,,
quebec,QC-0003-0730,Mme,Ella,WWright,08-05-1948,F,en,9665,Street,Redwood,,,Winnipeg,MB,Manitoba,R3C 5V8,CA,wright162@outlook.example,+1-204-555-0141,CTR-3000030730,habitation,18-01-2026,23-03-2027,actif,1386.90,mensuelle,carte,AG-QC-002,02-01-2026,19-07-2026,,,
quebec,QC-0003-0970,Mme,Valérie,Côté,25-02-1944,F,fr,8633,terrasse,de l'Aube,,768,Saint-Hyacinthe,QC,Québec,J2S 6B2,CA,vc13@outlook.example,+1-438-555-0139,CTR-3000030970,auto,29-04-2023,15-05-2027,actif,1272.48,trimestrielle,prélèvement,AG-QC-003,17-04-2023,06-06-2026,03-07-2023,27343.59,en_cours
quebec,QC-0003-1014,M.,Levi,Campbell,28-02-1962,M,en,9769,Circle,Westwood,,,Vancouver,BC,Colombie-Britannique,V6B 3V3,CA,lev2332@hotmail.example,+1-778-555-0163,CTR-3000031014,habitation,04-04-2019,,actif,1835.33,mensuelle,carte,AG-QC-001,10-03-2019,10-07-2021,,,
quebec,QC-0003-1071,M.,Oliver,Walker,20-01-1968,M,en,6201,Street,Garden,,766,Waterloo,ON,Ontario,N2L 9R7,CA,walker.oliver@gmail.example,+1-343-555-0177,CTR-3000031071,vie,05-06-2024,16-07-2027,actif,1474.46,semestrielle,prélèvement,AG-QC-002,09-05-2024,30-07-2024,,,
quebec,QC-0003-1465,M.,Patrick,Leblanc,09-01-1940,M,fr,8551,place,du Vieux-Pont,,,Granby,QC,Québec,J2G 6R8,CA,patrick7423@gmail.example,+1-450-555-0119,CTR-3000031465,habitation,18-12-2017,25-07-2027,actif,2320.45,mensuelle,carte,AG-QC-003,09-12-2017,24-08-2020,,,
quebec,QC-0003-1620,M.,Alain,Vachon,20-10-1979,M,fr,8852,terrasse,des Cèdres,Nord,,Terrebonne,QC,Québec,J6W 4T5,CA,alainvachon@yahoo.example,+1-514-555-0150,CTR-3000031620,habitation,11-03-2026,28-03-2027,actif,1499.10,mensuelle,prélèvement,AG-QC-001,28-02-2026,12-04-2026,,,
quebec,QC-0003-1675,Mme,Audrey,Bouchard,24-11-1970,F,fr,7851,route,des Hirondelles,Ouest,,Mirabel,QC,Québec,J7N 6J4,CA,bouchard2653@gmail.example,+1-450-555-0112,CTR-3000031675,habitation_X,22-05-2017,13-08-2027,actif,694.50,mensuelle,chèque,AG-QC-004,17-05-2017,19-01-2022,,,
quebec,QC-0003-1705,Mme,Luna,Hall,16-09-1940,F,en,1167,Drive,Market,North,920,Laval,QC,Québec,H7W 3E9,CA,hall.luna@icloud.example,+1-418-555-0165,CTR-3000031705,vie,15-11-2019,10-11-2026,actif,1190.77,mensuelle,prélèvement,AG-QC-002,18-10-2019,07-06-2022,,,
quebec,QC-0003-1802,Mme,Mila,Phillips,15-09-2006,F,en,7136,Road,Station,,,Brampton,ON,Ontario,L6Y 3W8,CA,milaphillips@icloud.example,+1-905-555-0140,CTR-3000031802,auto,04-06-2025,13-03-2026,expiré,1143.45,mensuelle,prélèvement,AG-QC-002,11-05-2025,25-05-2025,,,
quebec,QC-0003-1946,M.,Oliver,White,05-05-1963,M,en,3252,Way,Kingfisher,South,,Regina,SK,Saskatchewan,S4P 2H3,CA,white440@hotmail.example,+1-639-555-0161,CTR-3000031946,voyage,11-10-2020,02-12-2026,actif,482.42,trimestrielle,prélèvement,AG-QC-001,30-09-2020,28-10-2021,,,
quebec,QC-0003-230,Mme,Manon,Boucher,12-05-1992,F,fr,5423,montée,de l'Aube,Nord,214,Montréal,QC,Québec,H3G 6J0,CA,manon-boucher@yahoo.example,+1-450-555-0180,CTR-3000032305,auto,15-01-2019,,actif,1097.37,annuelle,virement,AG-QC-001,21-12-2018,08-09-2023,,,
quebec,QC-0003-2713,Mme,Noémie,,17-01-2002,F,fr,814,chemin,des Champs,,795,Terrebonne,QC,Québec,J6W 7B3,ca,noemie5655@gmail.example,+1-579-555-0173,CTR-3000032713,habitation,19-01-2024,02-08-2027,actif,842.26,mensuelle,carte,AG-QC-006,20-12-2023,14-03-2024,,,
quebec,QC-0003-3210,Mme,Stéphanie,Vachon,31-01-1987,F,fr,1542,rue,des Lilas,,,Saint-Hyacinthe,QC,Québec,J2S 5M9,CA,vachon0406@outlook.example,+1-514-555-0175,CTR-3000033210,auto,09-10-2020,,actif,2082.53,mensuelle,carte,AG-QC-004,13-09-2020,12-05-2026,,,
quebec,QC-0003-3358,Mme,Scarlett,Walker,14-10-1994,F,en,654,Street,Southridge,North,377,Sherbrooke,QC,Québec,J1K 6E6,CA,sca182@gmail.example,+1  450-555-0148,CTR-3000033358,habitation,13-07-2021,23-01-2027,actif,2385.23,mensuelle,carte,AG-QC-006,24-06-2021,29-07-2022,,,
quebec,QC-0003-3440,M.,Alain,Pelletier,09-02-1981,M,fr,7600,boulevard,des Érables,,209,Québec,QC,Québec,G2B 0E7,CA,alain.pelletier@proton.example,+1-819-555-0177,CTR-3000033440,habitation,27-04-2022,11-06-2024,expiré,3217.29,mensuelle,carte,AG-QC-003,10-04-2022,03-01-2024,,,
quebec,QC-0003-3460,M.,Pierre,Côté,10-01-1977,M,fr,4611,rue,du Marché,,,Gaspé,QC,Québec,G4X  9M8,CA,pg507@outlook.example,+1-418-555-0101,CTR-3000033460,auto,29-07-2020,,actif,1367.03,mensuelle,prélèvement,AG-QC-002,21-07-2020,31-08-2026,,,
quebec,QC-0003-3690,Mme,Audrey,Poulin,02-11-1948,F,fr,8468,montée,des Épinettes,,,Gatineau,QC,Québec,J9A 2J9,CA,audrey.poulin@bell.example,+1-450-555-0153,CTR-3000033690,habitation,19-04-2020,10-05-2027,actif,2780.66,mensuelle,prélèvement,AG-QC-002,24-03-2020,18-08-2022,,,
quebec,QC-0003-3817,M.,Jean,Gauthier,24-12-1943,M,fr,3566,place,des Peupliers,Est,564,Montréal,QC,Québec,H4A 0W1,CA,gauthier3561@gmail.example,+1-263-555-0151,CTR-3000033817,voyage,17-02-2026,06-09-2027,suspendu,192.99,mensuelle,prélèvement,AG-QC-003,13-02-2026,03-09-2026,,,
quebec,QC-0003-3971,Mme,Sylvie,Tremblay,08-01-1954,F,fr,7771,avenue,du Boisé,,,Saguenay,QC,Québec,G7H 0Z1,CA,tremblay2179@yahoo.example,+1-450-555-0158,CTR-3000033971,habitation,10-10-2022,10-11-2026,actif,2830.66,trimestrielle,prélèvement,AG-QC-001,10-09-2022,06-06-2025,,,
quebec,QC-0003-4436,M.,Robert,Fortin,14-03-1985,M,fr,5156,rue,des Prairies,,,Sorel-Tracy,QC,Québec,J3P 8J6,CA,fortin7199@outlook.example,+1-438-555-0186,CTR-3000034436,voyage,30-05-2019,11-12-2026,actif,84.36,mensuelle,prélèvement,AG-QC-001,28-05-2019,19-02-2026,,,
quebec,QC-0003-4507,Mme,Geneviève,Roy,24-03-1975,F,fr,4296,autoroute,des Sommets,,,Rouyn-Noranda,QC,Québec,J9X 5T2,CA,gen74@outlook.example,+1-263-555-0141,CTR-3000034507,auto,18-08-2017,,actif,1493.05,mensuelle,virement,AG-QC-001,07-08-2017,16-09-2022,,,
quebec,QC-0003-4587,Mme,Marie,Leclerc,24-08-1973,F,fr,7695,impasse,des Peupliers,,,Baie-Comeau,QC,Québec,G4Z 8E2,CA,marie678@gmail.example,+1-263-555-0127,CTR-3000034587,habitation,10-02-2026,20-02-2026,expiré,2949.72,mensuelle,virement,AG-QC-002,29-01-2026,02-02-2026,,,
quebec,QC-0003-4596,M.,Jackson,Scott,30-07-1969,M,en,9121,Drive,Bluebird,,756,Montréal,QC,Québec,H3G 6T3,CA,scott50@hotmail.example,+1-819-555-0153,CTR--3000034596,voyage,05-03-2020,08-04-2027,actif,481.46,mensuelle,carte,AG-QC-004,12-02-2020,28-09-2020,,,
quebec,QC-0003-4838,Mme,Aurora,Wilson,26-07-2003,F,en,6850,Street,Silverwood,,401,Terrebonne,QC,Québec,J6X 3P1,CA,aurora7739@yahoo.example,+1-819-555-0134,CTR-3000034838,habitation,25-10-2023,28-03-2027,actif,1344.53,annuelle,prélèvement,AG-QC-002,30-09-2023,25-11-2023,,,
quebec,QC-0003-4919,M.,Stéphane,Martinez,16-12-1988,M,fr,3936,avenue,des Chênes,,,Lévis,QC,Québec,G6W 2Z6,CA,stephane97@gmail.example,+1-450-555-0164,CTR-3000034919,habitation,08-05-2018,16-12-2026,actif,1746.20,mensuelle,carte,AG-QC-002,28-04-2018,24-12-2021,,,
quebec,QC-0003-5219,Mme,Emily,Morgan,25-05-1943,F,en,4313,Road,Spring,,871,Dollard-des-Ormeaux,QC,Québec,H9G 4T5,CA,emi16@hotmail.example,+1-873-555-0130,CTR-3000035219,habitation,17-12-2018,25-10-2020,expiré,1088.12,annuelle,prélèvement,AG-QC-002,13-12-2018,07-06-2024,,,
quebec,QC-0003-5365,M.,Pierre-Luc,Poirier,11-06-2004,M,fr,9894,rue,des Laurentides,,,Drummondville,QC,Québec,J2C 3J6,CA,pierreluc.poirier@outlook.example,+1-450-555-0106,CTR-3000035365,vie,22-09-2024,09-09-2027,actif,1281.15,mensuelle,carte,AG-QC-002,18-09-2024,06-02-2026,,,
quebec,QC-0003-5641,M.,Liam,White,15-08-1960,M,en,7374,Drive,Mountainview,,,Ottawa,ON,Ontario,K1P 7W2,CA,lia7157@outlook.example,+1-647-555-0132,CTR-3000035641,vie,07-01-2021,01-02-2027,actif,350.71,semestrielle,prélèvement,AG-QC-002,09-12-2020,30-07-2026,,,
quebec,QC-0003-5753,Mme,Olivia,Thompson,30-09-2005,F,en,3610,Court,Hillcrest,,,Edmonton,QC,Québec,T5J 3C3,CA,oli677@outlook.example,+1-587-555-0181,CTR-3000035753,auto,11-03-2025,14-12-2026,actif,922.28,mensuelle,carte,AG-QC-002,02-03-2025,25-04-2025,,,
quebec,QC-0003-5905,Mme,Chantal,Tremblay,09-04-1977,F,fr,2808,chemin,des Ormes,,,Lévis,QC,Québec,G6W 3J4,CA,cha3709@gmail.example,+1-873-555-0128,CTR-3000035905,vie,30-08-2023,26-03-2027,actif,790.78,annuelle,virement,AG-QC-006,27-08-2023,18-11-2024,,,
quebec,QC-0003-6036,Mme,Florence,Nguyen,03-06-1954,F,fr,3987,route,du Lac,Ouest,,Montréal,QC,Québec,H2X 7C7,CA,florence6039@icloud.example,+1-873-555-0150,CTR-3000036036,voyage,15-02-2021,24-06-2027,actif,192.68,semestrielle,carte,AG-QC-005,11-02-2021,02-09-2024,,,
quebec,QC-0003-6142,M.,Éric,Lavoie,06-08-1996,M,fr,5391,rue,de la Source,Nord,,Repentigny,QC,Québec,J5Y 4T2,CA,el25@hotmail.example,+1-450-555-0168,CTR-3000036142,auto,09-11-2018,09-11-2026,actif,2175.30,semestrielle,prélèvement,AG-QC-001,01-11-2018,14-04-2025,07-11-2020,1333.14,ouvert
quebec,QC-0003-6572,Mme,Madison,Bell,02-10-1974,F,en,5078,Street,Pine,,741,Vancouver,BC,Colombie-Britannique,V5K 5G8,CA,madisonbell@hotmail.example,+1-250-555-0153,CTR-3000036572,habitation,29-05-2024,28-12-2026,actif,2309.78,annuelle,prélèvement,AG-QC-002,06-05-2024,28-09-2025,,,
quebec,QC-0003-6887,M.,Alexandre,Roy,08-01-1955,M,fr,2144,boulevard,des Bouleaux,Sud,378,Rimouski,QC,Québec,G5N 3C2,CA,roy.alexandre@hotmail.example,+1-514-555-0132,CTR-3000036887,auto,24-04-2018,01-08-2021,résilié,1027.61,annuelle,carte,AG-QC-004,01-04-2018,05-02-2025,,,
quebec,QC-0003-7156,Mme,Emily,Young,04-01-1978,F,en,1383,Street,Cear,South,,Calgary,ab,Alberta,T2P 2S2,CA,emily32@outlook.example,+1-587-555-0150,CTR-3000037156,auto,26-02-2024,03-03-2024,expiré,851.65,mensuelle,prelevement,AG-QC-005,17-02-2024,03-11-2025,28-02-2024,41138.58,ouvert
quebec,QC-0003-7345,Mme,Sophia,Baker,14-08-1978,F,en,8776,Highway,Cedar,,430,Red Deer,AB,Alberta,T4N 0J1,CA,sophia_baker@bell.example,+1-825-555-0199,CTR-3000037345,habitation,18-02-2021,16-08-2026,expiré,2621.00,annuelle,carte,AG-QC-001,20-01-2021,31-05-2022,18-03-2024,45210.87,en_cours
quebec,QC-0003-7594,Mme,Amélie,Thibault,08-05-1994,F,fr,5877,rue,des Pins,,445,Sherbrooke,QC,Québec,J1H 7H0,CA,ameliethibault@gmail.example,+1-438-555-0177,CTR-3000037594,auto,15-08-2026,,actif,346.68,mensuelle,carte,AG-QC-001,04-08-2026,21-08-2026,30-08-2026,11470.48,fermé
quebec,QC-0003-7715,M.,Dylan,Wilson,27-07-1969,M,en,1211,Boulevard,Parkside,,881,Vaudreuil-Dorion,QC,Québec,J7T 5B8,CA,wilson505@gmail.example,+1-579-555-0142,CTR-3000037715,auto,07-09-2024,18-06-2027,actif,787.74,annuelle,prélèvement,AG-QC-002,24-08-2024,25-03-2026,,,
quebec,QC-0003-8478,M.,Robert,Chen,12-06-1985,M,fr,7244,boulevard,des Érables,,,Montréal,QC,Québec,H1A 5R3,CA,chen.robert@icloud.example,+1-438-555-0130,CTR-3000038478,vie,18-05-2026,,actif,1140.00,mensuelle,carte,AG-QC-005,02-05-2026,11-09-2026,,,
quebec,QC-0003-8559,Mme,Audrey,Mohammed,21-10-1941,F,fr,3302,rue,de l'Église,,187,Sainte-Julie,QC,Québec,J3E 0T9,CA,audrey15@hotmail.example,+1-819-555-0193,CTR-3000038559,auto,30-04-2022,24-11-2024,expiré,1258.17,mensuelle,prélèvement,AG-QC-002,09-04-2022,02-09-2024,,,
quebec,QC-0003-8659,Mme,Sofia,Richardson,07-08-1961,F,en,5248,Boulevard,Highland,,,Toronto,ON,Ontario,M6G 0A4,CA,sofia_richardson@yahoo.example,+1-705-555-0198,CTR-3000038659,habitation,01-02-2024,08-05-2027,actif,3160.59,mensuelle,prélèvement,AG-QC-005,23-01-2024,05-04-2024,,,
quebec,QC-0003-8675,M.,François,Hernandez,01-03-2001,M,fr,2265,boulevard,des Tulipes,,,Montréal,QC,Québec,H2X 4X2,CA,hernandez.francois@outlook.example,+1-581-555-0152,CTR-3000038675,auto,04-08-2019,29-11-2026,actif,595.13,semestrielle,prélèvement,AG-QC-001,25-07-2019,07-02-2023,20-10-2019,11673.01,en_cours
quebec,QC-0003-8753,M.,Robert,Lévesque,07-04-1946,M,fr,9752,allée,du Boisy,,,Fredericton,NB,Nouveau-Brunswick,E3C 8S5,CA,levesque5055@gmail.example,+1-428-555-0169,CTR-3000038753,vie,12-04-2027,21-03-2025,actif,3359.32,mensuelle,prélèvement,AG-QC-001,12-03-2025,30-03-2026,,,
quebec,QC-0003-9101,Mme,Sylvie,Poirier,11-10-1992,F,fr,2719,place,du Belvédère,,,Laval,QC,Québec,H7W 5B0,CA,syl5063@gmail.example,+1-514-555-0145,CTR-3000039101,habitation,28-05-2018,21-07-2027,actif,3161.08,annuelle,carte,AG-QC-001,24-05-2018,10-08-2021,,,
quebec,QC-0003-9274,Mme,Nova,Scott,03-03-1974,F,en,4716,Boulevard,Bluebird,,,Surrey,BC,Colombie-Britannique,V3R 8L4,CA,novascott@proton.example,+1-604-555-0199,CTR-3000039274,auto,14-05-2019,14-08-2027,actif,889.61,mensuelle,virement,AG-QC-006,23-04-2019,13-11-2022,,,
quebec,QC-0003-9339,Mme,Marie,Fortin,27-06-1946,F,fr,9259,boulevard,de l'Aube,,,Sept-Îles,QC,Québec,G4S 5B9,CA,mf17@yahoo.example,+1-819-555-0165,CTR-3000039339,habitation,22-03-2026,10-03-2027,actif,762.80,semestrielle,prélèvement,AG-QC-003,13-03-2026,12-06-2026,,,
quebec,QC-0003-9341,Mme,Charlotte,Wilson,07-09-2004,F,en,7874,Street,Meadow,,701,Montréal,QC,Québec,H4A 9A2,CA,cw7447@hotmail.example,+1-581-555-0164,CTR-3000039341,voyage,22-03-2025,30-10-2026,actif,208.23,mensuelle,prélèvement,AG-QC-004,16-03-2025,19/03/2026,,,
quebec,QC-0003-9344,M.,Julian,Turner,22-09-1968,M,en,4588,Place,Woodland,,237,Châteauguay,QC,Québec,J6K 0W6,CA,julian.turner@icloud.example,+1-581-555-0179,CTR-3000039344,auto,27-09-2023,,actif,676.00,mensuelle,prélèvement,AG-QC-001,02-09-2023,08-01-2025,,,
quebec,QC-0003-9928,M.,Daniel,Howard,02-11-1987,M,en,7572,Street,School,,,Brossard,QC,Québec,J4X 8H3,CA,daniel_howard@hotmail.example,+1-438-555-0180,CTR-3000039928,voyage,28-06-2024,07-12-2026,actif,159.22,annuelle,prélèvement,AG-QC-001,03-06-2024,03-09-2026,,,
quebec,QC-0004-0197,Mme,Juliette,Gagnon,21-10-1987,F,fr,7584,route,des Bouleaux,,,Québec,QC,Québec,G1R 6M3,CA,juliette9436@gmail.example,+1-581-555-0125,CTR-3000040197,auto,02-10-2019,28-10-2023,résilié,1138.76,annuelle,prélèvement,AG-QC-005,01-10-2019,21-06-2025,,,
quebec,QC-0004-0474,M.,Nathan,Gonzalez,12-10-1966,M,fr,5716,autoroute,des Érables,,,Saint-Jean-sur-Richelieu,QC,Québec,J3B 1S5,CA,nathan.gonzalez@hotmail.example,+1-450-555-0122,CTR-3000040474,habitation,23-08-2022,12-01-2027,actif,1959.45,mensuelle,prelevement,AG-QC-004,13-08-2022,30-07-2026,,,
quebec,QC--0004-0535,M.,Robert,Fernandes,21-05-1995,M,fr,4770,boulevard,des Chênes,,,Laval,qc,Québec,H7W 6A5,CA,robert917@gmail.example,+1-514-555-0190,CTR-3000040535,habitation,17-04-2026,40-13-2026,suspendu,2916.89,semestrielle,prélèvement,AG-QC-001,09-04-2026,13-04-2026,,,
quebec,QC-0004-0903,Mme,Audrey,Lavoie,2008-06-27,F,fr,1082,rue,du Belvédère,,,Gatineau,QC,Québec,J8Y 2E5,CA,aud 08@proton.example,+1-450-555-0121,CTR-3000040903,auto,2026-09-08,2027-02-02,actif,1065.11,mensuelle,carte,AG-QC-005,2026-08-12,2026-09-06,,,
quebec,QC-0004-0953,Mme,Léa,Girard,04-09-1939,F,fr,9886,avenue,des Vents,,140,Montréal,QC,Québec,H4A 9A8,CA,leagirard@bell.example,+1-514-555-0120,CTR-3000040953,vie,21-06-2019,,actif,1030.59,mensuelle,prélèvement,AG-QC-001,23-05-2019,22-02-2022,,,
quebec,QC-0004-1195,M.,Alain,Gauthier,19-09-1937,M,fr,120,croissant,du Lac,,,Montréal,QC,Québec,H3G 7S2,CA,alaingauthier@icloud.example,+1-579-555-0154,CTR-3000041195,auto,25-07-2025,08-11-2026,actif,1345.71,mensuelle,chèque,AG-QC-001,08-07-2025,08-08-2026,,,
quebec,QC-0004-1232,M.,Daniel,Côté,07-01-1996,M,fr,8893,rue,du Belvédère,,,Shawinigan,QC,Québec,G9T 7S1,CA,daniel81@icloud.example,+1-367-555-0175,CTR-3000041232,habitation,22-04-2022,26-04-2027,actif,776.26,mensuelle,prélèvement,AG-QC-006,02-04-2022,04-01-2023,02-02-2025,0.00,fermé
quebec,QC-0004-1410,Mme,Valérie,Pelletier,28-01-1978,F,fr,6827,rue,des Prairies,,,Sherbrooke,QC,Québec,J1H 7M3,CA,valerie_pelletier@hotmail.example,+1-581-555-0102,CTR-3000041410,vie,12-03-2026,,actif,776.27,annuelle,virement,AG-QC-001,12-02-2026,11-03-2026,,,
quebec,QC-0004-1502,Mme,Isabelle,Gauthier,27-03-1984,F,fr,121,rue,du Ruisseau,Est,,Laval,QC,Québec,H7N 7B0,CA,isabelle63@outlook.example,+1-418-555-0117,CTR-3000041502,auto,13-01-2018,26-11-2026,suspendu,1540.94,mensuelle,virement,AG-QC-002,12-01-2018,18-01-2022,,,
quebec,QC-0004-1527,M.,Mathieu,Gauthier,10-10-1968,M,fr,1313,rue,du Boisé,,,Montréal,QC,Québec,H1A 7N2,CA,mathieug@outlook.example,+1-514-555-0149,CTR-3000041527,vie,11-04-2021,07-10-2024,expiré,2918.60,trimestrielle,prélèvement,AG-QC-001,03-04-2021,05-04-2022,,,
quebec,QC-0004-1583,Mme,Lucie,Roy,28-01-1963,F,fr,3844,boulevard,du Ruisseau,,,Iqaluit,NU,Nunavut,X0A 0N7,CA,lucie0839@yahoo.example,+1-867-555-0185,CTR-3000041583,habitation,09-10-2022,23-10-2025,expiré,2096.94,mensuelle,prélèvement,AG-QC-001,20-09-2022,02-03-2023,,,
quebec,QC-0004-1793,Mme,Aria,Baer,12-12-1943,F,en,8907,Boulevard,Mrket,,,Winnipeg,QC,Québec,R3T 3H6,CA,abaker@proton.example,+1-431-555-0182,CTR-3000041793,voyage,25-03-2023,18-02-2026,expiré,140.01,mensuelle,carte,AG-QC-001,09-03-2023,21-10-2024,,,
quebec,QC-0004-1970,Mme,Lucie,Nadeau,10-04-1997,F,fr,8891,rue,du Cap,,,Gatineau,QC,Québec,J8Y 1X7,CA,lucie.nadeau@icloud.example,+1-263-555-0185,CTR-3000041970,habitation,26-01-2021,18-10-2026,actif,2927.36,mensuelle,carte,AG-QC-005,03-01-2021,12-12-2022,,,
quebec,QC-0004-1992,Mme,Clara,Simard,29-02-1964,F,fr,1155,rang,du Marais,,,Montréal,QC,Québec,H1A 4T9,CA,claras@icloud.example,+1-581-555-0175,CTR-3000041992,auto,10-11-2022,11-09-2027,actif,693.69,mensuelle,prélèvement,AG-QC-002,19-10-2022,18-04-2023,25-03-2025,39014.30,fermé
quebec,QC-0004-2132,M.,Jean-François,Lewis,15-05-1944,M,fr,3225,avenue,des Cèdres,,843,Drummondville,QC,Québec,J2C 3N5,CA,lewis7756@hotmail.example,+1-514-555-0165,CTR-3000042132,auto,08-03-2021,10-02-2027,actif,1095.15,mensuelle,carte,AG-QC-001,13-02-2021,22-04-2026,,,
quebec,QC-0004-2492,Mme,Alain,eLblanc,15-06-1957,F,fr,1033,autoroute,des Cèdres,Est,790,Trois-Rivières,QC,Québec,G9A 4S8,CA,leblanc7252@gmail.example,+1-438-555-0192,CTR-3000042492,habitation,22-05-2020,19-12-2026,actif,503.09,mensuelle,carte,AG-QC-001,01-05-2020,01-05-2021,,,
quebec,QC-0004-2558,Mme,Marie,Gauthier,22-02-1954,F,fr,1443,montée,de la Grande-Allée,,,Gatineau,QC,Québec,J8X 7J5,CA,mar274@gmail.example,+1-354-555-0196,CTR-3000042558,habitation,24-06-2026,24-06-2027,actif,1288.93,annuelle,prélèvement,AG-QC-001,14-06-2026,29-08-2026,,,
quebec,QC-0004-2846,Mme,Anne,Desjardins,12-10-2005,F,fr,1604,terrasse,des Hirondelles,Est,,Terrebonne,QC,Québec,J6W 2G5,CA,desjardins966@outlook.example,+1-263-555-0136,CTR-3000042846,habitation,02-07-2024,30-03-2027,actif,1665.48,trimestrielle,carte,AG-QC-001,11-06-2024,07-04-2025,,,
quebec,QC-0004-2859,M.,André,Côté,17-08-1956,M,fr,5424,autoroute,du Boisé,Nord,848,Hamilton,ON,Ontario,L8S 0Z5,CA,andre926@icloud.example,+1-519-555-0158,CTR-3000042859,auto,30-06-2020,30-03-2027,actif,662.19,mensuelle,carte,AG-QC-004,29-06-2020,14-04-2023,,,
quebec,QC-0004-2939,M.,Matthew,Stewart,07-04-1989,M,en,2458,Road,Clearwater,,,Montréal,QC,Québec,H2X 7P2,CA,matthewstewart@gmail.example,+1-581-555-0113,CTR-3000042939,auto,28-04-2020,25-04-2027,actif,1942.84,mensuelle,prélèvement,AG-QC-005,13-04-2020,06-05-2024,,,
quebec,QC-0004-3174,Mme,Isabelle,Kim,27-01-2007,F,fr,2446,boulevard,des Bouleaux,,,Toronto,ON,Ontario,M4W  3E8,CA,kim6663@gmail.example,+1-613-555-0197,CTR-3000043174,vie,21-04-2025,28-01-2027,actif,2002.79,mensuelle,prélèvement,AG-QC-001,11-04-2025,12-07-2026,,,
quebec,QC-0004-3202,Mme,Jade,Caron,16-12-1997,F,fr,8062,rang,de la Rivière,Ouest,69,Saint-Jean-sur-Richelieu,QC,Québec,J3A 4V6,CA,jadecaron@bell.example,+1-263-555-0144,CTR-3000043202,auto,12-07-2018,27-06-2027,actif,760.41,annuelle,prélèvement,AG-QC-001,30-06-2018,16-08-2021,,,
quebec,QC-0004-3638,Mme,Mélanie,Gagné,01-05-2004,F,fr,5758,impasse,du Domaine,,204,Drummondville,QC,Québec,J2E 1Z6,CA,melanie2647@videotron.example,+1-514-555-0132,CTR-3000043638,voyage,04-03-2024,,suspendu,741.89,semestrielle,carte,AG-QC-005,13-02-2024,28-09-2024,,,
quebec,QC-0004-3883,M.,Gabriel,Ouellet,14-12-1952,M,fr,9434,rue,du Boisé,,,Montréal,QC,Québec,H3G 5Y2,CA,ouellet.gabriel@gmail.example,+1-514-555-0121,CTR-3000043883,habitation,11-07-2024,,suspendu,2491.49,mensuelle,carte,AG-QC-002,17-06-2024,18-09-2024,,,
quebec,QC-0004-4011,Mme,Audrey,Leblanc,11-06-1954,F,fr,4612,route,du Rocher,Ouest,649,Rouyn-Noranda,QC,Québec,J9X 3X3,CA,aud7506@gmail.example,+1-579-555-0144,CTR-3000044011,auto,12-09-2024,,actif,1083.19,mensuelle,carte,AG-QC-003,04-09-2024,23-07-2026,,,
quebec,QC-0004-4174,Mme,Élise,Plante,14-12-1980,F,fr,8480,côte,des Ormes,,,Châteauguay,QC,Québec,J6K 5J9,CA,elise_plante@hotmail.example,+1-418-555-0147,CTR-3000044174,habitation,05-07-2023,19-10-2026,actif,2850.74,mensuelle,carte,AG-QC-001,30-06-2023,02-03-2026,,,
quebec,QC-0004-4440,M.,André,Poulin,18-07-1965,M,fr,2254,rue,des Bouleaux,,,Québec,QC,Québec,G1V 9M0,CA,andre-poulin@yahoo.example,+1-450-555-0173,CTR-3000044440,auto,24-05-2020,19-12-2026,actif,1397.12,annuelle,prélèvement,AG-QC-003,02-05-2020,29-06-2023,,,
quebec,QC-0004-4570,M.,Stéphane,Tremblay,12-05-1969,M,fr,3256,côte,de l'Aube,,624,Léviss,QC,Québec,G6W 6K8,CA,st742@gmail.example,+1-819-555-0118,CTR-3000044570,auto,09-08-2019,16-07-2027,actif,357.39,annuelle,chèque,AG-QC-003,06-08-2019,31-01-2022,,,
quebec,QC-0004-4641,M.,Daniel,Leblanc,03-06-1938,M,fr,6427,chemin,de l'Aube,Est,81,Longueuil,QC,Québec,J4H 2V0,CA,dan51@gmail.example,+1-819-555-0134,CTR-3000044641,habitation,23-09-2017,12-07-2027,suspendu,3211.44,mensuelle,prélèvement,AG-QC-003,13-09-2017,27-08-2018,,,
quebec,QC-0004-5214,M.,James,Scott,15-11-2000,M,en,438,Street,Garden,,,Moncton,NB,Nouveau-Brunswick,E1A 4H3,CA,scott80@hotmail.example,+1-506-555-0183,CTR-3000045214,auto,28-08-2022,10/02/2027,actif,1753.72,mensuelle,prélèvement,AG-QC-005,31-07-2022,26-03-2025,,,
quebec,QC-0004-5232,M.,Alexander,King,02-06-1973,M,en,233,Highway,Maple,,,Lévis,QC,Québec,G6W 8M6,CA,king18@gmail.example,+1-418-555-0136,CTR-3000045232,auto,18-06-2022,08-01-2027,actif,868.22,mensuelle,virement,AG-QC-005,30-05-2022,03-01-2023,,,
quebec,QC-0004-5250,Mme,Ollivia,Smith,15-09-1938,F,en,9497,Parkway,Harbour,,,Dollard-des-Ormeaux,ON,Ontario,J4W 5A0,CA,olivia16@gmail.example,+1-873-555-0100,CTR-3000045250,auto,09-09-2022,10-07-2027,actif,666.38,mensuelle,chèque,AG-QC-001,22-08-2022,13-02-2023,,,
quebec,QC-0004-5274,M.,Alain,Li,02-03-1983,M,fr,368,avenue,des Pionniers,,,Québec,QC,Québec,G1V 4S2,CA,alain90@icloud.example,+1-450-555-0163,CTR-3000045274,voyage,27-04-2019,09-11-2026,actif,249.69,mensuelle,carte,AG-QC-001,12-04-2019,24-07-2023,,,
quebec,QC-0004-5439,M.,André,Wong,02-05-1997,M,fr,8363,croissant,des Cèdres,,,Châteauguay,QC,Québec,J6J 1L5,CA,wong.andre@yahoo.example,+1-819-555-0133,CTR-3000045439,auto,31-07-2020,,actif,724.08,mensuelle,prélèvement,AG-QC-004,31-07-2020,13-01-2023,,,
quebec,QC-0004-5453,Mme,Willow,Hall,03-11-1960,F,en,7183,Road,Parkside,,724,Saint-Jean-sur-Richelieu,QC,Québec,J3A 2Y4,CA,willow53@icloud.example,+1-873-555-0139,CTR-3000045453,habitation,22-06-2022,17-02-2027,actif,1374.52,mensuelle,prélèvement,AG-QC-001,10-06-2022,13-06-2023,,,
quebec,QC-0004-5718,M.,Éric,Martel,12-06-1952,M,fr,5715,promenade,des Champs,,,Montréal,QC,Québec,H2X 9L2,CA,martel60@gmail.example,+1-581-555-0178,CTR-3000045718,auto,07-03-2021,07-03-2027,actif,1029.34,semestrielle,prélèvement,AG-QC-006,03-03-2021,31-10-2024,29-06-2026,9810.85,rejeté
quebec,QC-0004-6033,Mme,Marie,Hébert,14-06-1968,F,fr,5234,rue,des Pins,,533,Trois-Rivières,QC,Québec,G8Z 7W2,CA,marie768@outlook.example,+1-418-555-0169,CTR-3000046033,auto,11-05-2020,24-02-2027,actif,474.53,mensuelle,prélèvement,AG-QC-005,28-04-2020,29-06-2023,,,
quebec,QC-0004-6158,Mme,Marie-Claude,Roy,20-03-1949,F,fr,5652,rue,des Pionniers,,,Longueuil,QC,Québec,J4K 7W5,CA,mar5493@gmail.example,+1-819-555-0163,CTR-3000046158,auto,05-05-2021,21-02-2023,expiré,1602.25,trimestrielle,carte,AG-QC-006,19-04-2021,31-08-2023,,,
quebec,QC-0004-6464,M.,Pierre-Luc,Chowdhury,20-08-1952,M,fr,7275,chemin,du Parc,,,Gatineau,QC,Québec,J8X 1J4,CA,pierreluc_chowdhury@gmail.example,+1-418-555-0130,CTR-3000046464,habitation,15-01-2020,25-06-2027,actif,1960.29,mensuelle,virement,AG-QC-001,13-01-2020,03-07-2020,,,
quebec,QC-0004-6496,M.,Samuel,Lapointe,24-01-1950,M,fr,6070,boulevard,du Domaine,,,Trois-Rivières,QC,Québec,G8Z 3G5,CA,samuel_lapointe@gmail.example,+1-438-555-0100,CTR-3000046496,auto,01-10-2022,14-06-2027,actif,541.78,mensuelle,prélèvement,AG-QC-005,04-09-2022,04-03-2023,13-10-2022,6671.19,fermé
quebec,QC-0004-6498,M.,Jacob,Fernandes,26-09-1956,M,fr,3401,chemin,du Lac,,,Rimouski,QC,Québec,G5L 6L8,CA,jfernandes@outlook.example,+1-819-555-0172,CTR-3000046498,habitation,27/01/2025,27/01/2025,actif,850.94,mensuelle,prélèvement,AG-QC-002,14-01-2025,25-04-2025,,,
quebec,QC-0004-6527,M.,Gabriel,Caron,03-04-2001,M,fr,9415,rue,ddu Havre,,259,Québec,QC,Québec,G1V 5Z6,CA,gabriel63@gmail.example,+1-450-555-0116,CTR-3000046527,auto,11-06-2023,22-05-2026,expiré,918.17,semestrielle,virement,AG-QC-005,16-05-2023,18-07-2026,,,
quebec,QC-0004-6776,Mme,Mila,Brown,05-12-1981,F,en,63,Avenue,Bluebird,West,573,La Tuque,QC,Québec,G9X 6B9,CA,mil46@icloud.example,+1-438-555-0186,CTR-3000046776,habitation,16-10-2016,06-01-2027,actif,604.16,mensuelle,prélèvement,AG-QC-001,04-10-2016,11-12-2018,,,
quebec,QC-0004-6840,Mme,Béatrice,Fortin,05-06-2001,F,fr,8427,boulevard,de la Rivière,,,Montréal,QC,Québec,H4A 9R4,CA,fortin6502@outlook.example,+1-819-555-0113,CTR-3000046840,habitation,10-05-2024,09-12-2026,actif,2285.45,mensuelle,prélèvement,AG-QC-002,28-04-2024,19-09-2024,,,
quebec,QC-0004-6857,M.,Éric,Paquette,03-02-1943,M,fr,4509,rue,du Moulin,Est,,Drummondville,QC,Québec,J2C 5L5,CA,eric368@hotmail.example,+1-514-555-0154,CTR-3000046857,voyage,09-09-2024,08-04-2027,actif,272.51,mensuelle,prélèvement,AG-QC-003,09-09-2024,17-04-2025,,,
quebec,QC--0004-6866,M.,Martin,Gagné,25-03-2000,M,fr,7964,autoroute,e la Rivière,Nord,,Terrebonne,QC,Québec,J6W 6H3,CA,martin063@hotmail.example,+1-418-555-0101,CTR-3000046866,habitation,26-11-2019,09-05-2020,expiré,1854.45,mensuelle,prélèvement,AG-QC-006,22-11-2019,23-07-2022,,,fermé
quebec,QC-0004-7043,Mme,Amelia,Chen,15-08-1955,F,en,8061,Place,Birch,East,62,Edmonton,AB,Alberta,T5J 8V9,CA,amelia5952@outlook.example,+1-780-555-0122,CTR-3000047043,habitation,17-01-2020,27-11-2026,actif,1255.83,semestrielle,virement,AG-QC-001,23-12-2019,01-09-2023,,,
quebec,QC-0004-7044,M.,Martin,Landry,06-01-2006,M,fr,5731,carré,du Ruisseau,Sud,,Rivière-du-Loup,QC,Québec,G5R 0E9,CA,landry834@hotmail.example,+1-819-555-0158,CTR-3000047044,auto,10-07-2026,26-08-2027,actif,425.29,annuelle,prélèvement,AG-QC-001,27-06-2026,08-07-2026,,,
quebec,QC-0004-7088,Mme,Zoé,Lavoie,25-05-1950,F,fr,4363,allée,du Plateau,,,Granby,QC,Québec,J2J 8K1,CA,zoelavoie@outlook.example,+1-438-555-0117,CTR-3000047088,auto,18-02-2026,09-07-2027,actif,2189.33,mensuelle,virement,AG-QC-003,30-01-2026,03-09-2026,,,
quebec,QC-0004-7280,M.,Sebastian,Baker,12-03-1949,M,en,9337,Avenue,Mountainview,,887,Vancouver,BC,Colombie-Britannique,V6B 0B2,CA,sebastian_baker@outlook.example,+1-778-555-0194,CTR-3000047280,auto,02-08-2020,28-07-2027,actif,314.60,mensuelle,prélèvement,AG-QC-005,02-08-2020,15-10-2020,,,
quebec,QC-0004-7301,M.,Oliver,Walker,17-05-1944,M,en,1195,Way,Station,South,,Edmonton,AB,Alberta,T5J 8Y9,CA,oli421@gmail.example,+1-403-555-0171,CTR-3000047301,habitation,01-01-2021,27-07-2027,actif,595.41,mensuelle,carte,AG-QC-001,26-12-2020,25-04-2021,,,
quebec,QC-0004-7451,M.,Stéphane,Leblanc,18-11-1975,M,fr,715,avenue,de la Rivière,,395,Lévis,QC,Québec,G6W 5L4,CA,ste373@gmail.example,+1-514-555-0173,CTR-3000047451,auto,04-06-2022,18-10-2026,actif,989.64,trimestrielle,virement,AG-QC-002,20-05-2022,17-03-2024,27-10-2024,26388.96,ouvert
quebec,QC-0004-7659,M.,Samuel,Grenier,21-08-1953,M,fr,5096,route,du Domaine,,,Laval,QC,Québec,H7N 5C8,CA,samuelgrenier@outlook.example,+1-263-555-0190,CTR-3000047659,auto,26-02-2017,,actif,524.34,trimestrielle,carte,AG-QC-001,23-02-2017,29-01-2022,,,
quebec,QC-0004-7731,M.,Alexis,Gagnon,29-04-1950,M,fr,7526,chemin,de la Colline,,888,Montréal,QC,Québec,H4A 8Y5,CA,ale89@outlook.example,+1-438-555-0101,CTR-3000047731,habitation,09-11-2019,21-02-2027,actif,802.48,mensuelle,carte,AG-QC-005,28-10-2019,05-07-2023,02-03-2022,20276.00,fermé
quebec,QC-0004-7747,M.,Philippe,Martinez,11-05-1969,M,fr,6244,avenue,du Moulin,,,Beloeil,QC,Québec,J3G 4S2,CA,philippe500@yahoo.example,+1-819-555-0138,CTR-3000047747,vie,03-07-2026,18-10-2026,actif,574.69,mensuelle,carte,AG-QC-003,12-06-2026,16-09-2026,,,
quebec,QC-0004-7755,Mme,Véronique,Martel,23-05-1962,F,fr,1245,impasse,des Laurentides,,746,Montréal,QC,Québec,H4A 7P6,CA,ver4133@hotmail.example,+1-819-555-0130,CTR-3000047755,auto,14-03-2026,07-08-2027,actif,1187.32,annuelle,prélèvement,AG-QC-001,10-03-2026,22-04-2026,,,
quebec,QC-0004-7934,M.,Marc,Gagné,05-02-1946,M,fr,2492,avenue,des Laurentides,,,Granby,QC,Québec,J2J 2K2,CA,gagne.marc@gmail.example,+1-418-555-0102,CTR-3000047934,voyage,10-12-2025,23-10-2026,actif,577.10,annuelle,virement,AG-QC-002,24-11-2025,01-03-2026,,,
quebec,QC-0004-7985,M.,Julian,Li,24-08-1969,M,en,2805,Avenue,Station,,,Victoriaville,QC,Québec,G6S 0A3,CA,julian17@gmail.example,+1-354-555-0197,CTR-3000047985,vie,10-01-2020,26-06-2027,actif,1442.59,annuelle,prélèvement,AG-QC-003,27-12-2019,18-11-2024,,,
quebec,QC-0004-8079,Mme,Hazel,Lewis,18-04-2000,F,en,2204,Road,Birch,,675,London,ON,Ontario,N6A 7G6,CA,hl14@outlook.example,+1-289-555-0180,CTR-3000048079,habitation,15-07-2021,10-07-2027,actif,1214.53,mensuelle,prélèvement,AG-QC-001,30-06-2021,01-09-2024,20-04-2022,129935.17,fermé
quebec,QC-0004-8140,M.,Serge,Fortin,24-08-1956,M,fr,360,rue,du Sentier,Ouest,,Blainville,QC,Québec,J7C 7Z5,CA,serge-fortin@gmail.example,+1-819-555-0107,CTR-3000048140,auto,08-03-2025,,actif,1324.32,trimestrielle,chèque,AG-QC-001,12-02-2025,27-04-2025,16-09-2025,16765.67,en_cours
quebec,QC-0004-8255,M.,Nicolas,Leclerc,01-11-1983,M,fr,6163,avenue,du Vieux-Pont,,710,Trois-Rivières,QC,Québec,G9A 9P6,CA,nl9726@hotmail.example,+1-367-555-0182,CTR-3000048255,voyage,05-05-2024,31-10-2026,actif,159.43,mensuelle,prélèvement,AG-QC-002,25-04-2024,19-04-2026,,,
quebec,QC-0004-8317,Mme,Audrey,Rahman,14-09-2005,F,fr,3189,rang,des Érables,,522,Rimouski,QC,Québec,G5L 3C4,CA,aud18@gmail.example,+1-438-555-0191,CTR-3000048317,auto,22-06-2025,,actif,406.38,mensuelle,carte,AG-QC-002,30-05-2025,30-04-2026,11-11-2025,12975.29,en_cours
quebec,QC-0004-8483,M.,Philippe,Lévesque,27-04-1953,M,fr,3239,rang,de la Clairière,,,Québec,QC,Québec,G1V 9Z5,CA,philippe-levesque@icloud.example,+1-514-555-0187,CTR-3000048483,auto,08-06-2018,22-12-2026,actif,1466.38,trimestrielle,prélèvement,AG-QC-005,19-05-2018,30-10-2021,,,
quebec,QC-0004-8568,Mme,Rosalie,Parent,16-05-1964,F,fr,6109,boulevard,du Lac,,,Terrebonne,QC,Québec,J6W 8T0,CA,parent7201@outlook.example,+1  581-555-0148,CTR-3000048568,voyage,16-05-2022,24-02-2023,expiré,312.15,semestrielle,carte,AG-QC-004,10-05-2022,08-09-2025,,,
quebec,QC-0004-8624,M.,Claude,Chen,29-04-1947,M,fr,8606,route,des Pins,,,Repentigny,QC,Québec,J6A 9Y1,CA,claude860@proton.example,+1-263-555-0144,CTR-3000048624,habitation,28-12-2023,26-05-2025,expiré,1570.21,mensuelle,prélèvement,AG-QC-002,28-12-2023,12-09-2025,,,
quebec,QC-0004-8628,Mme,Suzanne,Lavoie,24-01-1962,F,fr,5694,avenue,du Belvédère,Nord,,Mascouche,QC,Québec,J7K 6C1,CA,lavoie4974@icloud.example,+1-819-555-0140,CTR-3000048628,auto,08-06-2026,11-02-2027,actif,1040.44,mensuelle,carte,AG-QC-003,27-05-2026,09-07-2026,,,
quebec,QC-0004-8647,M.,Claude,Bélanger,09-01-1956,M,fr,7561,rue,de la Clairière,,369,Salaberry-de-Valleyfield,QC,Québec,J6T 4B9,CA,claude-belanger@yahoo.example,+1-581-555-0156,CTR-3000048647,auto,01-07-2019,04-08-2027,actif,534.26,mensuelle,prélèvement,AG-QC-001,15-06-2019,22-05-2026,26-06-2024,22074.51,ouvert
quebec,QC-0004-8682,Mme,Eleanor,Gauthier,10-12-1980,F,en,5449,Parkway,Birch,North,359,Mississauga,ON,Ontario,L5B 9R9,CA,eleanorgauthier@gmail.example,+1-905-555-0174,CTR-3000048682,auto,05-01-2024,,actif,1167.76,annuelle,carte,AG-QC-001,29-12-2023,15-01-2024,,,
quebec,QC-0004-8991,M.,Jean,Gatuhier,17-04-1965,M,fr,1105,allée,du Havre,,,Joliette,QC,Québec,J6E 7L1,CA,jean.gauthier@rogers.example,+1-514-555-0149,CTR-3000048991,auto,05-12-2024,26-02-2027,actif,1863.83,mensuelle,virement,AG-QC-001,05-11-2024,27-06-2025,,,
quebec,QC-0004-9092,M.,William,Roy,07-12-1967,M,fr,1771,avenue,des Lilas,,,Québec,QC,Québec,G2B 2V2,CA,wil99@proton.example,+1-418-555-0133,CTR-3000049092,auto,15-02-2022,18-12-2026,actif,1333.26,mensuelle,prélèvement,AG-QC-001,28-01-2022,18-08-2023,,,
quebec,QC-0004-9318,Mme,Willow,Anderson,21-11-1979,F,en,7051,Avenue,Westwood,South,,Châteauguay,QC,Québec,J6J 0Z9,CA,willow3310@gmail.example,+1-514-555-0155,CTR-3000049318,habitation,13-08-2022,,actif,2529.06,annuelle,prélèvement,AG-QC-002,12-08-2022,02-01-2026,,,
quebec,QC-0004-9339,M.,Alexis,Leclerc,17-12-1968,M,fr,4984,avenue,des Cèdres,,577,Dollard-des-Ormeaux,QC,Québec,H9B 1L5,CA,alexis.leclerc@videotron.example,+1-450-555-0193,CTR-3000049339,vie,18-05-2018,29-01-2027,actif,1094.54,mensuelle,chèque,AG-QC-005,16-05-2018,15-09-2026,,,
quebec,QC-0004-9483,M.,Alain,Tremblay,14-01-1983,M,fr,5904,rang,de la Falaise,,246,Magog,QC,Québec,J1X 5N2,CA,alain5263@outlook.example,+1-579-555-0137,CTR-3000049483,voyage,22-06-2022,26-07-2027,actif,457.90,mensuelle,prélèvement,AG-QC-001,09-06-2022,20-09-2023,,,
quebec,QC-0004-9582,Mme,Élis  e,Sato,19-09-1951,F,fr,9143,carré,du Versant,Nord,27,Montréal,QC,Québec,H2X 4Y6,CA,elise91@gmail.example,+1-514-555-0130,CTR-3000049582,habitation,28-07-2018,09-05-2027,actif,546.63,mensuelle,prélèvement,AG-QC-001,12-07-2018,13-01-2024,,,
quebec,QC-0004-9671,M.,Simon,Fournier,22-12-1997,M,fr,5688,rue,de la Rivièrre,Nord,261,Gatineau,QC,Québec,J9A 3H2,CA,simon-fournier@gmail.example,+1-873-555-0165,CTR-3000049671,voyage,10-05-2025,01-04-2027,actif,355.36,mensuelle,chèque,AG-QC-001,20-04-2025,17-07-2026,,,
quebec,QC-0004-9698,Mme,Anne,Gauthier,20-09-1967,F,fr,4516,rang,de la Pinède,,,Sherbrooke,QC,Québec,J1H 6Z0,CA,ag668@gmail.example,+1-418-555-0150,CTR-3000049698,auto,27-06-2017,,actif,388.59,trimestrielle,prélèvement,AG-QC-002,08-06-2017,18-08-2021,,,
quebec,QC-0004-9731,M.,Pierre,Gagné,01-10-1976,M,fr,2280,route,du Moulin,,,Shawinigan,QC,Québec,G9N 6H7,CA,pgagne@proton.example,+1-579-555-0129,CTR-3000049731,auto,06-08-2025,26-04-2027,suspendu,266.01,mensuelle,carte,AG-QC-001,11-07-2025,05-04-2026,28-01-2026,10654.50,fermé
quebec,QC-0004-9871,Mme,Sophie,Morin,01-10-1949,F,fr,5013,avenue,du Parc,,,Gatineau,QC,Québec,J8Y 1Z0,CA,sop523@gmail.example,+1-514-555-0133,CTR-3000049871,auto,25-04-2026,05-05-2026,résilié,1971.55,mensuelle,virement,AG-QC-005,14-04-2026,15-04-2026,,,
